{
  "SaveName": "9th Edition 44x30 Map Border",
  "GameMode": "warhammer 40k",
  "Date": "7/27/2020 10:32:52 PM",
  "Gravity": 0.5000001,
  "PlayArea": 1.0,
  "GameType": "Map",
  "GameComplexity": "",
  "PlayingTime": [
    0,
    0
  ],
  "PlayerCounts": [
    0,
    0
  ],
  "Tags": [
    "patrol",
    "incursion",
    "500 points",
    "1000 points",
    "Wargames",
    "Strategy Games",
    "Miniature Games",
    "User Interfaces",
    "9th edition"
  ],
  "Table": "Table_None",
  "Sky": "Sky_Sunset",
  "SkyURL": "https://static-cdn.jtvnw.net/jtv_user_pictures/e91a3dcf-c15a-441a-b369-996922364cdc-profile_image-300x300.png",
  "Note": "",
  "Rules": "",
  "MusicPlayer": {
    "RepeatSong": true,
    "PlaylistEntry": -1,
    "CurrentAudioTitle": "Ultramarines Chant",
    "CurrentAudioURL": "http://cloud-3.steamusercontent.com/ugc/773976977327440295/17C1CAA1F70F178395E93C05E55946061E695598/",
    "AudioLibrary": [
      {
        "Item1": "http://cloud-3.steamusercontent.com/ugc/773976977327440295/17C1CAA1F70F178395E93C05E55946061E695598/",
        "Item2": "Ultramarines Chant"
      }
    ]
  },
  "Grid": {
    "Type": 0,
    "Lines": false,
    "Color": {
      "r": 0.0,
      "g": 0.0,
      "b": 0.0
    },
    "Opacity": 0.75,
    "ThickLines": true,
    "Snapping": false,
    "Offset": false,
    "BothSnapping": false,
    "xSize": 0.5,
    "ySize": 0.5,
    "PosOffset": {
      "x": 0.0,
      "y": 1.0,
      "z": 0.0
    }
  },
  "Lighting": {
    "LightIntensity": 0.54,
    "LightColor": {
      "r": 1.0,
      "g": 0.9804,
      "b": 0.8902
    },
    "AmbientIntensity": 1.3,
    "AmbientType": 0,
    "AmbientSkyColor": {
      "r": 0.5,
      "g": 0.5,
      "b": 0.5
    },
    "AmbientEquatorColor": {
      "r": 0.5,
      "g": 0.5,
      "b": 0.5
    },
    "AmbientGroundColor": {
      "r": 0.5,
      "g": 0.5,
      "b": 0.5
    },
    "ReflectionIntensity": 1.0,
    "LutIndex": 0,
    "LutContribution": 1.0
  },
  "Hands": {
    "Enable": true,
    "DisableUnused": true,
    "Hiding": 0,
    "HandTransforms": [
      {
        "Color": "Red",
        "Transform": {
          "posX": 0.0,
          "posY": 1.00000048,
          "posZ": 46.0,
          "rotX": 0.0,
          "rotY": 180.0,
          "rotZ": 0.0,
          "scaleX": 38.135006,
          "scaleY": 9.077269,
          "scaleZ": 7.8216
        }
      },
      {
        "Color": "Blue",
        "Transform": {
          "posX": -1.07731394E-05,
          "posY": 1.00000048,
          "posZ": -46.0,
          "rotX": 0.0,
          "rotY": -4.00605277E-05,
          "rotZ": 0.0,
          "scaleX": 38.135006,
          "scaleY": 9.077269,
          "scaleZ": 7.8216
        }
      },
      {
        "Color": "Teal",
        "Transform": {
          "posX": -40.0,
          "posY": 1.49999976,
          "posZ": -88.0,
          "rotX": 0.0,
          "rotY": 0.0,
          "rotZ": 0.0,
          "scaleX": 1.315,
          "scaleY": 1.29675269,
          "scaleZ": 1.3036015
        }
      },
      {
        "Color": "Purple",
        "Transform": {
          "posX": -30.0000038,
          "posY": 1.49999976,
          "posZ": -88.0,
          "rotX": 0.0,
          "rotY": 0.0,
          "rotZ": 0.0,
          "scaleX": 1.31500161,
          "scaleY": 1.29675269,
          "scaleZ": 1.303601
        }
      },
      {
        "Color": "Orange",
        "Transform": {
          "posX": -30.0000038,
          "posY": 1.55,
          "posZ": 88.0,
          "rotX": 0.0,
          "rotY": 180.0,
          "rotZ": 0.0,
          "scaleX": 1.315005,
          "scaleY": 1.29675269,
          "scaleZ": 1.30359983
        }
      },
      {
        "Color": "Yellow",
        "Transform": {
          "posX": -40.0,
          "posY": 1.49999976,
          "posZ": 88.0,
          "rotX": 0.0,
          "rotY": 180.0,
          "rotZ": 0.0,
          "scaleX": 1.315,
          "scaleY": 1.29675269,
          "scaleZ": 1.30359983
        }
      }
    ]
  },
  "Turns": {
    "Enable": false,
    "Type": 1,
    "TurnOrder": [
      "Red",
      "Blue"
    ],
    "Reverse": false,
    "SkipEmpty": false,
    "DisableInteractions": false,
    "PassTurns": true,
    "TurnColor": ""
  },
  "TabStates": {
    "0": {
      "title": "Instructions",
      "body": "INSTRUCTIONS AND IMPROVEMENTS\r\n\r\nThe battle mat is a modified \"Flex Table\" (by MrStump) with fixed dimensions. You can change the background of the mat by clicking on the white button on one of the legs and paste the URL of the image.\r\n\nYou can store URLs in memory by adding them individually so you can recall them easily if you want to make a local version with stored images.\r\nAn improvement in version 2 is that you now only need to provide the image of the battle mat itself, you don’t need to edit a massive image containing the felt part. For best results, use an image with the correct ratio!\n\nObjective markers have a 3\" sphere state so you can easily check range. The number of the objective is shown even in that state, by clicking on the button it will go back to state one. The tokens also have a generic back for hidden objectives, you can switch to the sphere mode too but in that case no number will be displayed.\n \nTo roll dice simply drop them into the small cardboard box, it will roll them and place them in order on the rolling mat.\nThe rolling mat will display the results along with the total dice rolled.\r\nUse the description of the small box to change your preferences and the behavior of the tool.\n\nYou can find a set of useful generic tokens at the head of the table, copy them and use them as you see fit.\n\nThe counters are self explanatory, the players turn and the game turn ones are automatic, you don't need to update the manually. The victory ones will reflect the value of the ITC Score sheet if you use it.\n\nAdded infinite bags of 9 color dice.\r\n\r\nWhen loading a save file of a started game, the players will be automatically placed in the seats they had when started to play.\n\r\n\r\n\nSETTING UP THE GAME\r\n\r\nWhen loading or connecting choose your seat in the shown menu.\r\n\r\nAdditive load a terrain save file for BCB Gaming Template v2.0 or above, the map and the mat background will be placed. Confirm it or remove if you want to change with another map.\r\nYou can make those save files with the BCB Terrain  Generator v2.0 or above.\r\nYou can find the BCB Terrain Generator on the workshop.\r\n\r\nEach player then can spawn his or her own Objective Deck, Psychic Power Deck and Special Token Bag by clicking the button on the relative area and choosing from the menu. You can change it multiple times and when you are done confirm each item.\r\nThe Tactical Objective cards should snap in position and rotation onto the \"Discard\" slot. The hands are in the middle so you can draw cards from deck easily.\r\n\r\nYou can then import your army. If you import one made with the BCB Army Builder v2.0 or above \r(also on the workshop) just additive load the save file and use the buttons to place the army on your side or remove it if you want to change it. Make sure that nobody loads a new army until the previous one is placed or deleted to prevent physics spaz.\r\n\r\nUse the menu on the top of the gaming mat to place the chosen deployment areas and if needed the ITC Objectives for the chosen Scenario.\r\n\r\nSTARTING THE GAME\r\n\r\nDeploy the armies as per the rules for the mission you are playing..\r\n\r\nSelect the starting player with the toggle button and when you are ready start the game with the relative button. Turns will be automatically enabled in the chosen order.\r\n\r\nDuring game you can recall the selected deployment zones and the range checkers by clicking on the relative buttons placed near the top of battle mat.\r\n\r\nAt the start of the 6th and 7th turn you will receive a warning for checking if the game ends or not. Make your choice with the buttons that will spawn around the turn counter.  At the start of 8th turn you will be notified that the game is over.\r\n\r\nYou can save and load your game at any point of the game or setup. In case of bugs simply let BaconCatBug or [BCS]Phubar know and it will be dealt with as soon as possible.\r\n\r\n",
      "color": "Grey",
      "visibleColor": {
        "r": 0.5,
        "g": 0.5,
        "b": 0.5
      },
      "id": 0
    },
    "1": {
      "title": "Credits",
      "body": "*******************Credits*******************\nFlex Table (id: 1169112551)\n\nKustom 40k Dice Roller\r by BaconCatBug (id: 959360907)\n\nTactical Objective Decks by GenWilhelm and BaconCatBug (id: 950253690)\n\nTokens by Malice of the Reddit 40k TTS Discord http://discord.gg/XkBbs5M\n(id: 1364449509) \n\nMemory Bag 2.0 by MrStump (id: 953770080)\n\nWargame Rulers by D6 (id: 1255723994)\n\nCamera pack by ThatRobHuman ",
      "color": "Grey",
      "visibleColor": {
        "r": 0.5,
        "g": 0.5,
        "b": 0.5
      },
      "id": 1
    }
  },
  "CameraStates": [
    {
      "Position": {
        "x": 0.0,
        "y": -2.5,
        "z": 0.0
      },
      "Rotation": {
        "x": 68.66523,
        "y": 89.79735,
        "z": 0.0
      },
      "Distance": 84.375,
      "Zoomed": false,
      "AbsolutePosition": {
        "x": -30.6968441,
        "y": 76.0928345,
        "z": -0.108571634
      }
    },
    null,
    null,
    null,
    null,
    null,
    null,
    null,
    null,
    null
  ],
  "DecalPallet": [],
  "ObjectStates": [
    {
      "Name": "Custom_Model",
      "Transform": {
        "posX": 0.120426774,
        "posY": -9.172682,
        "posZ": -0.05933678,
        "rotX": 0.0,
        "rotY": 0.0,
        "rotZ": 0.0,
        "scaleX": 1.24,
        "scaleY": 1.0,
        "scaleZ": 0.85
      },
      "Nickname": "",
      "Description": "",
      "GMNotes": "",
      "ColorDiffuse": {
        "r": 1.0,
        "g": 1.0,
        "b": 1.0
      },
      "Locked": true,
      "Grid": true,
      "Snap": true,
      "IgnoreFoW": false,
      "MeasureMovement": false,
      "DragSelectable": true,
      "Autoraise": true,
      "Sticky": true,
      "Tooltip": true,
      "GridProjection": false,
      "HideWhenFaceDown": false,
      "Hands": false,
      "CustomMesh": {
        "MeshURL": "http://cloud-3.steamusercontent.com/ugc/879750610978796176/4A5A65543B98BCFBF57E910D06EC984208223D38/",
        "DiffuseURL": "http://cloud-3.steamusercontent.com/ugc/1484451058819469120/7C4DE56B58C27F4B327BEE87D2A4CCF575D7C069/",
        "NormalURL": "",
        "ColliderURL": "http://cloud-3.steamusercontent.com/ugc/1484451058819641201/20634FA71FA2BCD7A5877766D9CAC3CB7591759F/",
        "Convex": true,
        "MaterialIndex": 3,
        "TypeIndex": 4,
        "CustomShader": {
          "SpecularColor": {
            "r": 1.0,
            "g": 1.0,
            "b": 1.0
          },
          "SpecularIntensity": 0.0,
          "SpecularSharpness": 2.0,
          "FresnelStrength": 0.0
        },
        "CastShadows": true
      },
      "LuaScript": "",
      "LuaScriptState": "",
      "XmlUI": "",
      "GUID": "8e00a6"
    },
    {
      "Name": "Notecard",
      "Transform": {
        "posX": -41.33115,
        "posY": 1.31230438,
        "posZ": -0.30169633,
        "rotX": -2.44869426E-07,
        "rotY": 90.00515,
        "rotZ": -2.29340671E-07,
        "scaleX": 1.94999933,
        "scaleY": 1.94999933,
        "scaleZ": 1.94999933
      },
      "Nickname": "Quick tool to use 8th edition map in 9th",
      "Description": "\nThe area INSIDE the white line is the legal space for the new 9th edition map size you choose\n\nLoad whatever map and ADDITIVE LOAD this workshop onto it, to remove, right click on the line and delete\n\nYou can color the line with \"color tint\" to whatever you prefer",
      "GMNotes": "",
      "ColorDiffuse": {
        "r": 1.0,
        "g": 1.0,
        "b": 1.0
      },
      "Locked": true,
      "Grid": true,
      "Snap": true,
      "IgnoreFoW": false,
      "MeasureMovement": false,
      "DragSelectable": true,
      "Autoraise": true,
      "Sticky": true,
      "Tooltip": true,
      "GridProjection": false,
      "HideWhenFaceDown": false,
      "Hands": false,
      "LuaScript": "",
      "LuaScriptState": "",
      "XmlUI": "",
      "GUID": "b95f7f"
    }
  ],
  "LuaScript": "--[[ Lua code. See documentation: https://api.tabletopsimulator.com/ --]]\n\n--[[ The onLoad event is called after the game save finishes loading. --]]\nfunction onLoad()\n    --[[ print('onLoad!') --]]\nend\n\n--[[ The onUpdate event is called once per frame. --]]\nfunction onUpdate()\n    --[[ print('onUpdate loop!') --]]\nend",
  "LuaScriptState": "{\"svredPlayerID\":\"\"}",
  "XmlUI": "<!-- Xml UI. See documentation: https://api.tabletopsimulator.com/ui/introUI/ -->\r\n<Defaults>\r\n  <Button width=\"550\" height=\"300\" fontSize=\"40\" onClick=\"\" fontStyle=\"Bold\"/>\r\n  <Text fontSize=\"100\" color=\"#000000\" fontStyle=\"Bold\"/>\r\n</Defaults>\r\n\r\n<Panel id=\"main\" active=\"false\" position=\"0 0 0\" scale=\"0.5 0.5 0.5\" offsetXY=\"0 0\" color=\"#999999\" visibility=\"Diamonds\">\r\n  <Text offsetXY=\"0 400\">CHOOSE YOUR SEAT</Text>\r\n  <Button id=\"redBtn\" offsetXY=\"-300 100\" color=\"#bb0000\"  onClick=\"placeToRed\">Red Player</Button>\r\n  <Button id=\"blueBtn\" offsetXY=\"300 100\" color=\"#0033bb\" textColor=\"#aaaaaa\" onClick=\"placeToBlue\">Blue Player</Button>\r\n  <Text fontSize=\"45\" color=\"#bb0000\" offsetXY=\"0 -100\" >USE OTHER PLAYER COLORS AT YOUR OWN RISK !</Text>\r\n  <Button id=\"greyBtn\" offsetXY=\"0 -250\"  color=\"#666666\" width=\"1150\" height=\"200\"  onClick=\"placeToGray\">Spectator</Button>\r\n  <Button id=\"closeBtn\" offsetXY=\"0 -475\"  color=\"#000000\" textColor=\"#aaaaaa\" width=\"500\" height=\"80\"  fontSize=\"30\" onClick=\"closeMenu\">CLOSE MENU</Button>\r\n</Panel>\r\n\r\n\r\n\r\n<Panel id=\"rollDice\" active=\"true\" position=\"-635 515 0\" scale=\"0.5 0.5 0.5\" offsetXY=\"0 0\" color=\"#99999900\" visibility=\"None|Hearts|Spades\">\r\n<Text fontSize=\"25\" color=\"Grey\" offsetXY=\"0 -65\" >( SELECT A MODEL FIRST )</Text>\r\n  <Button id=\"toDiceRoller\" offsetXY=\"150 0\" color=\"Black\" textColor=\"Green\" onClick=\"goToDiceRoller\" width=\"270\" height=\"90\" fontSize=\"30\"  fontStyle=\"Bold\">TO DICE ROLLER</Button>\r\n  <Button id=\"toSquad\" offsetXY=\"-150 0\" color=\"Black\" textColor=\"Red\"  onClick=\"goToSquad\"             width=\"270\" height=\"90\" fontSize=\"30\"  fontStyle=\"Bold\">BACK TO SQUAD</Button>\r\n</Panel>\r\n\r\n<Panel id=\"passTurn\" active=\"true\" position=\"525 495 0\" scale=\"0.5 0.5 0.5\" offsetXY=\"0 0\" color=\"#99999900\" visibility=\"Black\">\r\n  <Button id=\"passTurnBtn\" offsetXY=\"0 0\" color=\"Red\" textColor=\"White\" onClick=\"nextPhase\" width=\"200\" height=\"180\" fontSize=\"35\"  fontStyle=\"Bold\"></Button>\r\n  <Text id=\"passTurnTxt\" offsetXY=\"0 0\" color=\"White\" textColor=\"White\" onClick=\"nextPhase\" width=\"180\" height=\"180\" fontSize=\"35\"  fontStyle=\"Bold\">NEXT PHASE</Text>\r\n</Panel>\r\n\r\n<Panel id=\"terrainInfo1\" active=\"false\" position=\"0 0 0\" scale=\"1 1 1\" offsetXY=\"0 0\" color=\"#999999\">\r\n <Text fontSize=\"50\" offsetXY=\"0 500\">TERRAIN BUILDER INSTRUCTIONS</Text>\r\n   <Text fontSize=\"16\" fontStyle=\"Bold\">This map is made to prepare terrain for the BaconCatBug Template v2.0 or later versions but works with other templates too if the gaming mat position is 0,0,0 .\r\n\r\n\r\nPREPARING THE TERRAIN:\r\n\r\nPrepare your terrain as you like, be sure that all elements are tolally inside the gaming mat, no parts have to be outside.\r\n\r\nThe battlemat is a modified \"Flex Table\" (by MrStump) with fixed dimensions. You can change the mat background by clicking on the white button on one of the legs and paste the URL of the image.\r\nYou can store some URL in memory by adding them individually so you can recall them easily.\r\nYou dont need anymore to edit the mat image to fit the bigger dimension of the table, only the gaming area will change, not the entire table.\r\nThere are some preset mats, so you already have something to work with, but feel free to use any URL that you like.\r\n\r\nWhen the terrain and the mat are ready, press the \"EXTRACT TERRAIN\" button present in the table control menu and confirm.\r\nYou will then have a map only with the terrain features and a blue brick that is a service token used to store the URL of the mat image. This brick is invisible and not interactable but it has its own menu that will display when loading the terrain.\r\n\r\nAll outside the gaming mat will be deleted.\r\n\r\nSave then the map in another local savefile or upload it to the workshop.\r\n\r\nThe \"DELETE TERRAIN\" button deletes all but the table inside the gaming area, useful for starting from scratch.\r\n\r\nLOADING THE TERRAIN:\r\n\r\nOpen the gaming template then make an ADDITIVE LOAD of the terrain map saved or present in the workshop.\r\n\r\nThe terrain will be put on the gaming mat and the mat image will change automatically.\r\nIn case it doesnt works you can copy the URL and apply it manually using the \"Flex Table\" menu.\r\n\r\nWhen done you can erease the menu showing the saved URL by clicking the proper button. It's NOT reversible.\r\n\r\nHave fun!</Text>\r\n  <Button id=\"closeBtnT\" offsetXY=\"0 -500\"  color=\"#000000\" textColor=\"#aaaaaa\" width=\"180\" height=\"60\"  fontSize=\"30\" onClick=\"closeTerrain\">CLOSE</Button>\r\n\r\n</Panel>\r\n\r\n\r\n<Panel id=\"gameInfo1\" active=\"false\" position=\"0 0 0\" scale=\"1 1 1\" offsetXY=\"0 0\" color=\"#999999\">\r\n\r\n <Text fontSize=\"50\" offsetXY=\"0 500\">GAMING INSTRUCTIONS AND IMPROVEMENTS</Text>\r\n   <Text fontSize=\"16\" fontStyle=\"Bold\">The battle mat is a modified \"Flex Table\" (by MrStump) with fixed dimensions. You can change the background of the mat by clicking on the white button on one of the legs and paste the URL of the image.\r\n\r\n   You can store URLs in memory by adding them individually so you can recall them easily if you want to make a local version with stored images.\r\n   An improvement in version 2 is that you now only need to provide the image of the battle mat itself, you don’t need to edit a massive image containing the felt part. For best results, use an image with the correct ratio!\r\n\r\n   Objective markers have a 3\" sphere state so you can easily check range. The number of the objective is shown even in that state, by clicking on the button it will go back to state one. The tokens also have a generic back for hidden objectives, you can switch to the sphere mode too but in that case no number will be displayed.\r\n\r\n   To roll dice simply drop them into the small cardboard box, it will roll them and place them in order on the rolling mat. It supports both d6 and d12.\r\n   The rolling mat will display the results along with the total dice rolled.\r\n   Also present buttons to spawn dice of 4 colors, to grab them to roll them, to clear the mat. Near each row of dice are present buttons to delete or select dice rows, left click affects only that row, right click affects that row plus all the lower (-) . To change to upper (+) selection click on the \" - / + \" button, the change is for the next click only.\r\n   Use the description of the small box to change your preferences and the behavior of the tool.\r\n\r\n   You can find a set of useful generic tokens at the head of the table, copy them and use them as you see fit.\r\n\r\n   The counters are self explanatory, the players turn and the game turn ones are automatic, you don't need to update the manually. The victory ones will reflect the value of the ITC Score sheet if you use it.\r\n\r\n   Added infinite bags of d3, d6 and d12.\r\n\r\n   When loading a save file of a started game, the players will be automatically placed in the seats they had when started to play.\r\n\r\n   The action cameras are for fun only, you can see what a mini see!\r\n\r\n\r\n   SETTING UP THE GAME\r\n\r\n   When loading or connecting choose your seat in the shown menu.\r\n\r\n   Additive load a terrain save file for BCB Gaming Template v2.0 or above, the map and the mat background will be placed. Confirm it or remove if you want to change with another map.\r\n   In the table control menu there is a button tho erease all but the table in the gaming area, in case you wrongly confirmed. This button erease already placed armies nad other things too.\r\n   You can make those save files with the Terrain Generator feature in this map. Check the relative instructions.\r\n\r\n   Each player can spawn his or her own Objective Deck, Psychic Power Deck and Special Token Bag by clicking the button on the relative area and choosing from the menu. You can change them multiple times and when you are done confirm each item.\r\n   The Tactical Objective cards should snap in position and rotation onto the \"Discard\" slot. The hands are in the middle so you can draw cards from deck easily.\r\n\r\n   You can then import your army. If you import one made with the BCB Army Builder v2.0 or above (you can find it in the workshop) just additive load the save file and use the buttons to place the army on your side or remove it if you want to change it. Make sure that nobody loads a new army until the previous one is placed or deleted to prevent physics spaz.\r\n\r\n   Use the menu on the top of the gaming mat to place the chosen deployment areas and if needed the ITC Objectives for the chosen Scenario.\r\n\r\n\r\n    STARTING THE GAME instruction on next page!\r\n\r\n</Text>\r\n  <Button id=\"closeBtnT\" offsetXY=\"0 -500\"  color=\"#000000\" textColor=\"#aaaaaa\" width=\"180\" height=\"60\"  fontSize=\"30\" onClick=\"closeGame\">CLOSE</Button>\r\n  <Button id=\"page1BtnT\" offsetXY=\"200 -500\"  color=\"#000000\" textColor=\"#aaaaaa\" width=\"180\" height=\"60\"  fontSize=\"30\" onClick=\"page2Game\">PAGE 2</Button>\r\n</Panel>\r\n<Panel id=\"gameInfo2\" active=\"false\" position=\"0 0 0\" scale=\"1 1 1\" offsetXY=\"0 0\" color=\"#999999\">\r\n <Text fontSize=\"50\" offsetXY=\"0 500\">GAMING INSTRUCTIONS AND IMPROVEMENTS</Text>\r\n   <Text fontSize=\"16\" fontStyle=\"Bold\">\r\n      STARTING THE GAME\r\n\r\n      Deploy the armies as per the rules for the mission you are playing..\r\n\r\n      Select the starting player with the toggle button and when you are ready start the game with the relative button. Turns will be automatically enabled in the chosen order.\r\n\r\n      During game you can recall the selected deployment zones and the range checkers by clicking on the relative buttons placed near the top of battle mat.\r\n      You also can use buttons on upper left to go easily to dice roller and back (select a model first to go back to it)\r\n\r\n      At the start of the 6th and 7th turn you will receive a warning for checking if the game ends or not. Make your choice with the buttons that will spawn around the turn counter.  At the start of 8th turn you will be notified that the game is over.\r\n\r\n      You can save and load your game at any point of the game or setup. In case of bugs simply let BaconCatBug or [BCS]Phubar know and it will be dealt with as soon as possible\r\n  </Text>\r\n  <Button id=\"closeBtnT\" offsetXY=\"0 -500\"  color=\"#000000\" textColor=\"#aaaaaa\" width=\"180\" height=\"60\"  fontSize=\"30\" onClick=\"closeGame\">CLOSE</Button>\r\n   <Button id=\"page1BtnT\" offsetXY=\"-200 -500\"  color=\"#000000\" textColor=\"#aaaaaa\" width=\"180\" height=\"60\"  fontSize=\"30\" onClick=\"openGame\">PAGE 1</Button>\r\n</Panel>",
  "VersionNumber": "v12.4.3"
}