{
  "SaveName": "Realistic Fire",
  "GameMode": "Cards",
  "Gravity": 0.5,
  "PlayArea": 0.5,
  "Date": "3/1/2020 12:12:56 AM",
  "Table": "Table_RPG",
  "Sky": "Sky_Regal",
  "Note": "",
  "Rules": "",
  "XmlUI": "<!-- Xml UI. See documentation: https://api.tabletopsimulator.com/ui/introUI/ -->",
  "LuaScript": "--[[ Lua code. See documentation: http://berserk-games.com/knowledgebase/scripting/ --]]\n\n--[[ The OnLoad function. This is called after everything in the game save finishes loading.\nMost of your script code goes here. --]]\nfunction onload()\n    --[[ print('Onload!') --]]\nend\n\n--[[ The Update function. This is called once per frame. --]]\nfunction update ()\n    --[[ print('Update loop!') --]]\nend",
  "LuaScriptState": "",
  "MusicPlayer": {
    "RepeatSong": false,
    "PlaylistEntry": 0,
    "CurrentAudioTitle": "Alien Theme",
    "CurrentAudioURL": "http://cloud-3.steamusercontent.com/ugc/793117274870675404/6DDF8D1FD55F3D176CDEE90085C2900CFCB2DCF6/",
    "AudioLibrary": [
      {
        "Item1": "http://cloud-3.steamusercontent.com/ugc/793117274870675404/6DDF8D1FD55F3D176CDEE90085C2900CFCB2DCF6/",
        "Item2": "Alien Theme"
      }
    ]
  },
  "Grid": {
    "Type": 0,
    "Lines": false,
    "Color": {
      "r": 0.0,
      "g": 0.0,
      "b": 0.0
    },
    "Opacity": 0.75,
    "ThickLines": false,
    "Snapping": false,
    "Offset": false,
    "BothSnapping": false,
    "xSize": 2.0,
    "ySize": 2.0,
    "PosOffset": {
      "x": 0.0,
      "y": 1.0,
      "z": 0.0
    }
  },
  "Lighting": {
    "LightIntensity": 0.54,
    "LightColor": {
      "r": 1.0,
      "g": 0.9804,
      "b": 0.8902
    },
    "AmbientIntensity": 1.3,
    "AmbientType": 0,
    "AmbientSkyColor": {
      "r": 0.5,
      "g": 0.5,
      "b": 0.5
    },
    "AmbientEquatorColor": {
      "r": 0.5,
      "g": 0.5,
      "b": 0.5
    },
    "AmbientGroundColor": {
      "r": 0.5,
      "g": 0.5,
      "b": 0.5
    },
    "ReflectionIntensity": 1.0,
    "LutIndex": 0,
    "LutContribution": 1.0
  },
  "Hands": {
    "Enable": true,
    "DisableUnused": false,
    "Hiding": 0,
    "HandTransforms": [
      {
        "Color": "Red",
        "Transform": {
          "posX": -15.1107883,
          "posY": 4.82785654,
          "posZ": -20.1076221,
          "rotX": 0.0,
          "rotY": 0.0,
          "rotZ": 0.0,
          "scaleX": 11.7719984,
          "scaleY": 9.174497,
          "scaleZ": 4.87123871
        }
      },
      {
        "Color": "Yellow",
        "Transform": {
          "posX": -30.2150211,
          "posY": 4.82785654,
          "posZ": 10.17524,
          "rotX": 0.0,
          "rotY": 90.0,
          "rotZ": 0.0,
          "scaleX": 11.6555138,
          "scaleY": 9.174497,
          "scaleZ": 4.92000055
        }
      },
      {
        "Color": "Purple",
        "Transform": {
          "posX": 30.2512016,
          "posY": 4.82785654,
          "posZ": 9.59069252,
          "rotX": 0.0,
          "rotY": 270.0,
          "rotZ": 0.0,
          "scaleX": 11.6555071,
          "scaleY": 9.174497,
          "scaleZ": 4.92000055
        }
      },
      {
        "Color": "Blue",
        "Transform": {
          "posX": 15.4749184,
          "posY": 4.82785654,
          "posZ": 19.8365288,
          "rotX": 0.0,
          "rotY": 179.8,
          "rotZ": 0.0,
          "scaleX": 11.7720728,
          "scaleY": 9.174497,
          "scaleZ": 4.87128973
        }
      },
      {
        "Color": "White",
        "Transform": {
          "posX": 15.1961365,
          "posY": 4.82785654,
          "posZ": -20.1400986,
          "rotX": 0.0,
          "rotY": 0.0,
          "rotZ": 0.0,
          "scaleX": 11.7719841,
          "scaleY": 9.17449951,
          "scaleZ": 4.87123871
        }
      },
      {
        "Color": "Green",
        "Transform": {
          "posX": -15.1927767,
          "posY": 4.82785654,
          "posZ": 19.787817,
          "rotX": 0.0,
          "rotY": 180.000092,
          "rotZ": 0.0,
          "scaleX": 11.7719841,
          "scaleY": 9.174497,
          "scaleZ": 4.87123871
        }
      },
      {
        "Color": "Pink",
        "Transform": {
          "posX": 30.10358,
          "posY": 4.82785654,
          "posZ": -8.449126,
          "rotX": 0.0,
          "rotY": 270.0,
          "rotZ": 0.0,
          "scaleX": 11.6555071,
          "scaleY": 9.174497,
          "scaleZ": 4.92000055
        }
      },
      {
        "Color": "Orange",
        "Transform": {
          "posX": -30.247818,
          "posY": 4.82785654,
          "posZ": -8.822588,
          "rotX": 0.0,
          "rotY": 90.0,
          "rotZ": 0.0,
          "scaleX": 11.6555195,
          "scaleY": 9.174497,
          "scaleZ": 4.92000055
        }
      }
    ]
  },
  "Turns": {
    "Enable": false,
    "Type": 0,
    "TurnOrder": [],
    "Reverse": false,
    "SkipEmpty": false,
    "DisableInteractions": false,
    "PassTurns": true
  },
  "VectorLines": [
    {
      "points3": [
        {
          "x": -8.76,
          "y": 0.99,
          "z": 20.62
        },
        {
          "x": -8.86,
          "y": 0.99,
          "z": 20.63
        },
        {
          "x": -8.97,
          "y": 0.99,
          "z": 20.63
        },
        {
          "x": -9.09,
          "y": 0.99,
          "z": 20.61
        },
        {
          "x": -9.26,
          "y": 0.99,
          "z": 20.58
        },
        {
          "x": -9.37,
          "y": 0.99,
          "z": 20.56
        },
        {
          "x": -9.46,
          "y": 0.99,
          "z": 20.53
        },
        {
          "x": -9.55,
          "y": 0.99,
          "z": 20.5
        },
        {
          "x": -9.66,
          "y": 0.99,
          "z": 20.48
        },
        {
          "x": -9.82,
          "y": 0.99,
          "z": 20.44
        },
        {
          "x": -9.97,
          "y": 0.99,
          "z": 20.38
        },
        {
          "x": -10.14,
          "y": 0.99,
          "z": 20.31
        },
        {
          "x": -10.24,
          "y": 0.99,
          "z": 20.27
        },
        {
          "x": -10.34,
          "y": 0.99,
          "z": 20.23
        },
        {
          "x": -10.52,
          "y": 0.99,
          "z": 20.17
        },
        {
          "x": -10.65,
          "y": 0.99,
          "z": 20.13
        },
        {
          "x": -10.81,
          "y": 0.99,
          "z": 20.11
        },
        {
          "x": -10.94,
          "y": 0.99,
          "z": 20.11
        },
        {
          "x": -11.06,
          "y": 0.99,
          "z": 20.11
        },
        {
          "x": -11.22,
          "y": 0.99,
          "z": 20.12
        },
        {
          "x": -11.38,
          "y": 0.99,
          "z": 20.12
        },
        {
          "x": -11.57,
          "y": 0.99,
          "z": 20.14
        },
        {
          "x": -11.67,
          "y": 0.99,
          "z": 20.17
        },
        {
          "x": -11.8,
          "y": 0.99,
          "z": 20.22
        },
        {
          "x": -11.88,
          "y": 0.99,
          "z": 20.3
        },
        {
          "x": -11.95,
          "y": 0.99,
          "z": 20.39
        },
        {
          "x": -12.0,
          "y": 0.99,
          "z": 20.51
        },
        {
          "x": -12.05,
          "y": 0.99,
          "z": 20.57
        },
        {
          "x": -12.13,
          "y": 0.99,
          "z": 20.7
        },
        {
          "x": -12.16,
          "y": 0.99,
          "z": 20.78
        },
        {
          "x": -12.21,
          "y": 0.99,
          "z": 20.84
        },
        {
          "x": -12.27,
          "y": 0.99,
          "z": 20.98
        },
        {
          "x": -12.32,
          "y": 0.99,
          "z": 21.1
        },
        {
          "x": -12.35,
          "y": 0.99,
          "z": 21.19
        },
        {
          "x": -12.34,
          "y": 0.99,
          "z": 21.28
        },
        {
          "x": -12.34,
          "y": 0.99,
          "z": 21.36
        },
        {
          "x": -12.32,
          "y": 0.99,
          "z": 21.52
        },
        {
          "x": -12.28,
          "y": 0.99,
          "z": 21.63
        },
        {
          "x": -12.29,
          "y": 0.99,
          "z": 21.71
        }
      ],
      "color": {
        "r": 0.5372549,
        "g": 0.945098042,
        "b": 0.1882353
      },
      "thickness": 0.1
    }
  ],
  "ObjectStates": [
    {
      "Name": "Custom_Model",
      "Transform": {
        "posX": -3.84551287,
        "posY": 0.7125998,
        "posZ": -1.2349714,
        "rotX": 1.42998681E-06,
        "rotY": 164.9904,
        "rotZ": 1.04952039E-06,
        "scaleX": 0.400000453,
        "scaleY": 0.400000453,
        "scaleZ": 0.400000453
      },
      "Nickname": "Small Fire",
      "Description": "",
      "GMNotes": "",
      "ColorDiffuse": {
        "r": 0.9999998,
        "g": 0.992160261,
        "b": 0.9999998
      },
      "Locked": false,
      "Grid": true,
      "Snap": true,
      "IgnoreFoW": false,
      "Autoraise": true,
      "Sticky": true,
      "Tooltip": true,
      "GridProjection": false,
      "HideWhenFaceDown": false,
      "Hands": false,
      "CustomMesh": {
        "MeshURL": "http://cloud-3.steamusercontent.com/ugc/787505667313719449/F2508624D4378E08271E318FBAC06B132A457B8E/",
        "DiffuseURL": "http://cloud-3.steamusercontent.com/ugc/787505667313719552/8340280A325CEF4C4D1066A8CD7C2C0C0A38FE1C/",
        "NormalURL": "",
        "ColliderURL": "http://cloud-3.steamusercontent.com/ugc/787505667313719699/BDEC75768D94886EEF4B8C63F98A6928536E18C7/",
        "Convex": true,
        "MaterialIndex": 3,
        "TypeIndex": 1,
        "CastShadows": true
      },
      "XmlUI": "",
      "LuaScript": "",
      "LuaScriptState": "",
      "GUID": "eba655"
    },
    {
      "Name": "Custom_Model",
      "Transform": {
        "posX": 1.76400459,
        "posY": 0.449737549,
        "posZ": -1.61065078,
        "rotX": -1.99618444E-06,
        "rotY": 225.000031,
        "rotZ": 3.57179033E-07,
        "scaleX": 0.8250002,
        "scaleY": 0.8250002,
        "scaleZ": 0.8250002
      },
      "Nickname": "Medium Fire",
      "Description": "",
      "GMNotes": "",
      "ColorDiffuse": {
        "r": 0.9999998,
        "g": 0.992160261,
        "b": 0.9999998
      },
      "Locked": false,
      "Grid": true,
      "Snap": true,
      "IgnoreFoW": false,
      "Autoraise": true,
      "Sticky": true,
      "Tooltip": true,
      "GridProjection": false,
      "HideWhenFaceDown": false,
      "Hands": false,
      "CustomMesh": {
        "MeshURL": "http://cloud-3.steamusercontent.com/ugc/787505667313719449/F2508624D4378E08271E318FBAC06B132A457B8E/",
        "DiffuseURL": "http://cloud-3.steamusercontent.com/ugc/787505667313719552/8340280A325CEF4C4D1066A8CD7C2C0C0A38FE1C/",
        "NormalURL": "",
        "ColliderURL": "http://cloud-3.steamusercontent.com/ugc/787505667313719699/BDEC75768D94886EEF4B8C63F98A6928536E18C7/",
        "Convex": true,
        "MaterialIndex": 3,
        "TypeIndex": 1,
        "CastShadows": true
      },
      "XmlUI": "",
      "LuaScript": "",
      "LuaScriptState": "",
      "GUID": "2ac815"
    },
    {
      "Name": "Custom_Model",
      "Transform": {
        "posX": 8.634717,
        "posY": 0.186875582,
        "posZ": -1.61280286,
        "rotX": 4.18348463E-06,
        "rotY": 269.993683,
        "rotZ": -5.61491561E-07,
        "scaleX": 1.24999976,
        "scaleY": 1.24999976,
        "scaleZ": 1.24999976
      },
      "Nickname": "Large Fire",
      "Description": "",
      "GMNotes": "",
      "ColorDiffuse": {
        "r": 0.9999998,
        "g": 0.992160261,
        "b": 0.9999998
      },
      "Locked": false,
      "Grid": true,
      "Snap": true,
      "IgnoreFoW": false,
      "Autoraise": true,
      "Sticky": true,
      "Tooltip": true,
      "GridProjection": false,
      "HideWhenFaceDown": false,
      "Hands": false,
      "CustomMesh": {
        "MeshURL": "http://cloud-3.steamusercontent.com/ugc/787505667313719449/F2508624D4378E08271E318FBAC06B132A457B8E/",
        "DiffuseURL": "http://cloud-3.steamusercontent.com/ugc/787505667313719552/8340280A325CEF4C4D1066A8CD7C2C0C0A38FE1C/",
        "NormalURL": "",
        "ColliderURL": "http://cloud-3.steamusercontent.com/ugc/787505667313719699/BDEC75768D94886EEF4B8C63F98A6928536E18C7/",
        "Convex": true,
        "MaterialIndex": 3,
        "TypeIndex": 1,
        "CastShadows": true
      },
      "XmlUI": "",
      "LuaScript": "",
      "LuaScriptState": "",
      "GUID": "fdbd69"
    }
  ],
  "DecalPallet": [],
  "TabStates": {
    "0": {
      "title": "Rules",
      "body": "",
      "color": "Grey",
      "visibleColor": {
        "r": 0.5,
        "g": 0.5,
        "b": 0.5
      },
      "id": 0
    },
    "1": {
      "title": "White",
      "body": "",
      "color": "White",
      "visibleColor": {
        "r": 1.0,
        "g": 1.0,
        "b": 1.0
      },
      "id": 1
    },
    "2": {
      "title": "Brown",
      "body": "",
      "color": "Brown",
      "visibleColor": {
        "r": 0.443,
        "g": 0.231,
        "b": 0.09
      },
      "id": 2
    },
    "3": {
      "title": "Red",
      "body": "",
      "color": "Red",
      "visibleColor": {
        "r": 0.856,
        "g": 0.1,
        "b": 0.094
      },
      "id": 3
    },
    "4": {
      "title": "Orange",
      "body": "",
      "color": "Orange",
      "visibleColor": {
        "r": 0.956,
        "g": 0.392,
        "b": 0.113
      },
      "id": 4
    },
    "5": {
      "title": "Yellow",
      "body": "",
      "color": "Yellow",
      "visibleColor": {
        "r": 0.905,
        "g": 0.898,
        "b": 0.172
      },
      "id": 5
    },
    "6": {
      "title": "Green",
      "body": "",
      "color": "Green",
      "visibleColor": {
        "r": 0.192,
        "g": 0.701,
        "b": 0.168
      },
      "id": 6
    },
    "7": {
      "title": "Blue",
      "body": "",
      "color": "Blue",
      "visibleColor": {
        "r": 0.118,
        "g": 0.53,
        "b": 1.0
      },
      "id": 7
    },
    "8": {
      "title": "Teal",
      "body": "",
      "color": "Teal",
      "visibleColor": {
        "r": 0.129,
        "g": 0.694,
        "b": 0.607
      },
      "id": 8
    },
    "9": {
      "title": "Purple",
      "body": "",
      "color": "Purple",
      "visibleColor": {
        "r": 0.627,
        "g": 0.125,
        "b": 0.941
      },
      "id": 9
    },
    "10": {
      "title": "Pink",
      "body": "",
      "color": "Pink",
      "visibleColor": {
        "r": 0.96,
        "g": 0.439,
        "b": 0.807
      },
      "id": 10
    },
    "11": {
      "title": "Black",
      "body": "",
      "color": "Black",
      "visibleColor": {
        "r": 0.25,
        "g": 0.25,
        "b": 0.25
      },
      "id": 11
    }
  },
  "VersionNumber": "v12.2.2"
}