{
  "SaveName": "Undone Work - 44 x 30",
  "GameMode": "BCB 40k Map Base - 9th LEAK",
  "Date": "8/7/2020 5:09:14 PM",
  "Gravity": 0.5000001,
  "PlayArea": 1.0,
  "GameType": "",
  "GameComplexity": "",
  "PlayingTime": [
    0,
    0
  ],
  "PlayerCounts": [
    0,
    0
  ],
  "Tags": [],
  "Table": "Table_None",
  "Sky": "Sky_Museum",
  "Note": "This is version 2.0 of BaconCatBug's gaming template for Warhammer 40k. It is a complete overhaul of the template, including automatic turns, better terrain handling and so much more, created by the amazingly talented [BCS]Phubar.\n\nBy default hands are hidden as per CA 19 Rules.\n\nInstructions can be found by clicking the relative purple buttons on the table.\n\nThe Notepad contains the full credits.\n\nSearch for 'BCB Map Additive Load' on the workshop for maps to load!\n\nCome join us on\nthe TTS Warhammer 40k discord! discord.gg/neuautf",
  "Rules": "",
  "MusicPlayer": {
    "RepeatSong": true,
    "PlaylistEntry": -1,
    "CurrentAudioTitle": "Ultramarines Chant",
    "CurrentAudioURL": "http://cloud-3.steamusercontent.com/ugc/773976977327440295/17C1CAA1F70F178395E93C05E55946061E695598/",
    "AudioLibrary": [
      {
        "Item1": "http://cloud-3.steamusercontent.com/ugc/773976977327440295/17C1CAA1F70F178395E93C05E55946061E695598/",
        "Item2": "Ultramarines Chant"
      }
    ]
  },
  "Grid": {
    "Type": 0,
    "Lines": false,
    "Color": {
      "r": 0.0,
      "g": 0.0,
      "b": 0.0
    },
    "Opacity": 0.75,
    "ThickLines": true,
    "Snapping": false,
    "Offset": false,
    "BothSnapping": false,
    "xSize": 1.0,
    "ySize": 1.0,
    "PosOffset": {
      "x": 0.0,
      "y": 1.0,
      "z": 0.0
    }
  },
  "Lighting": {
    "LightIntensity": 0.54,
    "LightColor": {
      "r": 1.0,
      "g": 0.9804,
      "b": 0.8902
    },
    "AmbientIntensity": 1.3,
    "AmbientType": 0,
    "AmbientSkyColor": {
      "r": 0.5,
      "g": 0.5,
      "b": 0.5
    },
    "AmbientEquatorColor": {
      "r": 0.5,
      "g": 0.5,
      "b": 0.5
    },
    "AmbientGroundColor": {
      "r": 0.5,
      "g": 0.5,
      "b": 0.5
    },
    "ReflectionIntensity": 1.0,
    "LutIndex": 0,
    "LutContribution": 1.0
  },
  "Hands": {
    "Enable": true,
    "DisableUnused": true,
    "Hiding": 0,
    "HandTransforms": [
      {
        "Color": "Red",
        "Transform": {
          "posX": 0.0,
          "posY": 1.00000048,
          "posZ": 46.0,
          "rotX": 0.0,
          "rotY": 180.0,
          "rotZ": 0.0,
          "scaleX": 38.135006,
          "scaleY": 9.077269,
          "scaleZ": 7.8216
        }
      },
      {
        "Color": "Blue",
        "Transform": {
          "posX": -1.07731394E-05,
          "posY": 1.00000048,
          "posZ": -46.0,
          "rotX": 0.0,
          "rotY": -4.00605277E-05,
          "rotZ": 0.0,
          "scaleX": 38.135006,
          "scaleY": 9.077269,
          "scaleZ": 7.8216
        }
      },
      {
        "Color": "Teal",
        "Transform": {
          "posX": -40.0,
          "posY": 1.49999976,
          "posZ": -88.0,
          "rotX": 0.0,
          "rotY": 0.0,
          "rotZ": 0.0,
          "scaleX": 1.315,
          "scaleY": 1.29675269,
          "scaleZ": 1.3036015
        }
      },
      {
        "Color": "Purple",
        "Transform": {
          "posX": -30.0000038,
          "posY": 1.49999976,
          "posZ": -88.0,
          "rotX": 0.0,
          "rotY": 0.0,
          "rotZ": 0.0,
          "scaleX": 1.31500161,
          "scaleY": 1.29675269,
          "scaleZ": 1.303601
        }
      },
      {
        "Color": "Orange",
        "Transform": {
          "posX": -30.0000038,
          "posY": 1.55,
          "posZ": 88.0,
          "rotX": 0.0,
          "rotY": 180.0,
          "rotZ": 0.0,
          "scaleX": 1.315005,
          "scaleY": 1.29675269,
          "scaleZ": 1.30359983
        }
      },
      {
        "Color": "Yellow",
        "Transform": {
          "posX": -40.0,
          "posY": 1.49999976,
          "posZ": 88.0,
          "rotX": 0.0,
          "rotY": 180.0,
          "rotZ": 0.0,
          "scaleX": 1.315,
          "scaleY": 1.29675269,
          "scaleZ": 1.30359983
        }
      }
    ]
  },
  "Turns": {
    "Enable": false,
    "Type": 1,
    "TurnOrder": [
      "Red",
      "Blue"
    ],
    "Reverse": false,
    "SkipEmpty": false,
    "DisableInteractions": false,
    "PassTurns": true,
    "TurnColor": ""
  },
  "TabStates": {
    "0": {
      "title": "Instructions",
      "body": "INSTRUCTIONS AND IMPROVEMENTS\r\n\r\nThe battle mat is a modified \"Flex Table\" (by MrStump) with fixed dimensions. You can change the background of the mat by clicking on the white button on one of the legs and paste the URL of the image.\r\n\nYou can store URLs in memory by adding them individually so you can recall them easily if you want to make a local version with stored images.\r\nAn improvement in version 2 is that you now only need to provide the image of the battle mat itself, you don’t need to edit a massive image containing the felt part. For best results, use an image with the correct ratio!\n\nObjective markers have a 3\" sphere state so you can easily check range. The number of the objective is shown even in that state, by clicking on the button it will go back to state one. The tokens also have a generic back for hidden objectives, you can switch to the sphere mode too but in that case no number will be displayed.\n \nTo roll dice simply drop them into the small cardboard box, it will roll them and place them in order on the rolling mat.\nThe rolling mat will display the results along with the total dice rolled.\r\nUse the description of the small box to change your preferences and the behavior of the tool.\n\nYou can find a set of useful generic tokens at the head of the table, copy them and use them as you see fit.\n\nThe counters are self explanatory, the players turn and the game turn ones are automatic, you don't need to update the manually. The victory ones will reflect the value of the ITC Score sheet if you use it.\n\nAdded infinite bags of 9 color dice.\r\n\r\nWhen loading a save file of a started game, the players will be automatically placed in the seats they had when started to play.\n\r\n\r\n\nSETTING UP THE GAME\r\n\r\nWhen loading or connecting choose your seat in the shown menu.\r\n\r\nAdditive load a terrain save file for BCB Gaming Template v2.0 or above, the map and the mat background will be placed. Confirm it or remove if you want to change with another map.\r\nYou can make those save files with the BCB Terrain  Generator v2.0 or above.\r\nYou can find the BCB Terrain Generator on the workshop.\r\n\r\nEach player then can spawn his or her own Objective Deck, Psychic Power Deck and Special Token Bag by clicking the button on the relative area and choosing from the menu. You can change it multiple times and when you are done confirm each item.\r\nThe Tactical Objective cards should snap in position and rotation onto the \"Discard\" slot. The hands are in the middle so you can draw cards from deck easily.\r\n\r\nYou can then import your army. If you import one made with the BCB Army Builder v2.0 or above \r(also on the workshop) just additive load the save file and use the buttons to place the army on your side or remove it if you want to change it. Make sure that nobody loads a new army until the previous one is placed or deleted to prevent physics spaz.\r\n\r\nUse the menu on the top of the gaming mat to place the chosen deployment areas and if needed the ITC Objectives for the chosen Scenario.\r\n\r\nSTARTING THE GAME\r\n\r\nDeploy the armies as per the rules for the mission you are playing..\r\n\r\nSelect the starting player with the toggle button and when you are ready start the game with the relative button. Turns will be automatically enabled in the chosen order.\r\n\r\nDuring game you can recall the selected deployment zones and the range checkers by clicking on the relative buttons placed near the top of battle mat.\r\n\r\nAt the start of the 6th and 7th turn you will receive a warning for checking if the game ends or not. Make your choice with the buttons that will spawn around the turn counter.  At the start of 8th turn you will be notified that the game is over.\r\n\r\nYou can save and load your game at any point of the game or setup. In case of bugs simply let BaconCatBug or [BCS]Phubar know and it will be dealt with as soon as possible.\r\n\r\n",
      "color": "Grey",
      "visibleColor": {
        "r": 0.5,
        "g": 0.5,
        "b": 0.5
      },
      "id": 0
    },
    "1": {
      "title": "Credits",
      "body": "*******************Credits*******************\nFlex Table (id: 1169112551)\n\nKustom 40k Dice Roller\r by BaconCatBug (id: 959360907)\n\nTactical Objective Decks by GenWilhelm and BaconCatBug (id: 950253690)\n\nTokens by Malice of the Reddit 40k TTS Discord http://discord.gg/XkBbs5M\n(id: 1364449509) \n\nMemory Bag 2.0 by MrStump (id: 953770080)\n\nWargame Rulers by D6 (id: 1255723994)\n\nCamera pack by ThatRobHuman ",
      "color": "Grey",
      "visibleColor": {
        "r": 0.5,
        "g": 0.5,
        "b": 0.5
      },
      "id": 1
    }
  },
  "CameraStates": [
    {
      "Position": {
        "x": 0.0,
        "y": -2.5,
        "z": 0.0
      },
      "Rotation": {
        "x": 68.66522,
        "y": 89.79739,
        "z": 0.0
      },
      "Distance": 84.375,
      "Zoomed": false,
      "AbsolutePosition": {
        "x": -30.6968479,
        "y": 76.09283,
        "z": -0.108546481
      }
    },
    null,
    null,
    null,
    null,
    null,
    null,
    null,
    null,
    null
  ],
  "DecalPallet": [],
  "ObjectStates": [
    {
      "Name": "BlockRectangle",
      "Transform": {
        "posX": -38.0,
        "posY": -0.53,
        "posZ": 0.0,
        "rotX": -1.41732551E-06,
        "rotY": -0.00152179354,
        "rotZ": 7.397896E-06,
        "scaleX": 2.0,
        "scaleY": 2.0,
        "scaleZ": 2.0
      },
      "Nickname": "Mat url",
      "Description": "",
      "GMNotes": "",
      "ColorDiffuse": {
        "r": 0.0,
        "g": 0.201567829,
        "b": 0.8235294
      },
      "Locked": true,
      "Grid": true,
      "Snap": true,
      "IgnoreFoW": false,
      "MeasureMovement": false,
      "DragSelectable": true,
      "Autoraise": true,
      "Sticky": true,
      "Tooltip": false,
      "GridProjection": false,
      "HideWhenFaceDown": false,
      "Hands": false,
      "LuaScript": "lightEquatorColor = {}\r\nlightGroundColor = {}\r\nlightSkyColor = {}\r\nlightColor = {}\r\nmanageLighting=true\r\nfunction refreshSurface()\r\n    obj_surface = getObjectFromGUID(\"4ee1f2\")\r\nend\r\n\r\nfunction onSave()\r\n    local data =  {}\r\n    if manageLighting then\r\n        data={\r\n                    link=url,\r\n                    svlightEquatorColor = lightEquatorColor,\r\n                    svlightGroundColor = lightGroundColor,\r\n                    svlightSkyColor = lightSkyColor,\r\n                    svlightColor = lightColor,\r\n                    svlightAmbientType= lightAmbientType,\r\n                    svlightAmbientIntensity = lightAmbientIntensity,\r\n                    svlightLightIntensity = lightLightIntensity,\r\n                    svlightReflectionIntesity = lightReflectionIntesity,\r\n                    }\r\n    else\r\n        data={link=url}\r\n    end\r\n\r\n    saved_data = JSON.encode(data)\r\n    --saved_data = \"\"\r\n    return saved_data\r\nend\r\n\r\nfunction onLoad(saved_data)\r\n\r\n    self.setInvisibleTo({})\r\n    self.interactable=true\r\n    if saved_data ~= \"\" then\r\n         local loaded_data = JSON.decode(saved_data)\r\n         url = loaded_data.link\r\n         lightEquatorColor = loaded_data.svlightEquatorColor\r\n         lightGroundColor = loaded_data.svlightGroundColor\r\n         lightSkyColor = loaded_data.svlightSkyColor\r\n         lightColor = loaded_data.svlightColor\r\n         lightAmbientType= loaded_data.svlightAmbientType\r\n         lightAmbientIntensity = loaded_data.svlightAmbientIntensity\r\n         lightLightIntensity = loaded_data.svlightLightIntensity\r\n         lightReflectionIntesity = loaded_data.svlightReflectionIntesity\r\n    else\r\n         url ='No url'\r\n         lightEquatorColor = {}\r\n         lightGroundColor = {}\r\n         lightSkyColor = {}\r\n         lightColor = {}\r\n         lightAmbientType= nil\r\n         lightAmbientIntensity = nil\r\n         lightLightIntensity = nil\r\n         lightReflectionIntesity = nil\r\n    end\r\n\r\n    flexControl = getObjectFromGUID('bd69bd')\r\n    obj_surface = getObjectFromGUID(\"4ee1f2\")\r\n    Xoffset=2\r\n    Yoffset=3\r\n    if obj_surface ~= nil and obj_surface.getVar(\"version\")>= 2.0 then\r\n        Wait.frames(changeMat ,5)\r\n    end\r\n    Wait.frames(createUI, 30)\r\n\r\nend\r\n\r\nfunction createUI()\r\n    createTitleButton()\r\n    createDisplay()\r\n    --createSetButton()\r\n    createRewriteButton()\r\n    createDeleteButton()\r\n    createWarningButton()\r\n    if obj_surface == nil then\r\n        broadcastToAll(\"THIS TERRAIN IS MEANT TO BE USED WITH BCB BASE MAP V2.0+\\nLoad BCB base map and additive load this one.\", \"Orange\")\r\n    end\r\nend\r\n\r\nfunction createWarningButton()\r\n    button_parameters = {}\r\n    button_parameters.click_function = 'none'\r\n    button_parameters.function_owner = self\r\n    button_parameters.label = \"THIS TERRAIN IS MEANT TO BE USED WITH BCB BASE MAP V2.0+\\nLoad BCB base map and additive load this one.\"\r\n    button_parameters.position = {7.5+Xoffset,Yoffset,0}\r\n    button_parameters.rotation = {0,270,0}\r\n    button_parameters.width = 0\r\n    button_parameters.height = 0\r\n    button_parameters.font_size = 200\r\n    button_parameters.color = 'Black'\r\n    button_parameters.font_color = 'Orange'\r\n    button_parameters.tooltip=\"\"\r\n    self.createButton(button_parameters)\r\nend\r\n\r\nfunction createTitleButton()\r\n    button_parameters = {}\r\n    button_parameters.click_function = 'none'\r\n    button_parameters.function_owner = self\r\n    button_parameters.label = \"Copy/paste the link below to load the mat image \\n (for BCB v2.0 template it's automatic)\"\r\n    button_parameters.position = {0+Xoffset,Yoffset,0}\r\n    button_parameters.rotation = {0,270,0}\r\n    button_parameters.width = 4400\r\n    button_parameters.height = 800\r\n    button_parameters.font_size = 200\r\n    button_parameters.color = 'Black'\r\n    button_parameters.font_color = 'White'\r\n    button_parameters.tooltip=\"\"\r\n    self.createButton(button_parameters)\r\nend\r\n\r\nfunction createDisplay()\r\n    self.createInput({\r\n        label='', input_function=\"none\", function_owner=self,\r\n        alignment=3, position={1.5+Xoffset,Yoffset,0}, rotation = {0,270,0}, height=400, width= string.len(url)*160,\r\n        font_size=300, tooltip=\"\",\r\n        value= url\r\n    })\r\nend\r\n\r\nfunction createSetButton()\r\n    button_parameters = {}\r\n    button_parameters.click_function = 'changeMat'\r\n    button_parameters.function_owner = self\r\n    button_parameters.label = 'SET \\n if autoset didnt worked \\n (for BCB v2.0 template)'\r\n    button_parameters.position = {3.2+Xoffset,Yoffset,3}\r\n    button_parameters.rotation = {0,270,0}\r\n    button_parameters.width = 3000\r\n    button_parameters.height = 800\r\n    button_parameters.font_size = 200\r\n    button_parameters.tooltip=\"Auto set\"\r\n    self.createButton(button_parameters)\r\nend\r\n\r\nfunction createRewriteButton()\r\n    button_parameters = {}\r\n    button_parameters.click_function = 'rewriteUrl'\r\n    button_parameters.function_owner = self\r\n    button_parameters.label = 'SHOW AGAIN URL \\n (in case things went wrong)'\r\n    button_parameters.position = {3.2+Xoffset,Yoffset,0}\r\n    button_parameters.rotation = {0,270,0}\r\n    button_parameters.width = 2600\r\n    button_parameters.height = 800\r\n    button_parameters.font_size = 200\r\n    button_parameters.tooltip=\"Show again\"\r\n    self.createButton(button_parameters)\r\nend\r\n\r\nfunction createDeleteButton()\r\n    button_parameters = {}\r\n    button_parameters.click_function = 'erease'\r\n    button_parameters.function_owner = self\r\n    button_parameters.label = 'Erease this tool \\n when done \\n (can not undo!)'\r\n    button_parameters.position = {5.7+Xoffset,Yoffset,0}\r\n    button_parameters.rotation = {0,270,0}\r\n    button_parameters.width = 2000\r\n    button_parameters.height = 1200\r\n    button_parameters.font_size = 200\r\n    button_parameters.color = 'Black'\r\n    button_parameters.font_color = 'Red'\r\n    button_parameters.tooltip=\"Erease\"\r\n    self.createButton(button_parameters)\r\nend\r\n\r\nfunction retriveUrl()\r\n    obj_surface = getObjectFromGUID(\"4ee1f2\")\r\n    url = obj_surface.getCustomObject().diffuse\r\n    rewriteUrl()\r\n    lightEquatorColor = Lighting.getAmbientEquatorColor()\r\n    lightEquatorColor= {r=lightEquatorColor.r, g=lightEquatorColor.g, b=lightEquatorColor.b}\r\n    lightGroundColor = Lighting.getAmbientGroundColor()\r\n    lightGroundColor= {r=lightGroundColor.r, g=lightGroundColor.g, b=lightGroundColor.b}\r\n    lightSkyColor = Lighting.getAmbientSkyColor()\r\n    lightSkyColor= {r=lightSkyColor.r, g=lightSkyColor.g, b=lightSkyColor.b}\r\n    lightColor = Lighting.getLightColor()\r\n    lightColor= {r=lightColor.r, g=lightColor.g, b=lightColor.b}\r\n    lightAmbientType= Lighting.ambient_type\r\n    lightAmbientIntensity = Lighting.ambient_intensity\r\n    lightLightIntensity = Lighting.light_intensity\r\n    lightReflectionIntesity = Lighting.reflection_intensity\r\nend\r\n\r\nfunction rewriteUrl()\r\n    self.editInput({index=0, value=url})\r\n    self.editInput({index=0, width= string.len(url)*160})\r\n    self.setDescription(\"\")\r\nend\r\n\r\nfunction changeMat(new)\r\n    if url ~= \"\" and url ~= \"No url\" and flexControl ~= nil then\r\n        closeMenu()\r\n        flexControl.call('setControlF')\r\n        Wait.frames(updateSurfaceMat, 5)\r\n    else\r\n        if self.getDescription()==\"\" then\r\n            broadcastToAll(\"Invalid URL or no table\", \"Red\")\r\n        end\r\n    end\r\n    setLighting()\r\nend\r\n\r\nfunction setLighting()\r\n    if manageLighting == false then\r\n        return\r\n    end\r\n    if lightEquatorColor ~= nil then\r\n        Lighting.setAmbientEquatorColor(lightEquatorColor)\r\n    end\r\n    if lightGroundColor ~= nil then\r\n        Lighting.setAmbientGroundColor(lightGroundColor)\r\n    end\r\n    if lightSkyColor ~= nil then\r\n        Lighting.setAmbientSkyColor(lightSkyColor)\r\n    end\r\n    if lightColor ~= nil then\r\n        Lighting.setLightColor(lightColor)\r\n    end\r\n    if lightAmbientType ~= nil then\r\n        Lighting.ambient_type = lightAmbientType\r\n    end\r\n    if lightAmbientIntensity ~= nil then\r\n        Lighting.ambient_intensity = lightAmbientIntensity\r\n    end\r\n    if lightLightIntensity ~= nil then\r\n        Lighting.light_intensity = lightLightIntensity\r\n    end\r\n    if lightReflectionIntesity ~= nil then\r\n        Lighting.reflection_intensity = lightReflectionIntesity\r\n    end\r\n    Lighting.apply()\r\nend\r\n\r\n\r\nfunction setInputValues()\r\n    flexControl.editInput( {index=0, value=\"\"})\r\n    flexControl.editInput( {index=1, value=url})\r\nend\r\n\r\nfunction updateSurfaceMat()\r\n    local newUrl=url\r\n    obj_surface = getObjectFromGUID(\"4ee1f2\")\r\n    local matDebugObject=nil\r\n    for i,obj in ipairs(getAllObjects()) do\r\n        if obj.getName()== \"Mat url debug\" then matDebugObject=obj end\r\n    end\r\n    if matDebugObject then\r\n        local customInfoDebug = matDebugObject.getCustomObject()\r\n        if customInfoDebug.diffuse ~= \"\" then\r\n            newUrl= customInfoDebug.diffuse\r\n            --print(\"USING DEBUUG MAT\")\r\n            matDebugObject.destroy()\r\n        else\r\n            --print(\"USING INTERNAL VARIABLE MAT\")\r\n        end\r\n    end\r\n    local customInfo = obj_surface.getCustomObject()\r\n    customInfo.diffuse = newUrl\r\n    obj_surface.setCustomObject(customInfo)\r\n    obj_surface = obj_surface.reload()\r\n    Wait.frames(erease, 5)\r\nend\r\n\r\nfunction closeMenu()\r\n    flexControl.clearButtons()\r\n    flexControl.clearInputs()\r\n    flexControl.call('createOpenCloseButton')\r\nend\r\n\r\nfunction erease()\r\n    obj_surface.call(\"showMenu\")\r\n    obj_surface.interactable=false\r\n    self.destroy()\r\nend\r\n\r\nfunction none()\r\nend",
      "LuaScriptState": "{\"link\":\"https://steamuserimages-a.akamaihd.net/ugc/961990768477358932/73C74608E61F99D1306818739324FFB6DB3FF8C1/\",\"svlightAmbientIntensity\":1.29999995231628,\"svlightAmbientType\":1,\"svlightColor\":{\"b\":0.890200018882751,\"g\":0.980400025844574,\"r\":1},\"svlightEquatorColor\":{\"b\":0.5,\"g\":0.5,\"r\":0.5},\"svlightGroundColor\":{\"b\":0.5,\"g\":0.5,\"r\":0.5},\"svlightLightIntensity\":0.540000021457672,\"svlightReflectionIntesity\":1,\"svlightSkyColor\":{\"b\":0.5,\"g\":0.5,\"r\":0.5}}",
      "XmlUI": "",
      "GUID": "c5e288"
    },
    {
      "Name": "Custom_Assetbundle",
      "Transform": {
        "posX": -13.5,
        "posY": -2.1,
        "posZ": 6.50000048,
        "rotX": 6.036208E-07,
        "rotY": 270.0,
        "rotZ": 1.81115627E-06,
        "scaleX": 0.75,
        "scaleY": 1.0,
        "scaleZ": 0.75
      },
      "Nickname": "Ruins",
      "Description": "Kategory: Area Terrain \n\nTraits: Scaleable, Breachable, Light Cover, Defensible, Obscuring",
      "GMNotes": "",
      "ColorDiffuse": {
        "r": 1.0,
        "g": 1.0,
        "b": 1.0
      },
      "Locked": true,
      "Grid": true,
      "Snap": true,
      "IgnoreFoW": false,
      "MeasureMovement": false,
      "DragSelectable": true,
      "Autoraise": true,
      "Sticky": true,
      "Tooltip": true,
      "GridProjection": false,
      "HideWhenFaceDown": false,
      "Hands": false,
      "CustomAssetbundle": {
        "AssetbundleURL": "http://cloud-3.steamusercontent.com/ugc/1053227062939316049/6D86AABBE50523AB2AB99A3A2047D492C5158D99/",
        "AssetbundleSecondaryURL": "http://cloud-3.steamusercontent.com/ugc/1053227062939351632/C6C3C32748ECE0ADB33DF9D6F3B74A359DBC89C1/",
        "MaterialIndex": 1,
        "TypeIndex": 1,
        "LoopingEffectIndex": 0
      },
      "LuaScript": "\nBCBtype = \"terrain\"\n",
      "LuaScriptState": "",
      "XmlUI": "",
      "GUID": "8b7f38"
    },
    {
      "Name": "Custom_Assetbundle",
      "Transform": {
        "posX": -4.172325E-07,
        "posY": 0.92,
        "posZ": -7.0,
        "rotX": -1.07254652E-06,
        "rotY": 269.98764,
        "rotZ": -2.19572314E-07,
        "scaleX": 1.0,
        "scaleY": 1.25,
        "scaleZ": 1.0
      },
      "Nickname": "Ruined Walls",
      "Description": "Kategory: Obstacle \n\nTraits: Breachable, Dense Cover, Exposed Position, Unstable Position",
      "GMNotes": "",
      "ColorDiffuse": {
        "r": 1.0,
        "g": 1.0,
        "b": 1.0
      },
      "Locked": true,
      "Grid": true,
      "Snap": true,
      "IgnoreFoW": false,
      "MeasureMovement": false,
      "DragSelectable": true,
      "Autoraise": true,
      "Sticky": true,
      "Tooltip": true,
      "GridProjection": false,
      "HideWhenFaceDown": false,
      "Hands": false,
      "CustomAssetbundle": {
        "AssetbundleURL": "http://cloud-3.steamusercontent.com/ugc/1188335243477788978/E628CC0282AFE0C8CC95B5520A8502F66F418C18/",
        "AssetbundleSecondaryURL": "http://cloud-3.steamusercontent.com/ugc/1053227062939351632/C6C3C32748ECE0ADB33DF9D6F3B74A359DBC89C1/",
        "MaterialIndex": 1,
        "TypeIndex": 1,
        "LoopingEffectIndex": 0
      },
      "LuaScript": "\nBCBtype = \"terrain\"\n",
      "LuaScriptState": "",
      "XmlUI": "",
      "GUID": "86eeb8"
    },
    {
      "Name": "Custom_Assetbundle",
      "Transform": {
        "posX": -13.4956541,
        "posY": 0.9614985,
        "posZ": -6.49594164,
        "rotX": 4.23563023E-07,
        "rotY": 90.00003,
        "rotZ": -3.164424E-08,
        "scaleX": 0.75,
        "scaleY": 1.0,
        "scaleZ": 0.75
      },
      "Nickname": "Surrounded Barricade",
      "Description": "Kategory: Area Terrain \n\nTraits: Breachable, Light Cover, Heavy Cover, Defensible",
      "GMNotes": "",
      "ColorDiffuse": {
        "r": 1.0,
        "g": 1.0,
        "b": 1.0
      },
      "Locked": true,
      "Grid": true,
      "Snap": true,
      "IgnoreFoW": false,
      "MeasureMovement": false,
      "DragSelectable": true,
      "Autoraise": true,
      "Sticky": true,
      "Tooltip": true,
      "GridProjection": false,
      "HideWhenFaceDown": false,
      "Hands": false,
      "CustomAssetbundle": {
        "AssetbundleURL": "http://cloud-3.steamusercontent.com/ugc/1053227062939352340/8A5068CA4AF6FF477A41E2F2861F63D92D83351F/",
        "AssetbundleSecondaryURL": "http://cloud-3.steamusercontent.com/ugc/1053227062939351632/C6C3C32748ECE0ADB33DF9D6F3B74A359DBC89C1/",
        "MaterialIndex": 1,
        "TypeIndex": 1,
        "LoopingEffectIndex": 0
      },
      "LuaScript": "\nBCBtype = \"terrain\"\n",
      "LuaScriptState": "",
      "XmlUI": "",
      "GUID": "2475f8"
    },
    {
      "Name": "Custom_Assetbundle",
      "Transform": {
        "posX": 13.500001,
        "posY": 0.9614982,
        "posZ": 6.499999,
        "rotX": 1.099173E-07,
        "rotY": 90.0000153,
        "rotZ": 5.821199E-07,
        "scaleX": 0.75,
        "scaleY": 1.0,
        "scaleZ": 0.75
      },
      "Nickname": "Surrounded Barricade",
      "Description": "Kategory: Area Terrain \n\nTraits: Breachable, Defensible, Defence Line, Light Cover, Heavy Cover ",
      "GMNotes": "",
      "ColorDiffuse": {
        "r": 1.0,
        "g": 1.0,
        "b": 1.0
      },
      "Locked": true,
      "Grid": true,
      "Snap": true,
      "IgnoreFoW": false,
      "MeasureMovement": false,
      "DragSelectable": true,
      "Autoraise": true,
      "Sticky": true,
      "Tooltip": true,
      "GridProjection": false,
      "HideWhenFaceDown": false,
      "Hands": false,
      "CustomAssetbundle": {
        "AssetbundleURL": "http://cloud-3.steamusercontent.com/ugc/1053227062939352340/8A5068CA4AF6FF477A41E2F2861F63D92D83351F/",
        "AssetbundleSecondaryURL": "http://cloud-3.steamusercontent.com/ugc/1053227062939351632/C6C3C32748ECE0ADB33DF9D6F3B74A359DBC89C1/",
        "MaterialIndex": 1,
        "TypeIndex": 1,
        "LoopingEffectIndex": 0
      },
      "LuaScript": "\nBCBtype = \"terrain\"\n",
      "LuaScriptState": "",
      "XmlUI": "",
      "GUID": "43b53b"
    },
    {
      "Name": "Custom_Assetbundle",
      "Transform": {
        "posX": 1.1920929E-07,
        "posY": 0.92,
        "posZ": 7.0,
        "rotX": 1.83416512E-06,
        "rotY": 90.0,
        "rotZ": -1.279218E-07,
        "scaleX": 1.0,
        "scaleY": 1.25,
        "scaleZ": 1.0
      },
      "Nickname": "Ruined Walls",
      "Description": "Kategory: Obstacle \n\nTraits: Breachable, Dense Cover, Exposed Position, Unstable Position",
      "GMNotes": "",
      "ColorDiffuse": {
        "r": 1.0,
        "g": 1.0,
        "b": 1.0
      },
      "Locked": true,
      "Grid": true,
      "Snap": true,
      "IgnoreFoW": false,
      "MeasureMovement": false,
      "DragSelectable": true,
      "Autoraise": true,
      "Sticky": true,
      "Tooltip": true,
      "GridProjection": false,
      "HideWhenFaceDown": false,
      "Hands": false,
      "CustomAssetbundle": {
        "AssetbundleURL": "http://cloud-3.steamusercontent.com/ugc/1188335243477788978/E628CC0282AFE0C8CC95B5520A8502F66F418C18/",
        "AssetbundleSecondaryURL": "http://cloud-3.steamusercontent.com/ugc/1053227062939351632/C6C3C32748ECE0ADB33DF9D6F3B74A359DBC89C1/",
        "MaterialIndex": 1,
        "TypeIndex": 1,
        "LoopingEffectIndex": 0
      },
      "LuaScript": "\nBCBtype = \"terrain\"\n",
      "LuaScriptState": "",
      "XmlUI": "",
      "GUID": "53b628"
    },
    {
      "Name": "Custom_Assetbundle",
      "Transform": {
        "posX": 3.0,
        "posY": 0.92,
        "posZ": -10.0,
        "rotX": 6.97862447E-07,
        "rotY": 180.0122,
        "rotZ": 4.53568475E-07,
        "scaleX": 1.0,
        "scaleY": 1.0,
        "scaleZ": 1.0
      },
      "Nickname": "Ruined Walls",
      "Description": "Kategory: Obstacle \n\nTraits: Breachable, Dense Cover, Exposed Position, Unstable Position",
      "GMNotes": "",
      "ColorDiffuse": {
        "r": 1.0,
        "g": 1.0,
        "b": 1.0
      },
      "Locked": true,
      "Grid": true,
      "Snap": true,
      "IgnoreFoW": false,
      "MeasureMovement": false,
      "DragSelectable": true,
      "Autoraise": true,
      "Sticky": true,
      "Tooltip": true,
      "GridProjection": false,
      "HideWhenFaceDown": false,
      "Hands": false,
      "CustomAssetbundle": {
        "AssetbundleURL": "http://cloud-3.steamusercontent.com/ugc/1188335243477788978/E628CC0282AFE0C8CC95B5520A8502F66F418C18/",
        "AssetbundleSecondaryURL": "http://cloud-3.steamusercontent.com/ugc/1053227062939351632/C6C3C32748ECE0ADB33DF9D6F3B74A359DBC89C1/",
        "MaterialIndex": 1,
        "TypeIndex": 1,
        "LoopingEffectIndex": 0
      },
      "LuaScript": "\nBCBtype = \"terrain\"\n",
      "LuaScriptState": "",
      "XmlUI": "",
      "GUID": "d96791"
    },
    {
      "Name": "Custom_Assetbundle",
      "Transform": {
        "posX": 2.0,
        "posY": 0.92,
        "posZ": 5.0,
        "rotX": -3.67032669E-07,
        "rotY": 0.12446215,
        "rotZ": -1.39906234E-07,
        "scaleX": 1.0,
        "scaleY": 1.0,
        "scaleZ": 1.0
      },
      "Nickname": "Ruined Walls",
      "Description": "Kategory: Obstacle \n\nTraits: Breachable, Dense Cover, Exposed Position, Unstable Position",
      "GMNotes": "",
      "ColorDiffuse": {
        "r": 1.0,
        "g": 1.0,
        "b": 1.0
      },
      "Locked": true,
      "Grid": true,
      "Snap": true,
      "IgnoreFoW": false,
      "MeasureMovement": false,
      "DragSelectable": true,
      "Autoraise": true,
      "Sticky": true,
      "Tooltip": true,
      "GridProjection": false,
      "HideWhenFaceDown": false,
      "Hands": false,
      "CustomAssetbundle": {
        "AssetbundleURL": "http://cloud-3.steamusercontent.com/ugc/1188335243477788978/E628CC0282AFE0C8CC95B5520A8502F66F418C18/",
        "AssetbundleSecondaryURL": "http://cloud-3.steamusercontent.com/ugc/1053227062939351632/C6C3C32748ECE0ADB33DF9D6F3B74A359DBC89C1/",
        "MaterialIndex": 1,
        "TypeIndex": 1,
        "LoopingEffectIndex": 0
      },
      "LuaScript": "\nBCBtype = \"terrain\"\n",
      "LuaScriptState": "",
      "XmlUI": "",
      "GUID": "b519fa"
    },
    {
      "Name": "Custom_Assetbundle",
      "Transform": {
        "posX": -2.0,
        "posY": 0.92,
        "posZ": -5.0,
        "rotX": -4.18003935E-07,
        "rotY": 179.990234,
        "rotZ": -9.568644E-08,
        "scaleX": 1.0,
        "scaleY": 1.0,
        "scaleZ": 1.0
      },
      "Nickname": "Ruined Walls",
      "Description": "Kategory: Obstacle \n\nTraits: Breachable, Dense Cover, Exposed Position, Unstable Position",
      "GMNotes": "",
      "ColorDiffuse": {
        "r": 1.0,
        "g": 1.0,
        "b": 1.0
      },
      "Locked": true,
      "Grid": true,
      "Snap": true,
      "IgnoreFoW": false,
      "MeasureMovement": false,
      "DragSelectable": true,
      "Autoraise": true,
      "Sticky": true,
      "Tooltip": true,
      "GridProjection": false,
      "HideWhenFaceDown": false,
      "Hands": false,
      "CustomAssetbundle": {
        "AssetbundleURL": "http://cloud-3.steamusercontent.com/ugc/1188335243477788978/E628CC0282AFE0C8CC95B5520A8502F66F418C18/",
        "AssetbundleSecondaryURL": "http://cloud-3.steamusercontent.com/ugc/1053227062939351632/C6C3C32748ECE0ADB33DF9D6F3B74A359DBC89C1/",
        "MaterialIndex": 1,
        "TypeIndex": 1,
        "LoopingEffectIndex": 0
      },
      "LuaScript": "\nBCBtype = \"terrain\"\n",
      "LuaScriptState": "",
      "XmlUI": "",
      "GUID": "4d1a90"
    },
    {
      "Name": "Custom_Assetbundle",
      "Transform": {
        "posX": -3.0,
        "posY": 0.92,
        "posZ": 10.0,
        "rotX": -1.2821821E-06,
        "rotY": 0.0252949689,
        "rotZ": 7.195325E-08,
        "scaleX": 1.0,
        "scaleY": 1.0,
        "scaleZ": 1.0
      },
      "Nickname": "Ruined Walls",
      "Description": "Kategory: Obstacle \n\nTraits: Breachable, Dense Cover, Exposed Position, Unstable Position",
      "GMNotes": "",
      "ColorDiffuse": {
        "r": 1.0,
        "g": 1.0,
        "b": 1.0
      },
      "Locked": true,
      "Grid": true,
      "Snap": true,
      "IgnoreFoW": false,
      "MeasureMovement": false,
      "DragSelectable": true,
      "Autoraise": true,
      "Sticky": true,
      "Tooltip": true,
      "GridProjection": false,
      "HideWhenFaceDown": false,
      "Hands": false,
      "CustomAssetbundle": {
        "AssetbundleURL": "http://cloud-3.steamusercontent.com/ugc/1188335243477788978/E628CC0282AFE0C8CC95B5520A8502F66F418C18/",
        "AssetbundleSecondaryURL": "http://cloud-3.steamusercontent.com/ugc/1053227062939351632/C6C3C32748ECE0ADB33DF9D6F3B74A359DBC89C1/",
        "MaterialIndex": 1,
        "TypeIndex": 1,
        "LoopingEffectIndex": 0
      },
      "LuaScript": "\nBCBtype = \"terrain\"\n",
      "LuaScriptState": "",
      "XmlUI": "",
      "GUID": "f663e8"
    },
    {
      "Name": "Custom_Assetbundle",
      "Transform": {
        "posX": 13.5,
        "posY": -2.1,
        "posZ": -6.5,
        "rotX": 6.036208E-07,
        "rotY": 90.0,
        "rotZ": 1.81115627E-06,
        "scaleX": 0.75,
        "scaleY": 1.0,
        "scaleZ": 0.75
      },
      "Nickname": "Ruins",
      "Description": "Kategory: Area Terrain \n\nTraits: Scaleable, Breachable, Light Cover, Defensible, Obscuring",
      "GMNotes": "",
      "ColorDiffuse": {
        "r": 1.0,
        "g": 1.0,
        "b": 1.0
      },
      "Locked": true,
      "Grid": true,
      "Snap": true,
      "IgnoreFoW": false,
      "MeasureMovement": false,
      "DragSelectable": true,
      "Autoraise": true,
      "Sticky": true,
      "Tooltip": true,
      "GridProjection": false,
      "HideWhenFaceDown": false,
      "Hands": false,
      "CustomAssetbundle": {
        "AssetbundleURL": "http://cloud-3.steamusercontent.com/ugc/1053227062939316049/6D86AABBE50523AB2AB99A3A2047D492C5158D99/",
        "AssetbundleSecondaryURL": "http://cloud-3.steamusercontent.com/ugc/1053227062939351632/C6C3C32748ECE0ADB33DF9D6F3B74A359DBC89C1/",
        "MaterialIndex": 1,
        "TypeIndex": 1,
        "LoopingEffectIndex": 0
      },
      "LuaScript": "\nBCBtype = \"terrain\"\n",
      "LuaScriptState": "",
      "XmlUI": "",
      "GUID": "81f1cb"
    },
    {
      "Name": "Custom_Model",
      "Transform": {
        "posX": 0.0,
        "posY": -9.52,
        "posZ": 0.0,
        "rotX": 0.0,
        "rotY": 0.0,
        "rotZ": 0.0,
        "scaleX": 1.22,
        "scaleY": 1.0,
        "scaleZ": 0.83
      },
      "Nickname": "Mat url debug",
      "Description": "",
      "GMNotes": "",
      "ColorDiffuse": {
        "r": 1.0,
        "g": 1.0,
        "b": 1.0
      },
      "Locked": true,
      "Grid": true,
      "Snap": true,
      "IgnoreFoW": false,
      "MeasureMovement": false,
      "DragSelectable": true,
      "Autoraise": true,
      "Sticky": true,
      "Tooltip": true,
      "GridProjection": false,
      "HideWhenFaceDown": false,
      "Hands": false,
      "CustomMesh": {
        "MeshURL": "http://cloud-3.steamusercontent.com/ugc/879750610978796176/4A5A65543B98BCFBF57E910D06EC984208223D38/",
        "DiffuseURL": "https://steamuserimages-a.akamaihd.net/ugc/961990768477358932/73C74608E61F99D1306818739324FFB6DB3FF8C1/",
        "NormalURL": "",
        "ColliderURL": "",
        "Convex": true,
        "MaterialIndex": 0,
        "TypeIndex": 0,
        "CastShadows": true
      },
      "LuaScript": "\nBCBtype = \"terrain\"\n",
      "LuaScriptState": "",
      "XmlUI": "",
      "GUID": "dc94f3"
    }
  ],
  "LuaScript": "--[[ Lua code. See documentation: https://api.tabletopsimulator.com/ --]]\n\nturnOrder={}\nnonPlaying={\"White\", \"Brown\",\"Orange\",\"Yellow\",\"Green\",\"Teal\",\"Purple\",\"Pink\" }\nallowMenu=true\nallowAutoSeat=true\nredPlayerID=\"\"\nbluePlayerID=\"\"\nstartMenu_GUID=\"738804\"\nstartMenu=nil\n\nfunction nextPhase(playerObj, button, elementId)\n    local altClick= false\n    local playerColor=playerObj.color\n\n    if button ~= \"-1\" then\n        altClick =  true\n    end\n    startMenu.call(\"nextPhaseFromGlobal\", {alt=altClick, color=playerColor})\nend\n\n\nfunction onSave()\n    saved_data = JSON.encode({\n                                svredPlayerID=redPlayerID,\n                                svbluePlayerID=bluePlayerID\n                            })\n    --saved_data = \"\"\n    return saved_data\nend\n\nfunction onLoad(saved_data)\n    Turns.enable=false\n    --- load vars from saved\n    if saved_data ~= \"\" then\n         local loaded_data = JSON.decode(saved_data)\n         redPlayerID = loaded_data.svredPlayerID\n         bluePlayerID = loaded_data.svbluePlayerIDs\n    else\n        redPlayerID=\"\"\n        bluePlayerID=\"\"\n    end\n    ---- end loading\n    startMenu=getObjectFromGUID(startMenu_GUID)\n    if allowMenu then\n        if allowAutoSeat and redPlayerID ~= \"\" and bluePlayerID ~= \"\" then --  if the game is not started dont autoseat\n                autoSeatAll()\n        else\n\n            Global.UI.setAttribute(\"main\", \"active\", \"true\")\n            local presentPersons= Player.getPlayers()\n            for i, person in ipairs(presentPersons) do\n                person.team=\"Diamonds\"\n            end\n            presentPersons= Player.getSpectators()\n            for i, person in ipairs(presentPersons) do\n                person.team=\"Diamonds\"\n            end\n            showHideRedBlueBtn()\n        end\n    else\n        Global.UI.setAttribute(\"main\", \"active\", \"false\")\n    end\n    Global.UI.setAttribute(\"main\", \"active\", \"false\")\n\n    Global.UI.setAttribute(\"redirect\", \"active\", \"true\")\nend\n\n\nfunction closeRedir()\n    Global.UI.setAttribute(\"redirect\", \"active\", \"false\")\n    if allowMenu then\n        Global.UI.setAttribute(\"main\", \"active\", \"true\")\n    end\nend\n\n\nfunction autoSeatPerson(_person)\n    if _person.steam_id == redPlayerID then\n        if Player.Red.seated then\n            Player.Red.changeColor(\"Grey\")\n        end\n        _person.changeColor(\"Red\")\n        _person.team=\"None\"\n        return\n    end\n    if _person.steam_id == bluePlayerID then\n        if Player.Blue.seated then\n            Player.Blue.changeColor(\"Grey\")\n        end\n        _person.changeColor(\"Blue\")\n        _person.team=\"None\"\n        return\n    end\n    --_person.changeColor(\"Grey\")\n    _person.team=\"None\"\nend\n\nfunction autoSeatGroup(persons)\n    for i, person in ipairs(persons) do\n        autoSeatPerson(person)\n    end\nend\n\n\nfunction autoSeatAll()\n    if redPlayerID==\"\" or bluePlayerID==\"\" then --  if the game is not started dont autoseat\n        return\n    end\n    local presents = Player.getPlayers()\n    autoSeatGroup(presents)\n    presents = Player.getSpectators()\n    autoSeatGroup(presents)\nend\n\nfunction recordPlayers()\n    redPlayerID= Player.Red.steam_id\n    bluePlayerID= Player.Blue.steam_id\nend\n\nfunction onPlayerChangeColor(player_color)\n    promotePlayers()\n    --demotePlayers()  -- RIC\n    showHideRedBlueBtn()\nend\n\nfunction onPlayerConnect(player_id)\n    if allowMenu then\r\n        if allowAutoSeat and redPlayerID ~= \"\" and bluePlayerID ~= \"\" then --  if the game is not started dont autoseat\r\n                autoSeatPerson(player_id)\r\n        else\r\n        player_id.team=\"Diamonds\"\n        end\n    end\nend\n\nfunction promotePlayers()\n    local colors={\"Red\", \"Blue\", \"Orange\", \"Yellow\", \"Purple\", \"Teal\"}\n    for i, color in ipairs(colors) do\n        if Player[color].seated and  Player[color].host == false then\n             Player[color].promote(true)\n        end\n    end\nend\n\nfunction demotePlayers()\n    for i, color in ipairs(nonPlaying) do\n        if Player[color].seated  and Player[color].host == false then\n            Player[color].promote(false)\n        end\n    end\n    local spectators=Player.getSpectators()\n    for i, person in ipairs(spectators) do\n        if person.host == false then\n            person.promote(false)\n        end\n    end\nend\n\nfunction promotePlayersOnConnect()  --NOT USED\n    if player_color == \"Red\" or player_color == \"Blue\"  then\n        Player[\"Red\"].promote(true)\n        Player[\"Blue\"].promote(true)\n    end\nend\r\n\r\nfunction showHideRedBlueBtn()\r\n    if allowMenu then\r\n        if Player.Red.seated == true then\r\n            Global.UI.setAttribute(\"redBtn\", \"active\", \"false\")\r\n        else\r\n            Global.UI.setAttribute(\"redBtn\", \"active\", \"true\")\r\n        end\r\n        if Player.Blue.seated == true then\r\n            Global.UI.setAttribute(\"blueBtn\", \"active\", \"false\")\r\n        else\r\n            Global.UI.setAttribute(\"blueBtn\", \"active\", \"true\")\r\n        end\r\n    end\r\nend\r\n\r\nfunction placeToColor(player, color)\r\n    player.changeColor(color)\r\n    player.team=\"None\"\r\n    --printToColor(\"READ INSTRUCTIONS FIRST!\\n(Purple buttons on table)\", color, \"Purple\")\r\n    broadcastToColor(\"READ INSTRUCTIONS FIRST!\\n(Purple buttons on table)\", color, \"Purple\")\r\nend\r\n\r\nfunction placeToRed(player, value, id)\r\n    placeToColor(player, \"Red\")\r\n    --player.changeColor(\"Red\")\r\n    --player.team=\"None\"\r\nend\r\n\r\nfunction placeToBlue(player, value, id)\r\n    placeToColor(player, \"Blue\")\r\n    --player.changeColor(\"Blue\")\r\n    --player.team=\"None\"\r\nend\r\n\r\nfunction placeToGray(player, value, id)\r\n    placeToColor(player, \"Grey\")\r\n    --player.changeColor(\"Grey\")\r\n    --player.team=\"None\"\r\nend\r\nfunction openTerrain()\r\n    Global.UI.setAttribute(\"terrainInfo1\", \"active\", \"true\")\r\n    Global.UI.setAttribute(\"terrainInfo2\", \"active\", \"false\")\r\nend\r\nfunction page2Terrain()\r\n    Global.UI.setAttribute(\"terrainInfo1\", \"active\", \"false\")\r\n    Global.UI.setAttribute(\"terrainInfo2\", \"active\", \"true\")\r\nend\r\nfunction closeTerrain()\r\n    Global.UI.setAttribute(\"terrainInfo1\", \"active\", \"false\")\r\n    Global.UI.setAttribute(\"terrainInfo2\", \"active\", \"false\")\r\nend\r\nfunction openGame()\r\n    Global.UI.setAttribute(\"gameInfo1\", \"active\", \"true\")\r\n    Global.UI.setAttribute(\"gameInfo2\", \"active\", \"false\")\r\nend\r\nfunction page2Game()\r\n    Global.UI.setAttribute(\"gameInfo1\", \"active\", \"false\")\r\n    Global.UI.setAttribute(\"gameInfo2\", \"active\", \"true\")\r\nend\r\nfunction closeGame()\r\n    Global.UI.setAttribute(\"gameInfo1\", \"active\", \"false\")\r\n    Global.UI.setAttribute(\"gameInfo2\", \"active\", \"false\")\r\nend\r\nfunction closeMenu(player, value, id)\r\n    player.team=\"None\"\r\n    broadcastToColor(\"READ INSTRUCTIONS FIRST!\\n(Purple buttons on table)\", player.color, \"Purple\")\r\nend\r\n\r\nbackPosition={{0,0,0},{0,0,0},{0,0,0},{0,0,0}}\r\nfunction goToDiceRoller(player, value, id)\r\n    local matPositionOffset=12\r\n    local color=player.color\r\n    local diceMatGUID=\"b14cd6\"\r\n    local i=1\r\n    if color == \"Red\" then\r\n        diceMatGUID=\"c57d70\"\r\n        i=1\r\n    end\r\n    if color == \"Orange\" then\r\n        diceMatGUID=\"c57d70\"\r\n        i=2\r\n    end\r\n    if color == \"Blue\" then\r\n        diceMatGUID=\"a84ed2\"\r\n        i=3\r\n        matPositionOffset=-matPositionOffset\r\n    end\r\n    if color == \"Teal\" then\r\n        diceMatGUID=\"a84ed2\"\r\n        i=4\r\n        matPositionOffset=-matPositionOffset\r\n    end\r\n    if Player[color].getSelectedObjects()[1] ~= nil then\r\n        backPosition[i]=Player[color].getSelectedObjects()[1].getPosition()\r\n    else\r\n        --[[  -- OLD CODE TO GO BACK USING POINTER POSITION. NOW BACK POSITION IS 0 0 0\r\n        local pointerPos=Player[color].getPointerPosition()\r\n        local pointerRot=Player[color].getPointerRotation()\r\n        --print(pointerRot)\r\n        local offsetX= -40\r\n        local offsetZ= 35\r\n        if pointerRot >= 0 and pointerRot< 0+45 then\r\n            --\r\n            offsetX=0\r\n            offsetZ=-offsetZ\r\n        end\r\n        if pointerRot >= 90-45 and pointerRot< 90+45 then\r\n            offsetX= -offsetX\r\n            offsetZ=0\r\n        end\r\n        if pointerRot >= 180-45 and pointerRot< 180+45 then\r\n            offsetX= 0\r\n        --\r\n        end\r\n        if pointerRot >= 270-45 and pointerRot< 270+45 then\r\n            offsetX=offsetX\r\n            offsetZ=0\r\n        end\r\n        if pointerRot >= 270+45 and pointerRot< 360 then\r\n            --\r\n            offsetX=0\r\n            offsetZ=-offsetZ\r\n        end\r\n    --    print(\"X \"..offsetX)\r\n        --    print(\"Z \"..offsetZ)\r\n        backPosition[i]={pointerPos.x+offsetX,pointerPos.y,pointerPos.z+offsetZ}\r\n    ]]\r\n    end\r\n\r\n    local matPos=getObjectFromGUID(diceMatGUID).getPosition()\r\n    matPos.x=matPos.x+matPositionOffset\r\n    moveCameraTo(matPos,30,color)\r\nend\r\n\r\nfunction goToSquad(player, value, id)\r\n    local i = 1\r\n    local color=player.color\r\n    if color == \"Red\" then\r\n        i=1\r\n    end\r\n    if color == \"Orange\" then\r\n        i=2\r\n    end\r\n    if color == \"Blue\" then\r\n        i=3\r\n    end\r\n    if color == \"Teal\" then\r\n        i=4\r\n    end\r\n    moveCameraTo(backPosition[i], 20, color)\r\nend\r\nfunction moveCameraTo(pos, dist, color)\r\n    if color == \"Red\" then\r\n        rot = {0,180,0}\r\n    end\r\n    if color == \"Orange\" then\r\n        rot = {0,180,0}\r\n    end\r\n    if color == \"Blue\" then\r\n        rot = {0,0,0}\r\n    end\r\n    if color == \"Teal\" then\r\n        rot = {0,0,0}\r\n    end\r\n    if pos[2]==0 then dist=dist+30 end\r\n    Player[color].lookAt({position=pos, pitch=90, yaw=rot[2], distance=dist})\r\nend",
  "LuaScriptState": "{\"svredPlayerID\":\"\"}",
  "XmlUI": "<!-- Xml UI. See documentation: https://api.tabletopsimulator.com/ui/introUI/ -->\r\n<Defaults>\r\n  <Button width=\"550\" height=\"300\" fontSize=\"40\" onClick=\"\" fontStyle=\"Bold\"/>\r\n  <Text fontSize=\"100\" color=\"#000000\" fontStyle=\"Bold\"/>\r\n</Defaults>\r\n\r\n<Panel id=\"redirect\" active=\"false\" position=\"0 0 0\" scale=\"0.6 0.6 0.6\" offsetXY=\"0 0\" color=\"White\" >\r\n  <Text offsetXY=\"0 470\" fontSize=\"50\" color=\"Red\">WARNING</Text>\r\n\r\n<Text id=\"coreRedirect\" offsetXY=\"0 0\" fontSize=\"36\">\r\n    THIS IS A \"LEAK\" MAP !!\r\n\r\n    Made just to test the new 9th edition leaks!\r\n</Text>\r\n\r\n\r\n\r\n\r\n\r\n\r\n  <Button id=\"closeRedirectBtn\" active=\"true\" offsetXY=\"0 -475\"  color=\"#000000\" textColor=\"#aaaaaa\" width=\"500\" height=\"80\"  fontSize=\"30\" onClick=\"closeRedir\">CLOSE</Button>\r\n  <Text id=\"closeRedirectLbl\" active=\"true\" offsetXY=\"0 -475\" textColor=\"White\" fontSize=\"30\">\r\n  </Text>\r\n</Panel>\r\n\r\n<Panel id=\"main\" active=\"false\" position=\"0 0 0\" scale=\"0.5 0.5 0.5\" offsetXY=\"0 0\" color=\"#999999\" visibility=\"Diamonds\">\r\n  <Text offsetXY=\"0 400\">CHOOSE YOUR SEAT</Text>\r\n  <Button id=\"redBtn\" offsetXY=\"-300 100\" color=\"#bb0000\"  onClick=\"placeToRed\">Red Player</Button>\r\n  <Button id=\"blueBtn\" offsetXY=\"300 100\" color=\"#0033bb\" textColor=\"#aaaaaa\" onClick=\"placeToBlue\">Blue Player</Button>\r\n  <Text fontSize=\"45\" color=\"#bb0000\" offsetXY=\"0 -100\" >USE OTHER PLAYER COLORS AT YOUR OWN RISK !</Text>\r\n  <Button id=\"greyBtn\" offsetXY=\"0 -250\"  color=\"#666666\" width=\"1150\" height=\"200\"  onClick=\"placeToGray\">Spectator</Button>\r\n  <Button id=\"closeBtn\" offsetXY=\"0 -475\"  color=\"#000000\" textColor=\"#aaaaaa\" width=\"500\" height=\"80\"  fontSize=\"30\" onClick=\"closeMenu\">CLOSE MENU</Button>\r\n</Panel>\r\n\r\n\r\n\r\n<Panel id=\"rollDice\" active=\"true\" position=\"-635 515 0\" scale=\"0.5 0.5 0.5\" offsetXY=\"0 0\" color=\"#99999900\" visibility=\"None|Hearts|Spades\">\r\n<Text fontSize=\"25\" color=\"Grey\" offsetXY=\"0 -65\" >( SELECT A MODEL FIRST )</Text>\r\n  <Button id=\"toDiceRoller\" offsetXY=\"150 0\" color=\"Black\" textColor=\"Green\" onClick=\"goToDiceRoller\" width=\"270\" height=\"90\" fontSize=\"30\"  fontStyle=\"Bold\">TO DICE ROLLER</Button>\r\n  <Button id=\"toSquad\" offsetXY=\"-150 0\" color=\"Black\" textColor=\"Red\"  onClick=\"goToSquad\"             width=\"270\" height=\"90\" fontSize=\"30\"  fontStyle=\"Bold\">BACK TO SQUAD</Button>\r\n</Panel>\r\n\r\n<Panel id=\"passTurn\" active=\"true\" position=\"525 495 0\" scale=\"0.5 0.5 0.5\" offsetXY=\"0 0\" color=\"#99999900\" visibility=\"Black\">\r\n  <Button id=\"passTurnBtn\" offsetXY=\"0 0\" color=\"Red\" textColor=\"White\" onClick=\"nextPhase\" width=\"200\" height=\"180\" fontSize=\"35\"  fontStyle=\"Bold\"></Button>\r\n  <Text id=\"passTurnTxt\" offsetXY=\"0 0\" color=\"White\" textColor=\"White\" onClick=\"nextPhase\" width=\"180\" height=\"180\" fontSize=\"35\"  fontStyle=\"Bold\">NEXT PHASE</Text>\r\n</Panel>\r\n\r\n<Panel id=\"terrainInfo1\" active=\"false\" position=\"0 0 0\" scale=\"1 1 1\" offsetXY=\"0 0\" color=\"#999999\">\r\n <Text fontSize=\"50\" offsetXY=\"0 500\">TERRAIN BUILDER INSTRUCTIONS</Text>\r\n   <Text fontSize=\"16\" fontStyle=\"Bold\">This map is made to prepare terrain for the BaconCatBug Template v2.0 or later versions but works with other templates too if the gaming mat position is 0,0,0 .\r\n\r\n\r\nPREPARING THE TERRAIN:\r\n\r\nPrepare your terrain as you like, be sure that all elements are tolally inside the gaming mat, no parts have to be outside.\r\n\r\nThe battlemat is a modified \"Flex Table\" (by MrStump) with fixed dimensions. You can change the mat background by clicking on the white button on one of the legs and paste the URL of the image.\r\nYou can store some URL in memory by adding them individually so you can recall them easily.\r\nYou dont need anymore to edit the mat image to fit the bigger dimension of the table, only the gaming area will change, not the entire table.\r\nThere are some preset mats, so you already have something to work with, but feel free to use any URL that you like.\r\n\r\nWhen the terrain and the mat are ready, press the \"EXTRACT TERRAIN\" button present in the table control menu and confirm.\r\nYou will then have a map only with the terrain features and a blue brick that is a service token used to store the URL of the mat image. This brick is invisible and not interactable but it has its own menu that will display when loading the terrain.\r\n\r\nAll outside the gaming mat will be deleted.\r\n\r\nSave then the map in another local savefile or upload it to the workshop.\r\n\r\nThe \"DELETE TERRAIN\" button deletes all but the table inside the gaming area, useful for starting from scratch.\r\n\r\nLOADING THE TERRAIN:\r\n\r\nOpen the gaming template then make an ADDITIVE LOAD of the terrain map saved or present in the workshop.\r\n\r\nThe terrain will be put on the gaming mat and the mat image will change automatically.\r\nIn case it doesnt works you can copy the URL and apply it manually using the \"Flex Table\" menu.\r\n\r\nWhen done you can erease the menu showing the saved URL by clicking the proper button. It's NOT reversible.\r\n\r\nHave fun!</Text>\r\n  <Button id=\"closeBtnT\" offsetXY=\"0 -500\"  color=\"#000000\" textColor=\"#aaaaaa\" width=\"180\" height=\"60\"  fontSize=\"30\" onClick=\"closeTerrain\">CLOSE</Button>\r\n\r\n</Panel>\r\n\r\n\r\n<Panel id=\"gameInfo1\" active=\"false\" position=\"0 0 0\" scale=\"1 1 1\" offsetXY=\"0 0\" color=\"#999999\">\r\n\r\n <Text fontSize=\"50\" offsetXY=\"0 500\">GAMING INSTRUCTIONS AND IMPROVEMENTS</Text>\r\n   <Text fontSize=\"16\" fontStyle=\"Bold\">The battle mat is a modified \"Flex Table\" (by MrStump) with fixed dimensions. You can change the background of the mat by clicking on the white button on one of the legs and paste the URL of the image.\r\n\r\n   You can store URLs in memory by adding them individually so you can recall them easily if you want to make a local version with stored images.\r\n   An improvement in version 2 is that you now only need to provide the image of the battle mat itself, you don’t need to edit a massive image containing the felt part. For best results, use an image with the correct ratio!\r\n\r\n   Objective markers have a 3\" sphere state so you can easily check range. The number of the objective is shown even in that state, by clicking on the button it will go back to state one. The tokens also have a generic back for hidden objectives, you can switch to the sphere mode too but in that case no number will be displayed.\r\n\r\n   To roll dice simply drop them into the small cardboard box, it will roll them and place them in order on the rolling mat. It supports both d6 and d12.\r\n   The rolling mat will display the results along with the total dice rolled.\r\n   Also present buttons to spawn dice of 4 colors, to grab them to roll them, to clear the mat. Near each row of dice are present buttons to delete or select dice rows, left click affects only that row, right click affects that row plus all the lower (-) . To change to upper (+) selection click on the \" - / + \" button, the change is for the next click only.\r\n   Use the description of the small box to change your preferences and the behavior of the tool.\r\n\r\n   You can find a set of useful generic tokens at the head of the table, copy them and use them as you see fit.\r\n\r\n   Activation tokens: an interactive token can be placed near each squad to keep trak of which one has acted in each phase. \"Green\" means that the squad has to act, \"Red\" that it has already acted.\r\n   To change the state just click on the coloured button. All the tokens are reset automatically at each phase/turn change. You can manually reset them by clicking on any \"Reset Activation tokens\" button.\r\n   With the token selected you can use the Numpad1 and Numpad2 to lower/rise the position of the button.\r\n\r\n   Wound trackers: an interactive token can be placed near each model to keep track of its remaining wounds. To reduce the number left click on the button, to increase it right click.\r\n   With the token selected you can use the Numpad1 and Numpad2 to lower/rise the position of the button.\r\n\r\n   The counters are self explanatory, the players turn and the game turn ones are automatic, you don't need to update the manually. The victory ones will reflect the value of the ITC Score sheet if you use it.\r\n\r\n   Added infinite bags of d3, d6 and d12.\r\n\r\n   When loading a save file of a started game, the players will be automatically placed in the seats they had when started to play.\r\n\r\n   The action cameras are for fun only, you can see what a mini see!\r\n\r\n\r\n   SETTING UP THE GAME\r\n\r\n   When loading or connecting choose your seat in the shown menu.\r\n\r\n   Additive load a terrain save file for BCB Gaming Template v2.0 or above, the map and the mat background will be placed. Confirm it or remove if you want to change with another map.\r\n   In the table control menu there is a button tho erease all but the table in the gaming area, in case you wrongly confirmed. This button erease already placed armies nad other things too.\r\n   You can make those save files with the Terrain Generator feature in this map. Check the relative instructions.\r\n\r\n   Each player can spawn his or her own Objective Deck, Psychic Power Deck and Special Token Bag by clicking the button on the relative area and choosing from the menu. You can change them multiple times and when you are done confirm each item.\r\n   The Tactical Objective cards should snap in position and rotation onto the \"Discard\" slot. The hands are in the middle so you can draw cards from deck easily.\r\n\r\n   You can then import your army. If you import one made with the BCB Army Builder v2.0 or above (you can find it in the workshop) just additive load the save file and use the buttons to place the army on your side or remove it if you want to change it. Make sure that nobody loads a new army until the previous one is placed or deleted to prevent physics spaz.\r\n\r\n   Use the menu on the top of the gaming mat to place the chosen deployment areas and if needed the ITC Objectives for the chosen Scenario.\r\n\r\n\r\n    STARTING THE GAME instruction on next page!\r\n\r\n</Text>\r\n  <Button id=\"closeBtnT\" offsetXY=\"0 -500\"  color=\"#000000\" textColor=\"#aaaaaa\" width=\"180\" height=\"60\"  fontSize=\"30\" onClick=\"closeGame\">CLOSE</Button>\r\n  <Button id=\"page1BtnT\" offsetXY=\"200 -500\"  color=\"#000000\" textColor=\"#aaaaaa\" width=\"180\" height=\"60\"  fontSize=\"30\" onClick=\"page2Game\">PAGE 2</Button>\r\n</Panel>\r\n<Panel id=\"gameInfo2\" active=\"false\" position=\"0 0 0\" scale=\"1 1 1\" offsetXY=\"0 0\" color=\"#999999\">\r\n <Text fontSize=\"50\" offsetXY=\"0 500\">GAMING INSTRUCTIONS AND IMPROVEMENTS</Text>\r\n   <Text fontSize=\"16\" fontStyle=\"Bold\">\r\n      STARTING THE GAME\r\n\r\n      Deploy the armies as per the rules for the mission you are playing..\r\n\r\n      Select the starting player with the toggle button and when you are ready start the game with the relative button. Turns will be automatically enabled in the chosen order.\r\n\r\n      During game you can recall the selected deployment zones and the range checkers by clicking on the relative buttons placed near the top of battle mat.\r\n      You also can use buttons on upper left to go easily to dice roller and back (select a model first to go back to it)\r\n\r\n      At the start of the 6th and 7th turn you will receive a warning for checking if the game ends or not. Make your choice with the buttons that will spawn around the turn counter.  At the start of 8th turn you will be notified that the game is over.\r\n\r\n      You can save and load your game at any point of the game or setup. In case of bugs simply let BaconCatBug or [BCS]Phubar know and it will be dealt with as soon as possible\r\n  </Text>\r\n  <Button id=\"closeBtnT\" offsetXY=\"0 -500\"  color=\"#000000\" textColor=\"#aaaaaa\" width=\"180\" height=\"60\"  fontSize=\"30\" onClick=\"closeGame\">CLOSE</Button>\r\n   <Button id=\"page1BtnT\" offsetXY=\"-200 -500\"  color=\"#000000\" textColor=\"#aaaaaa\" width=\"180\" height=\"60\"  fontSize=\"30\" onClick=\"openGame\">PAGE 1</Button>\r\n</Panel>",
  "VersionNumber": "v12.4.3"
}