{
  "SaveName": "Ruins",
  "GameMode": "Custom",
  "Gravity": 0.5,
  "PlayArea": 0.5,
  "Date": "3/1/2020 12:34:18 AM",
  "Table": "Table_Custom",
  "TableURL": "http://cloud-3.steamusercontent.com/ugc/787505667313792458/F6BAB0F50D80FA31C8AAD825AF1E39C0F2B8512F/",
  "Sky": "Sky_Field",
  "Note": "",
  "Rules": "",
  "XmlUI": "<!-- Xml UI. See documentation: https://api.tabletopsimulator.com/ui/introUI/ -->",
  "LuaScript": "--[[ Lua code. See documentation: http://berserk-games.com/knowledgebase/scripting/ --]]\n\n--[[ The onLoad event is called after the game save finishes loading. --]]\nfunction onLoad()\n    --[[ print('onLoad!') --]]\nend\n\n--[[ The onUpdate event is called once per frame. --]]\nfunction onUpdate ()\n    --[[ print('onUpdate loop!') --]]\nend",
  "LuaScriptState": "",
  "Grid": {
    "Type": 0,
    "Lines": false,
    "Color": {
      "r": 0.0,
      "g": 0.0,
      "b": 0.0
    },
    "Opacity": 0.75,
    "ThickLines": false,
    "Snapping": false,
    "Offset": false,
    "BothSnapping": false,
    "xSize": 2.0,
    "ySize": 2.0,
    "PosOffset": {
      "x": 0.0,
      "y": 1.0,
      "z": 0.0
    }
  },
  "Lighting": {
    "LightIntensity": 0.54,
    "LightColor": {
      "r": 1.0,
      "g": 0.9804,
      "b": 0.8902
    },
    "AmbientIntensity": 1.3,
    "AmbientType": 0,
    "AmbientSkyColor": {
      "r": 0.5,
      "g": 0.5,
      "b": 0.5
    },
    "AmbientEquatorColor": {
      "r": 0.5,
      "g": 0.5,
      "b": 0.5
    },
    "AmbientGroundColor": {
      "r": 0.5,
      "g": 0.5,
      "b": 0.5
    },
    "ReflectionIntensity": 1.0,
    "LutIndex": 0,
    "LutContribution": 1.0
  },
  "Hands": {
    "Enable": true,
    "DisableUnused": false,
    "Hiding": 0,
    "HandTransforms": [
      {
        "Color": "Blue",
        "Transform": {
          "posX": 23.6700039,
          "posY": 2.79996347,
          "posZ": 34.4527626,
          "rotX": 0.0,
          "rotY": 179.8,
          "rotZ": 0.0,
          "scaleX": 15.3462839,
          "scaleY": 11.8970528,
          "scaleZ": 6.360111
        }
      },
      {
        "Color": "Brown",
        "Transform": {
          "posX": 0.0,
          "posY": 2.79996347,
          "posZ": -34.42515,
          "rotX": 0.0,
          "rotY": 0.0,
          "rotZ": 0.0,
          "scaleX": 15.3268919,
          "scaleY": 11.8970528,
          "scaleZ": 6.35014534
        }
      },
      {
        "Color": "Green",
        "Transform": {
          "posX": -23.6700039,
          "posY": 2.79996347,
          "posZ": 34.43159,
          "rotX": 0.0,
          "rotY": 180.0,
          "rotZ": 0.0,
          "scaleX": 15.3268747,
          "scaleY": 11.8970528,
          "scaleZ": 6.35014534
        }
      },
      {
        "Color": "Orange",
        "Transform": {
          "posX": -51.6596222,
          "posY": 2.79996347,
          "posZ": -11.7324,
          "rotX": 0.0,
          "rotY": 90.0,
          "rotZ": 0.0,
          "scaleX": 15.21138,
          "scaleY": 11.8970528,
          "scaleZ": 6.415008
        }
      },
      {
        "Color": "Pink",
        "Transform": {
          "posX": 51.64263,
          "posY": 2.79996347,
          "posZ": -11.7324,
          "rotX": 0.0,
          "rotY": 270.0,
          "rotZ": 0.0,
          "scaleX": 15.2113647,
          "scaleY": 11.8970528,
          "scaleZ": 6.415008
        }
      },
      {
        "Color": "Purple",
        "Transform": {
          "posX": 51.5785675,
          "posY": 2.79996347,
          "posZ": 11.7324,
          "rotX": 0.0,
          "rotY": 270.0,
          "rotZ": 0.0,
          "scaleX": 15.2113667,
          "scaleY": 11.8970528,
          "scaleZ": 6.415008
        }
      },
      {
        "Color": "Red",
        "Transform": {
          "posX": -23.6700039,
          "posY": 2.79996347,
          "posZ": -34.42515,
          "rotX": 0.0,
          "rotY": 0.0,
          "rotZ": 0.0,
          "scaleX": 15.3268948,
          "scaleY": 11.8970528,
          "scaleZ": 6.35014534
        }
      },
      {
        "Color": "Teal",
        "Transform": {
          "posX": 0.0,
          "posY": 2.79996347,
          "posZ": 34.4527626,
          "rotX": 0.0,
          "rotY": 179.800049,
          "rotZ": 0.0,
          "scaleX": 15.3462858,
          "scaleY": 11.8970528,
          "scaleZ": 6.359892
        }
      },
      {
        "Color": "White",
        "Transform": {
          "posX": 23.6700039,
          "posY": 2.79996347,
          "posZ": -34.2558136,
          "rotX": 0.0,
          "rotY": 0.0,
          "rotZ": 0.0,
          "scaleX": 15.3268747,
          "scaleY": 11.8970547,
          "scaleZ": 6.705048
        }
      },
      {
        "Color": "Yellow",
        "Transform": {
          "posX": -51.6596222,
          "posY": 2.79996347,
          "posZ": 11.7324,
          "rotX": 0.0,
          "rotY": 90.0,
          "rotZ": 0.0,
          "scaleX": 15.2113791,
          "scaleY": 11.8970528,
          "scaleZ": 6.415008
        }
      }
    ]
  },
  "Turns": {
    "Enable": false,
    "Type": 0,
    "TurnOrder": [],
    "Reverse": false,
    "SkipEmpty": false,
    "DisableInteractions": false,
    "PassTurns": true,
    "TurnColor": ""
  },
  "ObjectStates": [
    {
      "Name": "Custom_Board",
      "Transform": {
        "posX": -0.00419975165,
        "posY": 1.0,
        "posZ": 1.40350749E-05,
        "rotX": 0.01,
        "rotY": 180.0,
        "rotZ": -4.124782E-15,
        "scaleX": 5.06285238,
        "scaleY": 1.01552439,
        "scaleZ": 3.75746465
      },
      "Nickname": "",
      "Description": "",
      "GMNotes": "",
      "ColorDiffuse": {
        "r": 0.0,
        "g": 0.157512873,
        "b": 0.224237949
      },
      "Locked": true,
      "Grid": false,
      "Snap": true,
      "IgnoreFoW": false,
      "Autoraise": true,
      "Sticky": true,
      "Tooltip": true,
      "GridProjection": true,
      "HideWhenFaceDown": false,
      "Hands": false,
      "CustomImage": {
        "ImageURL": "http://cloud-3.steamusercontent.com/ugc/787505667313792551/F349BC0C6C2602EB0C91BA28DCBFD1F1C941E36C/",
        "ImageSecondaryURL": "",
        "ImageScalar": 1.0,
        "WidthScale": 1.0
      },
      "XmlUI": "",
      "LuaScript": "",
      "LuaScriptState": "",
      "GUID": "de8336"
    },
    {
      "Name": "Custom_Model",
      "Transform": {
        "posX": -26.7059135,
        "posY": 1.96337748,
        "posZ": 38.3979263,
        "rotX": -7.421231E-07,
        "rotY": 180.017822,
        "rotZ": 0.00231275638,
        "scaleX": 1.0,
        "scaleY": 1.0,
        "scaleZ": 1.0
      },
      "Nickname": "",
      "Description": "",
      "GMNotes": "",
      "ColorDiffuse": {
        "r": 1.0,
        "g": 1.0,
        "b": 1.0
      },
      "Locked": true,
      "Grid": true,
      "Snap": true,
      "IgnoreFoW": false,
      "Autoraise": true,
      "Sticky": true,
      "Tooltip": true,
      "GridProjection": false,
      "HideWhenFaceDown": false,
      "Hands": false,
      "CustomMesh": {
        "MeshURL": "http://cloud-3.steamusercontent.com/ugc/961974277959006085/BE9250F2266853705F3F8A476C2AB2526417D39F/",
        "DiffuseURL": "http://cloud-3.steamusercontent.com/ugc/961974277959000339/403EE6864F4B0CB4A3AF34AD01DD0F31817A04AF/",
        "NormalURL": "",
        "ColliderURL": "",
        "Convex": true,
        "MaterialIndex": 1,
        "TypeIndex": 0,
        "CastShadows": true
      },
      "XmlUI": "",
      "LuaScript": "",
      "LuaScriptState": "",
      "GUID": "873658"
    },
    {
      "Name": "Custom_Model",
      "Transform": {
        "posX": -2.47653842,
        "posY": 1.962399,
        "posZ": 38.863018,
        "rotX": -3.35178356E-06,
        "rotY": 180.000336,
        "rotZ": 0.002313154,
        "scaleX": 1.0,
        "scaleY": 1.0,
        "scaleZ": 1.0
      },
      "Nickname": "",
      "Description": "",
      "GMNotes": "",
      "ColorDiffuse": {
        "r": 1.0,
        "g": 1.0,
        "b": 1.0
      },
      "Locked": true,
      "Grid": true,
      "Snap": true,
      "IgnoreFoW": false,
      "Autoraise": true,
      "Sticky": true,
      "Tooltip": true,
      "GridProjection": false,
      "HideWhenFaceDown": false,
      "Hands": false,
      "CustomMesh": {
        "MeshURL": "http://cloud-3.steamusercontent.com/ugc/961974277959041746/6902098F086622309C99C6F2D6CB0CDEC8E977E2/",
        "DiffuseURL": "http://cloud-3.steamusercontent.com/ugc/961974277959041912/A2BDD171689918D6BF6DD4B2079726F6CD289760/",
        "NormalURL": "",
        "ColliderURL": "",
        "Convex": true,
        "MaterialIndex": 1,
        "TypeIndex": 0,
        "CastShadows": true
      },
      "XmlUI": "",
      "LuaScript": "",
      "LuaScriptState": "",
      "GUID": "5df367"
    },
    {
      "Name": "Custom_Model",
      "Transform": {
        "posX": 22.6007519,
        "posY": 1.95830488,
        "posZ": 38.121212,
        "rotX": -1.55432281E-06,
        "rotY": 180.000336,
        "rotZ": 0.00231296127,
        "scaleX": 1.0,
        "scaleY": 1.0,
        "scaleZ": 1.0
      },
      "Nickname": "",
      "Description": "",
      "GMNotes": "",
      "ColorDiffuse": {
        "r": 1.0,
        "g": 1.0,
        "b": 1.0
      },
      "Locked": true,
      "Grid": true,
      "Snap": true,
      "IgnoreFoW": false,
      "Autoraise": true,
      "Sticky": true,
      "Tooltip": true,
      "GridProjection": false,
      "HideWhenFaceDown": false,
      "Hands": false,
      "CustomMesh": {
        "MeshURL": "http://cloud-3.steamusercontent.com/ugc/961974277959986395/47A5B7824847AF5C196258C6CA4BDA7CB476970C/",
        "DiffuseURL": "http://cloud-3.steamusercontent.com/ugc/961974277959986807/AFB581073A409C36418D47490141C2ACAE4AFB6C/",
        "NormalURL": "",
        "ColliderURL": "http://cloud-3.steamusercontent.com/ugc/961974277959986395/47A5B7824847AF5C196258C6CA4BDA7CB476970C/",
        "Convex": false,
        "MaterialIndex": 1,
        "TypeIndex": 0,
        "CastShadows": true
      },
      "XmlUI": "",
      "LuaScript": "",
      "LuaScriptState": "",
      "GUID": "4b1e71"
    },
    {
      "Name": "Custom_Model",
      "Transform": {
        "posX": -52.7604065,
        "posY": 4.773928,
        "posZ": 10.5537348,
        "rotX": -0.00232155737,
        "rotY": 270.003143,
        "rotZ": 5.71669852E-06,
        "scaleX": 1.0,
        "scaleY": 1.0,
        "scaleZ": 1.0
      },
      "Nickname": "",
      "Description": "",
      "GMNotes": "",
      "ColorDiffuse": {
        "r": 1.0,
        "g": 1.0,
        "b": 1.0
      },
      "Locked": true,
      "Grid": true,
      "Snap": true,
      "IgnoreFoW": false,
      "Autoraise": true,
      "Sticky": true,
      "Tooltip": true,
      "GridProjection": false,
      "HideWhenFaceDown": false,
      "Hands": false,
      "CustomMesh": {
        "MeshURL": "http://cloud-3.steamusercontent.com/ugc/961974277960114939/2005A38ABB583AF856582607CB3210C92309B285/",
        "DiffuseURL": "http://cloud-3.steamusercontent.com/ugc/961974277960111941/712E555B180397795EC92E2819AA26DCEF349C7F/",
        "NormalURL": "",
        "ColliderURL": "",
        "Convex": true,
        "MaterialIndex": 1,
        "TypeIndex": 0,
        "CastShadows": true
      },
      "XmlUI": "",
      "LuaScript": "",
      "LuaScriptState": "",
      "GUID": "79a5cc"
    },
    {
      "Name": "Custom_Model",
      "Transform": {
        "posX": -53.8913,
        "posY": 1.9644897,
        "posZ": 39.13564,
        "rotX": -0.00231887074,
        "rotY": 269.992859,
        "rotZ": 4.3392165E-06,
        "scaleX": 1.0,
        "scaleY": 1.0,
        "scaleZ": 1.0
      },
      "Nickname": "",
      "Description": "",
      "GMNotes": "",
      "ColorDiffuse": {
        "r": 1.0,
        "g": 1.0,
        "b": 1.0
      },
      "Locked": true,
      "Grid": true,
      "Snap": true,
      "IgnoreFoW": false,
      "Autoraise": true,
      "Sticky": true,
      "Tooltip": true,
      "GridProjection": false,
      "HideWhenFaceDown": false,
      "Hands": false,
      "CustomMesh": {
        "MeshURL": "http://cloud-3.steamusercontent.com/ugc/961974277960120738/5A0C213120563B7A3CF4D4501E9F2D47BDF32C9C/",
        "DiffuseURL": "http://cloud-3.steamusercontent.com/ugc/961974277960028610/A3022B440E3AB041D85ACE694492F9AB6524D919/",
        "NormalURL": "",
        "ColliderURL": "",
        "Convex": true,
        "MaterialIndex": 1,
        "TypeIndex": 0,
        "CastShadows": true
      },
      "XmlUI": "",
      "LuaScript": "",
      "LuaScriptState": "",
      "GUID": "d208cc"
    },
    {
      "Name": "Custom_Model",
      "Transform": {
        "posX": -34.9476357,
        "posY": 1.81596375,
        "posZ": 16.39381,
        "rotX": -6.15017825E-06,
        "rotY": -1.2202011E-05,
        "rotZ": -0.00230654725,
        "scaleX": 1.0,
        "scaleY": 1.0,
        "scaleZ": 1.0
      },
      "Nickname": "",
      "Description": "",
      "GMNotes": "",
      "ColorDiffuse": {
        "r": 1.0,
        "g": 1.0,
        "b": 1.0
      },
      "Locked": true,
      "Grid": true,
      "Snap": true,
      "IgnoreFoW": false,
      "Autoraise": true,
      "Sticky": true,
      "Tooltip": true,
      "GridProjection": false,
      "HideWhenFaceDown": false,
      "Hands": false,
      "CustomMesh": {
        "MeshURL": "http://cloud-3.steamusercontent.com/ugc/961974277960185043/CC6F11E1E89F851F40C1852A06369637E3077DB2/",
        "DiffuseURL": "http://cloud-3.steamusercontent.com/ugc/961974277960185174/F223B510BCF3C68A251D029EB653C763DEA4737E/",
        "NormalURL": "",
        "ColliderURL": "",
        "Convex": true,
        "MaterialIndex": 1,
        "TypeIndex": 0,
        "CastShadows": true
      },
      "XmlUI": "",
      "LuaScript": "",
      "LuaScriptState": "",
      "GUID": "d7e9fe"
    },
    {
      "Name": "Custom_Model",
      "Transform": {
        "posX": -22.6890945,
        "posY": 1.80774879,
        "posZ": 17.0880623,
        "rotX": -0.00231516,
        "rotY": 269.985535,
        "rotZ": 9.398076E-06,
        "scaleX": 1.0,
        "scaleY": 1.0,
        "scaleZ": 1.0
      },
      "Nickname": "",
      "Description": "",
      "GMNotes": "",
      "ColorDiffuse": {
        "r": 1.0,
        "g": 1.0,
        "b": 1.0
      },
      "Locked": true,
      "Grid": true,
      "Snap": true,
      "IgnoreFoW": false,
      "Autoraise": true,
      "Sticky": true,
      "Tooltip": true,
      "GridProjection": false,
      "HideWhenFaceDown": false,
      "Hands": false,
      "CustomMesh": {
        "MeshURL": "http://cloud-3.steamusercontent.com/ugc/961974277960193455/7B9FC4C99C74C16D510FFB83401FB4E4C03E2195/",
        "DiffuseURL": "http://cloud-3.steamusercontent.com/ugc/961974277960193589/ED51EDC15F43241DAB3A6CAEF2E920DFA09E200D/",
        "NormalURL": "",
        "ColliderURL": "",
        "Convex": true,
        "MaterialIndex": 1,
        "TypeIndex": 1,
        "CastShadows": true
      },
      "XmlUI": "",
      "LuaScript": "",
      "LuaScriptState": "",
      "GUID": "375c97"
    },
    {
      "Name": "Custom_Model",
      "Transform": {
        "posX": -11.3086185,
        "posY": 1.796413,
        "posZ": 17.4254379,
        "rotX": -0.00231212215,
        "rotY": 269.985474,
        "rotZ": 1.04981223E-06,
        "scaleX": 1.0,
        "scaleY": 1.0,
        "scaleZ": 1.0
      },
      "Nickname": "",
      "Description": "",
      "GMNotes": "",
      "ColorDiffuse": {
        "r": 1.0,
        "g": 1.0,
        "b": 1.0
      },
      "Locked": true,
      "Grid": true,
      "Snap": true,
      "IgnoreFoW": false,
      "Autoraise": true,
      "Sticky": true,
      "Tooltip": true,
      "GridProjection": false,
      "HideWhenFaceDown": false,
      "Hands": false,
      "CustomMesh": {
        "MeshURL": "http://cloud-3.steamusercontent.com/ugc/961974277960222321/C568A1005685BE7971295451AC54B3EE629EEE5A/",
        "DiffuseURL": "http://cloud-3.steamusercontent.com/ugc/961974277960222491/EDC7ECC6AF7A2C3CEF289565B92EBADE6304B56F/",
        "NormalURL": "",
        "ColliderURL": "",
        "Convex": true,
        "MaterialIndex": 1,
        "TypeIndex": 1,
        "CastShadows": true
      },
      "XmlUI": "",
      "LuaScript": "",
      "LuaScriptState": "",
      "GUID": "3c86aa"
    },
    {
      "Name": "Custom_Model",
      "Transform": {
        "posX": -2.82844734,
        "posY": 1.74482727,
        "posZ": 17.7968769,
        "rotX": -1.174383E-05,
        "rotY": 359.983765,
        "rotZ": -0.00231249374,
        "scaleX": 1.0,
        "scaleY": 1.0,
        "scaleZ": 1.0
      },
      "Nickname": "",
      "Description": "",
      "GMNotes": "",
      "ColorDiffuse": {
        "r": 1.0,
        "g": 1.0,
        "b": 1.0
      },
      "Locked": true,
      "Grid": true,
      "Snap": true,
      "IgnoreFoW": false,
      "Autoraise": true,
      "Sticky": true,
      "Tooltip": true,
      "GridProjection": false,
      "HideWhenFaceDown": false,
      "Hands": false,
      "CustomMesh": {
        "MeshURL": "http://cloud-3.steamusercontent.com/ugc/961974277960240123/0FFC880C887B321810DB64B09D4AE163BFA472A4/",
        "DiffuseURL": "http://cloud-3.steamusercontent.com/ugc/961974277960240248/6DC48FFF318D2BAAD4D7C405454E76F17BA8C080/",
        "NormalURL": "",
        "ColliderURL": "",
        "Convex": true,
        "MaterialIndex": 1,
        "TypeIndex": 1,
        "CastShadows": true
      },
      "XmlUI": "",
      "LuaScript": "",
      "LuaScriptState": "",
      "GUID": "51efc7"
    },
    {
      "Name": "Custom_Model",
      "Transform": {
        "posX": 6.038069,
        "posY": 1.75810575,
        "posZ": 18.0177612,
        "rotX": -1.0867082E-05,
        "rotY": 359.9885,
        "rotZ": -0.002312798,
        "scaleX": 1.0,
        "scaleY": 1.0,
        "scaleZ": 1.0
      },
      "Nickname": "",
      "Description": "",
      "GMNotes": "",
      "ColorDiffuse": {
        "r": 1.0,
        "g": 1.0,
        "b": 1.0
      },
      "Locked": true,
      "Grid": true,
      "Snap": true,
      "IgnoreFoW": false,
      "Autoraise": true,
      "Sticky": true,
      "Tooltip": true,
      "GridProjection": false,
      "HideWhenFaceDown": false,
      "Hands": false,
      "CustomMesh": {
        "MeshURL": "http://cloud-3.steamusercontent.com/ugc/961974277960250189/A52B62450882CB6DDBB37EF8810F23F47A376E08/",
        "DiffuseURL": "http://cloud-3.steamusercontent.com/ugc/961974277960250311/DAFAFBB26189695D064A5940B3B8E640282C5D6D/",
        "NormalURL": "",
        "ColliderURL": "",
        "Convex": true,
        "MaterialIndex": 1,
        "TypeIndex": 1,
        "CastShadows": true
      },
      "XmlUI": "",
      "LuaScript": "",
      "LuaScriptState": "",
      "GUID": "c2d43f"
    },
    {
      "Name": "Custom_Model",
      "Transform": {
        "posX": -34.87,
        "posY": 1.96402991,
        "posZ": -5.19,
        "rotX": 0.00229628338,
        "rotY": 90.00005,
        "rotZ": -1.16959282E-05,
        "scaleX": 1.0,
        "scaleY": 1.0,
        "scaleZ": 1.0
      },
      "Nickname": "",
      "Description": "",
      "GMNotes": "",
      "ColorDiffuse": {
        "r": 1.0,
        "g": 1.0,
        "b": 1.0
      },
      "Locked": true,
      "Grid": true,
      "Snap": true,
      "IgnoreFoW": false,
      "Autoraise": true,
      "Sticky": true,
      "Tooltip": true,
      "GridProjection": false,
      "HideWhenFaceDown": false,
      "Hands": false,
      "CustomMesh": {
        "MeshURL": "http://cloud-3.steamusercontent.com/ugc/961974277960275315/10DCA4D9EBF6DCD66685727A6777DAEEC5418583/",
        "DiffuseURL": "http://cloud-3.steamusercontent.com/ugc/961974277960275507/6DC10366A2608E3276E79DBD72483D7FBB93D291/",
        "NormalURL": "",
        "ColliderURL": "http://cloud-3.steamusercontent.com/ugc/961974277960295039/1C44E566F20D8F2AD02EAE627E0D482588F293F4/",
        "Convex": false,
        "MaterialIndex": 1,
        "TypeIndex": 1,
        "CastShadows": true
      },
      "XmlUI": "",
      "LuaScript": "",
      "LuaScriptState": "",
      "GUID": "f59faf"
    },
    {
      "Name": "Custom_Model",
      "Transform": {
        "posX": -9.28,
        "posY": 1.96,
        "posZ": -5.19,
        "rotX": 0.0,
        "rotY": 90.0,
        "rotZ": 0.0,
        "scaleX": 1.0,
        "scaleY": 1.0,
        "scaleZ": 1.0
      },
      "Nickname": "",
      "Description": "",
      "GMNotes": "",
      "ColorDiffuse": {
        "r": 1.0,
        "g": 1.0,
        "b": 1.0
      },
      "Locked": true,
      "Grid": true,
      "Snap": true,
      "IgnoreFoW": false,
      "Autoraise": true,
      "Sticky": true,
      "Tooltip": true,
      "GridProjection": false,
      "HideWhenFaceDown": false,
      "Hands": false,
      "CustomMesh": {
        "MeshURL": "http://cloud-3.steamusercontent.com/ugc/961974277960285675/75752C5EBB9162C8BFBF84F8773F7D036751CBF9/",
        "DiffuseURL": "http://cloud-3.steamusercontent.com/ugc/961974277960285808/D2AB9DC94A156FC86161B9F8E85467D4E3D6BF2C/",
        "NormalURL": "",
        "ColliderURL": "http://cloud-3.steamusercontent.com/ugc/961974277960285675/75752C5EBB9162C8BFBF84F8773F7D036751CBF9/",
        "Convex": false,
        "MaterialIndex": 1,
        "TypeIndex": 1,
        "CastShadows": true
      },
      "XmlUI": "",
      "LuaScript": "",
      "LuaScriptState": "",
      "GUID": "1369cf"
    },
    {
      "Name": "Custom_Model",
      "Transform": {
        "posX": -14.4,
        "posY": 1.96,
        "posZ": 4.41,
        "rotX": 0.0,
        "rotY": 270.0,
        "rotZ": 0.0,
        "scaleX": 1.0,
        "scaleY": 1.0,
        "scaleZ": 1.0
      },
      "Nickname": "",
      "Description": "",
      "GMNotes": "",
      "ColorDiffuse": {
        "r": 1.0,
        "g": 1.0,
        "b": 1.0
      },
      "Locked": true,
      "Grid": true,
      "Snap": true,
      "IgnoreFoW": false,
      "Autoraise": true,
      "Sticky": true,
      "Tooltip": true,
      "GridProjection": false,
      "HideWhenFaceDown": false,
      "Hands": false,
      "CustomMesh": {
        "MeshURL": "http://cloud-3.steamusercontent.com/ugc/961974277960290248/1C040EF3EEA1B5461A4804D081E3FF5858E63E56/",
        "DiffuseURL": "http://cloud-3.steamusercontent.com/ugc/961974277960290407/8A2D7BAD39B802D0BAF8ECA372C3070C8D527C53/",
        "NormalURL": "",
        "ColliderURL": "http://cloud-3.steamusercontent.com/ugc/961974277960290248/1C040EF3EEA1B5461A4804D081E3FF5858E63E56/",
        "Convex": false,
        "MaterialIndex": 1,
        "TypeIndex": 1,
        "CastShadows": true
      },
      "XmlUI": "",
      "LuaScript": "",
      "LuaScriptState": "",
      "GUID": "44e43d"
    },
    {
      "Name": "Custom_Model",
      "Transform": {
        "posX": -19.53,
        "posY": 1.96073925,
        "posZ": 4.41,
        "rotX": 0.00229613576,
        "rotY": 270.0,
        "rotZ": -4.24135351E-06,
        "scaleX": 1.0,
        "scaleY": 1.0,
        "scaleZ": 1.0
      },
      "Nickname": "",
      "Description": "",
      "GMNotes": "",
      "ColorDiffuse": {
        "r": 1.0,
        "g": 1.0,
        "b": 1.0
      },
      "Locked": true,
      "Grid": true,
      "Snap": true,
      "IgnoreFoW": false,
      "Autoraise": true,
      "Sticky": true,
      "Tooltip": true,
      "GridProjection": false,
      "HideWhenFaceDown": false,
      "Hands": false,
      "CustomMesh": {
        "MeshURL": "http://cloud-3.steamusercontent.com/ugc/961974277960306381/0ADB2E674D12AE119259CD59CB61812FEFF78720/",
        "DiffuseURL": "http://cloud-3.steamusercontent.com/ugc/961974277960306550/4D38CFC5D606DB07BCAE2712B7B95FAA63719D12/",
        "NormalURL": "",
        "ColliderURL": "http://cloud-3.steamusercontent.com/ugc/961974277960309073/4C534218CD6E80E3C9C119455BC3A3AC0FD92A5A/",
        "Convex": false,
        "MaterialIndex": 1,
        "TypeIndex": 1,
        "CastShadows": true
      },
      "XmlUI": "",
      "LuaScript": "",
      "LuaScriptState": "",
      "GUID": "7fa820"
    },
    {
      "Name": "Custom_Model",
      "Transform": {
        "posX": -19.53,
        "posY": 1.96032417,
        "posZ": -5.19024229,
        "rotX": 0.0022876428,
        "rotY": 89.9986954,
        "rotZ": -4.063554E-06,
        "scaleX": 1.0,
        "scaleY": 1.0,
        "scaleZ": 1.0
      },
      "Nickname": "",
      "Description": "",
      "GMNotes": "",
      "ColorDiffuse": {
        "r": 1.0,
        "g": 1.0,
        "b": 1.0
      },
      "Locked": true,
      "Grid": true,
      "Snap": true,
      "IgnoreFoW": false,
      "Autoraise": true,
      "Sticky": true,
      "Tooltip": true,
      "GridProjection": false,
      "HideWhenFaceDown": false,
      "Hands": false,
      "CustomMesh": {
        "MeshURL": "http://cloud-3.steamusercontent.com/ugc/961974277960315069/A4B5BDA4D7C3AF35DB7DB4FE7ED69E574381BCB5/",
        "DiffuseURL": "http://cloud-3.steamusercontent.com/ugc/961974277960315213/55F35B8FF80DE6365BFBD1FD1F45B7A3580A70D4/",
        "NormalURL": "",
        "ColliderURL": "http://cloud-3.steamusercontent.com/ugc/961974277960314850/00FFED95776935AD71C97AA7509916BC44325AB4/",
        "Convex": false,
        "MaterialIndex": 1,
        "TypeIndex": 1,
        "CastShadows": true
      },
      "XmlUI": "",
      "LuaScript": "",
      "LuaScriptState": "",
      "GUID": "495a27"
    },
    {
      "Name": "Custom_Model",
      "Transform": {
        "posX": -24.64,
        "posY": 1.96360922,
        "posZ": -5.19,
        "rotX": 0.00229415135,
        "rotY": 90.01383,
        "rotZ": -6.47208765E-07,
        "scaleX": 1.0,
        "scaleY": 1.0,
        "scaleZ": 1.0
      },
      "Nickname": "",
      "Description": "",
      "GMNotes": "",
      "ColorDiffuse": {
        "r": 1.0,
        "g": 1.0,
        "b": 1.0
      },
      "Locked": true,
      "Grid": true,
      "Snap": true,
      "IgnoreFoW": false,
      "Autoraise": true,
      "Sticky": true,
      "Tooltip": true,
      "GridProjection": false,
      "HideWhenFaceDown": false,
      "Hands": false,
      "CustomMesh": {
        "MeshURL": "http://cloud-3.steamusercontent.com/ugc/961974277960324946/D7B449C6F947A9875F4411D9EB34D898455BB5DE/",
        "DiffuseURL": "http://cloud-3.steamusercontent.com/ugc/961974277960325104/1B4A94F23037AD2470F76A09C0CC8EEED0E2EDCD/",
        "NormalURL": "",
        "ColliderURL": "http://cloud-3.steamusercontent.com/ugc/961974277960325211/02B44F2CFB16B4BD8BF51E70A4628414A9DBAE04/",
        "Convex": false,
        "MaterialIndex": 1,
        "TypeIndex": 1,
        "CastShadows": true
      },
      "XmlUI": "",
      "LuaScript": "",
      "LuaScriptState": "",
      "GUID": "3c02d9"
    },
    {
      "Name": "Custom_Model",
      "Transform": {
        "posX": -1.54103065,
        "posY": 1.9185915,
        "posZ": -3.593829,
        "rotX": 0.0100325486,
        "rotY": 180.0006,
        "rotZ": -8.28311E-05,
        "scaleX": 1.0,
        "scaleY": 1.0,
        "scaleZ": 1.0
      },
      "Nickname": "",
      "Description": "",
      "GMNotes": "",
      "ColorDiffuse": {
        "r": 1.0,
        "g": 1.0,
        "b": 1.0
      },
      "Locked": true,
      "Grid": true,
      "Snap": true,
      "IgnoreFoW": false,
      "Autoraise": true,
      "Sticky": true,
      "Tooltip": true,
      "GridProjection": false,
      "HideWhenFaceDown": false,
      "Hands": false,
      "CustomMesh": {
        "MeshURL": "http://cloud-3.steamusercontent.com/ugc/961974277960345103/1111B217EFCAB7721989A2A641DFCD7B28A13DA6/",
        "DiffuseURL": "http://cloud-3.steamusercontent.com/ugc/961974277960345310/717D5B38EA55053B56FDF177C59A506D5A379173/",
        "NormalURL": "",
        "ColliderURL": "http://cloud-3.steamusercontent.com/ugc/961974277960345103/1111B217EFCAB7721989A2A641DFCD7B28A13DA6/",
        "Convex": false,
        "MaterialIndex": 1,
        "TypeIndex": 1,
        "CastShadows": true
      },
      "XmlUI": "",
      "LuaScript": "",
      "LuaScriptState": "",
      "GUID": "3beea1"
    },
    {
      "Name": "Custom_Model",
      "Transform": {
        "posX": -5.50283432,
        "posY": 1.98563409,
        "posZ": 0.703611732,
        "rotX": 0.0100909835,
        "rotY": 179.977951,
        "rotZ": 9.82695856E-05,
        "scaleX": 1.0,
        "scaleY": 1.0,
        "scaleZ": 1.0
      },
      "Nickname": "",
      "Description": "",
      "GMNotes": "",
      "ColorDiffuse": {
        "r": 1.0,
        "g": 1.0,
        "b": 1.0
      },
      "Locked": true,
      "Grid": true,
      "Snap": true,
      "IgnoreFoW": false,
      "Autoraise": true,
      "Sticky": true,
      "Tooltip": true,
      "GridProjection": false,
      "HideWhenFaceDown": false,
      "Hands": false,
      "CustomMesh": {
        "MeshURL": "http://cloud-3.steamusercontent.com/ugc/961974277960345664/483CC708DD3CD64CE8756513EB7C7C0D2EE025B7/",
        "DiffuseURL": "http://cloud-3.steamusercontent.com/ugc/961974277960345784/BC658925FB47F697586C6E2305E82290D8874350/",
        "NormalURL": "",
        "ColliderURL": "http://cloud-3.steamusercontent.com/ugc/961974277960345664/483CC708DD3CD64CE8756513EB7C7C0D2EE025B7/",
        "Convex": false,
        "MaterialIndex": 1,
        "TypeIndex": 1,
        "CastShadows": true
      },
      "XmlUI": "",
      "LuaScript": "",
      "LuaScriptState": "",
      "GUID": "136da6"
    },
    {
      "Name": "Custom_Model",
      "Transform": {
        "posX": -9.733752,
        "posY": 2.92094326,
        "posZ": 1.36306071,
        "rotX": -1.93970864E-05,
        "rotY": 89.9864655,
        "rotZ": 359.99,
        "scaleX": 1.0,
        "scaleY": 1.0,
        "scaleZ": 1.0
      },
      "Nickname": "",
      "Description": "",
      "GMNotes": "",
      "ColorDiffuse": {
        "r": 1.0,
        "g": 1.0,
        "b": 1.0
      },
      "Locked": true,
      "Grid": true,
      "Snap": true,
      "IgnoreFoW": false,
      "Autoraise": true,
      "Sticky": true,
      "Tooltip": true,
      "GridProjection": false,
      "HideWhenFaceDown": false,
      "Hands": false,
      "CustomMesh": {
        "MeshURL": "http://cloud-3.steamusercontent.com/ugc/961974277960355894/EE0DB74CC6D8355298E792B43830F2B416AB08D4/",
        "DiffuseURL": "http://cloud-3.steamusercontent.com/ugc/961974277960356039/360A05F9EB83CC7782B5A3E9E7EA5B1C45B641C1/",
        "NormalURL": "",
        "ColliderURL": "",
        "Convex": true,
        "MaterialIndex": 1,
        "TypeIndex": 1,
        "CastShadows": true
      },
      "XmlUI": "",
      "LuaScript": "",
      "LuaScriptState": "",
      "GUID": "f3d2c8"
    },
    {
      "Name": "Custom_Model",
      "Transform": {
        "posX": -14.4,
        "posY": 1.96,
        "posZ": -5.19,
        "rotX": 0.00229718932,
        "rotY": 90.00957,
        "rotZ": -6.977244E-06,
        "scaleX": 1.0,
        "scaleY": 1.0,
        "scaleZ": 1.0
      },
      "Nickname": "",
      "Description": "",
      "GMNotes": "",
      "ColorDiffuse": {
        "r": 1.0,
        "g": 1.0,
        "b": 1.0
      },
      "Locked": true,
      "Grid": true,
      "Snap": true,
      "IgnoreFoW": false,
      "Autoraise": true,
      "Sticky": true,
      "Tooltip": true,
      "GridProjection": false,
      "HideWhenFaceDown": false,
      "Hands": false,
      "CustomMesh": {
        "MeshURL": "http://cloud-3.steamusercontent.com/ugc/961974277960365073/0F865BA4B139C54BD29F75565BE398A0671794C9/",
        "DiffuseURL": "http://cloud-3.steamusercontent.com/ugc/961974277960365362/BB36FAA0B72C9A2C422E2C327B402BC11FA82D6C/",
        "NormalURL": "",
        "ColliderURL": "http://cloud-3.steamusercontent.com/ugc/961974277960365211/3DCA61533D46A6F2B342C54C159C04B903BF46C9/",
        "Convex": false,
        "MaterialIndex": 1,
        "TypeIndex": 1,
        "CastShadows": true
      },
      "XmlUI": "",
      "LuaScript": "",
      "LuaScriptState": "",
      "GUID": "b3534d"
    },
    {
      "Name": "Custom_Model",
      "Transform": {
        "posX": -29.75,
        "posY": 1.96,
        "posZ": 4.41,
        "rotX": 3.1507916E-06,
        "rotY": 269.991577,
        "rotZ": 0.0100100972,
        "scaleX": 1.0,
        "scaleY": 1.0,
        "scaleZ": 1.0
      },
      "Nickname": "",
      "Description": "",
      "GMNotes": "",
      "ColorDiffuse": {
        "r": 1.0,
        "g": 1.0,
        "b": 1.0
      },
      "Locked": true,
      "Grid": true,
      "Snap": true,
      "IgnoreFoW": false,
      "Autoraise": true,
      "Sticky": true,
      "Tooltip": true,
      "GridProjection": false,
      "HideWhenFaceDown": false,
      "Hands": false,
      "CustomMesh": {
        "MeshURL": "http://cloud-3.steamusercontent.com/ugc/961974277960374945/323AD38CAD047C523F11D650573C46F48257511C/",
        "DiffuseURL": "http://cloud-3.steamusercontent.com/ugc/961974277960375280/9A77CBA7C1C8B9C1AAC0D2075F7CE47883B4BBB9/",
        "NormalURL": "",
        "ColliderURL": "http://cloud-3.steamusercontent.com/ugc/961974277960375131/8F80FD31D7E2903074912E6267E051C8FE383874/",
        "Convex": false,
        "MaterialIndex": 1,
        "TypeIndex": 1,
        "CastShadows": true
      },
      "XmlUI": "",
      "LuaScript": "",
      "LuaScriptState": "",
      "GUID": "74db1a"
    },
    {
      "Name": "Custom_Model",
      "Transform": {
        "posX": -35.51,
        "posY": 1.95806932,
        "posZ": 2.81,
        "rotX": 0.0215185676,
        "rotY": 90.0,
        "rotZ": 0.0,
        "scaleX": 1.0,
        "scaleY": 1.0,
        "scaleZ": 1.0
      },
      "Nickname": "",
      "Description": "",
      "GMNotes": "",
      "ColorDiffuse": {
        "r": 1.0,
        "g": 1.0,
        "b": 1.0
      },
      "Locked": true,
      "Grid": true,
      "Snap": true,
      "IgnoreFoW": false,
      "Autoraise": true,
      "Sticky": true,
      "Tooltip": true,
      "GridProjection": false,
      "HideWhenFaceDown": false,
      "Hands": false,
      "CustomMesh": {
        "MeshURL": "http://cloud-3.steamusercontent.com/ugc/961974277960390535/F4ECDA602C9FBC4FD2E9EE42B8E7078D17D6AF3C/",
        "DiffuseURL": "http://cloud-3.steamusercontent.com/ugc/961974277960390838/6BDFE61DA76A27B20A064220B8098870360074DB/",
        "NormalURL": "",
        "ColliderURL": "http://cloud-3.steamusercontent.com/ugc/961974277960390689/5B316AF884ED5D08610C87E13208030736654DA8/",
        "Convex": false,
        "MaterialIndex": 1,
        "TypeIndex": 1,
        "CastShadows": true
      },
      "XmlUI": "",
      "LuaScript": "",
      "LuaScriptState": "",
      "GUID": "d21caa"
    },
    {
      "Name": "Custom_Model",
      "Transform": {
        "posX": 13.50805,
        "posY": 2.13820815,
        "posZ": 22.0366535,
        "rotX": 359.976746,
        "rotY": 180.00177,
        "rotZ": 359.9769,
        "scaleX": 1.0,
        "scaleY": 1.0,
        "scaleZ": 1.0
      },
      "Nickname": "",
      "Description": "",
      "GMNotes": "",
      "ColorDiffuse": {
        "r": 1.0,
        "g": 1.0,
        "b": 1.0
      },
      "Locked": true,
      "Grid": true,
      "Snap": true,
      "IgnoreFoW": false,
      "Autoraise": true,
      "Sticky": true,
      "Tooltip": true,
      "GridProjection": false,
      "HideWhenFaceDown": false,
      "Hands": false,
      "CustomMesh": {
        "MeshURL": "http://cloud-3.steamusercontent.com/ugc/961974277960448193/61B78B56D9C95298F39F9675B8D9F9D27CF7F2CF/",
        "DiffuseURL": "http://cloud-3.steamusercontent.com/ugc/961974277960448349/3924B9DB25723CDBDE2D31188622CDEE10CFF8E5/",
        "NormalURL": "",
        "ColliderURL": "http://cloud-3.steamusercontent.com/ugc/961974277960448193/61B78B56D9C95298F39F9675B8D9F9D27CF7F2CF/",
        "Convex": false,
        "MaterialIndex": 1,
        "TypeIndex": 1,
        "CastShadows": true
      },
      "XmlUI": "",
      "LuaScript": "",
      "LuaScriptState": "",
      "GUID": "cfa158"
    },
    {
      "Name": "Custom_Model",
      "Transform": {
        "posX": 16.0462055,
        "posY": 1.98212039,
        "posZ": 12.6812935,
        "rotX": 359.988159,
        "rotY": 89.9736,
        "rotZ": 359.978546,
        "scaleX": 1.0,
        "scaleY": 1.0,
        "scaleZ": 1.0
      },
      "Nickname": "",
      "Description": "",
      "GMNotes": "",
      "ColorDiffuse": {
        "r": 1.0,
        "g": 1.0,
        "b": 1.0
      },
      "Locked": true,
      "Grid": true,
      "Snap": true,
      "IgnoreFoW": false,
      "Autoraise": true,
      "Sticky": true,
      "Tooltip": true,
      "GridProjection": false,
      "HideWhenFaceDown": false,
      "Hands": false,
      "CustomMesh": {
        "MeshURL": "http://cloud-3.steamusercontent.com/ugc/961974277960478277/9A9D43F1B3F5CD08067442CC29177A77F8279E45/",
        "DiffuseURL": "http://cloud-3.steamusercontent.com/ugc/961974277960472972/0763B107A5C77BC6E1CB1C580735A4611AB72437/",
        "NormalURL": "",
        "ColliderURL": "http://cloud-3.steamusercontent.com/ugc/961974277960478277/9A9D43F1B3F5CD08067442CC29177A77F8279E45/",
        "Convex": false,
        "MaterialIndex": 1,
        "TypeIndex": 1,
        "CastShadows": true
      },
      "XmlUI": "",
      "LuaScript": "",
      "LuaScriptState": "",
      "GUID": "c07480"
    },
    {
      "Name": "Custom_Model",
      "Transform": {
        "posX": 34.5998077,
        "posY": -1.395091,
        "posZ": 12.63743,
        "rotX": 359.4953,
        "rotY": 89.94634,
        "rotZ": 359.9158,
        "scaleX": 1.0,
        "scaleY": 1.0,
        "scaleZ": 1.0
      },
      "Nickname": "",
      "Description": "",
      "GMNotes": "",
      "ColorDiffuse": {
        "r": 1.0,
        "g": 1.0,
        "b": 1.0
      },
      "Locked": true,
      "Grid": true,
      "Snap": true,
      "IgnoreFoW": false,
      "Autoraise": true,
      "Sticky": true,
      "Tooltip": true,
      "GridProjection": false,
      "HideWhenFaceDown": false,
      "Hands": false,
      "CustomMesh": {
        "MeshURL": "http://cloud-3.steamusercontent.com/ugc/961974277960479285/6D5FDDF4FBCAA0899B21F158D03B251CA8DBD618/",
        "DiffuseURL": "http://cloud-3.steamusercontent.com/ugc/961974277960479584/4F2AA104FF2A0395CFCB347752F9BD9C9D1D04A6/",
        "NormalURL": "",
        "ColliderURL": "http://cloud-3.steamusercontent.com/ugc/961974277960479285/6D5FDDF4FBCAA0899B21F158D03B251CA8DBD618/",
        "Convex": false,
        "MaterialIndex": 1,
        "TypeIndex": 1,
        "CastShadows": true
      },
      "XmlUI": "",
      "LuaScript": "",
      "LuaScriptState": "",
      "GUID": "1b94ac"
    },
    {
      "Name": "Custom_Model",
      "Transform": {
        "posX": 22.8010082,
        "posY": 1.95642447,
        "posZ": 23.30794,
        "rotX": 0.253933161,
        "rotY": 269.976624,
        "rotZ": 359.9888,
        "scaleX": 1.0,
        "scaleY": 1.0,
        "scaleZ": 1.0
      },
      "Nickname": "",
      "Description": "",
      "GMNotes": "",
      "ColorDiffuse": {
        "r": 1.0,
        "g": 1.0,
        "b": 1.0
      },
      "Locked": true,
      "Grid": true,
      "Snap": true,
      "IgnoreFoW": false,
      "Autoraise": true,
      "Sticky": true,
      "Tooltip": true,
      "GridProjection": false,
      "HideWhenFaceDown": false,
      "Hands": false,
      "CustomMesh": {
        "MeshURL": "http://cloud-3.steamusercontent.com/ugc/961974277960480140/B7AB663F2DF6C5A18E3DEA468EC316F867BA0CED/",
        "DiffuseURL": "http://cloud-3.steamusercontent.com/ugc/961974277960480305/E80C528E250E26239F0F0E49C576B4E3A6BFC990/",
        "NormalURL": "",
        "ColliderURL": "http://cloud-3.steamusercontent.com/ugc/961974277960480140/B7AB663F2DF6C5A18E3DEA468EC316F867BA0CED/",
        "Convex": false,
        "MaterialIndex": 1,
        "TypeIndex": 1,
        "CastShadows": true
      },
      "XmlUI": "",
      "LuaScript": "",
      "LuaScriptState": "",
      "GUID": "fda9af"
    },
    {
      "Name": "Custom_Model",
      "Transform": {
        "posX": 22.1506729,
        "posY": 1.95313311,
        "posZ": 12.9390945,
        "rotX": -2.38789812E-06,
        "rotY": 89.99971,
        "rotZ": 359.880249,
        "scaleX": 1.0,
        "scaleY": 1.0,
        "scaleZ": 1.0
      },
      "Nickname": "",
      "Description": "",
      "GMNotes": "",
      "ColorDiffuse": {
        "r": 1.0,
        "g": 1.0,
        "b": 1.0
      },
      "Locked": true,
      "Grid": true,
      "Snap": true,
      "IgnoreFoW": false,
      "Autoraise": true,
      "Sticky": true,
      "Tooltip": true,
      "GridProjection": false,
      "HideWhenFaceDown": false,
      "Hands": false,
      "CustomMesh": {
        "MeshURL": "http://cloud-3.steamusercontent.com/ugc/961974277960485545/124CFABEAE27FBACD6FD2C62B6ABC50D56C7FCA8/",
        "DiffuseURL": "http://cloud-3.steamusercontent.com/ugc/961974277960485706/75D357C6BB246B4F5AAB4988C75391ED39693BD4/",
        "NormalURL": "",
        "ColliderURL": "http://cloud-3.steamusercontent.com/ugc/961974277960485545/124CFABEAE27FBACD6FD2C62B6ABC50D56C7FCA8/",
        "Convex": false,
        "MaterialIndex": 1,
        "TypeIndex": 1,
        "CastShadows": true
      },
      "XmlUI": "",
      "LuaScript": "",
      "LuaScriptState": "",
      "GUID": "9c03ae"
    },
    {
      "Name": "Custom_Model",
      "Transform": {
        "posX": 28.06559,
        "posY": 1.94163156,
        "posZ": 12.7602882,
        "rotX": -0.00055241154,
        "rotY": 89.99413,
        "rotZ": 359.970734,
        "scaleX": 1.0,
        "scaleY": 1.0,
        "scaleZ": 1.0
      },
      "Nickname": "",
      "Description": "",
      "GMNotes": "",
      "ColorDiffuse": {
        "r": 1.0,
        "g": 1.0,
        "b": 1.0
      },
      "Locked": true,
      "Grid": true,
      "Snap": true,
      "IgnoreFoW": false,
      "Autoraise": true,
      "Sticky": true,
      "Tooltip": true,
      "GridProjection": false,
      "HideWhenFaceDown": false,
      "Hands": false,
      "CustomMesh": {
        "MeshURL": "http://cloud-3.steamusercontent.com/ugc/961974277960490839/B1E6FBE5C594F53E2C86EEB6CA9FB0FB5E8C29A8/",
        "DiffuseURL": "http://cloud-3.steamusercontent.com/ugc/961974277960491089/CD7DA7DF7E1D5DFA30D56E25F79CF81358938F2A/",
        "NormalURL": "",
        "ColliderURL": "http://cloud-3.steamusercontent.com/ugc/961974277960490839/B1E6FBE5C594F53E2C86EEB6CA9FB0FB5E8C29A8/",
        "Convex": false,
        "MaterialIndex": 1,
        "TypeIndex": 1,
        "CastShadows": true
      },
      "XmlUI": "",
      "LuaScript": "",
      "LuaScriptState": "",
      "GUID": "edc4e8"
    },
    {
      "Name": "Custom_Model",
      "Transform": {
        "posX": -7.85536051,
        "posY": 2.91324735,
        "posZ": 6.7322464,
        "rotX": 0.00657064142,
        "rotY": 180.001266,
        "rotZ": 1.3845829E-05,
        "scaleX": 1.0,
        "scaleY": 1.0,
        "scaleZ": 1.0
      },
      "Nickname": "",
      "Description": "",
      "GMNotes": "",
      "ColorDiffuse": {
        "r": 1.0,
        "g": 1.0,
        "b": 1.0
      },
      "Locked": true,
      "Grid": true,
      "Snap": true,
      "IgnoreFoW": false,
      "Autoraise": true,
      "Sticky": true,
      "Tooltip": true,
      "GridProjection": false,
      "HideWhenFaceDown": false,
      "Hands": false,
      "CustomMesh": {
        "MeshURL": "http://cloud-3.steamusercontent.com/ugc/961974277960515453/B159DAB0EDE76D10992BE1A53D0B17EB1D2EC483/",
        "DiffuseURL": "http://cloud-3.steamusercontent.com/ugc/961974277960515622/ADCD04E85D1C9E84640F058A1B25F741EC75ED2A/",
        "NormalURL": "",
        "ColliderURL": "http://cloud-3.steamusercontent.com/ugc/961974277960515453/B159DAB0EDE76D10992BE1A53D0B17EB1D2EC483/",
        "Convex": false,
        "MaterialIndex": 1,
        "TypeIndex": 1,
        "CastShadows": true
      },
      "XmlUI": "",
      "LuaScript": "",
      "LuaScriptState": "",
      "GUID": "becbd8"
    },
    {
      "Name": "Custom_Model",
      "Transform": {
        "posX": -24.64,
        "posY": 1.96,
        "posZ": 4.41,
        "rotX": -0.00206652749,
        "rotY": 270.0,
        "rotZ": -0.0009812278,
        "scaleX": 1.0,
        "scaleY": 1.0,
        "scaleZ": 1.0
      },
      "Nickname": "",
      "Description": "",
      "GMNotes": "",
      "ColorDiffuse": {
        "r": 1.0,
        "g": 1.0,
        "b": 1.0
      },
      "Locked": true,
      "Grid": true,
      "Snap": true,
      "IgnoreFoW": false,
      "Autoraise": true,
      "Sticky": true,
      "Tooltip": true,
      "GridProjection": false,
      "HideWhenFaceDown": false,
      "Hands": false,
      "CustomMesh": {
        "MeshURL": "http://cloud-3.steamusercontent.com/ugc/961974277960315069/A4B5BDA4D7C3AF35DB7DB4FE7ED69E574381BCB5/",
        "DiffuseURL": "http://cloud-3.steamusercontent.com/ugc/961974277960315213/55F35B8FF80DE6365BFBD1FD1F45B7A3580A70D4/",
        "NormalURL": "",
        "ColliderURL": "http://cloud-3.steamusercontent.com/ugc/961974277960314850/00FFED95776935AD71C97AA7509916BC44325AB4/",
        "Convex": false,
        "MaterialIndex": 1,
        "TypeIndex": 1,
        "CastShadows": true
      },
      "XmlUI": "",
      "LuaScript": "",
      "LuaScriptState": "",
      "GUID": "7b5770"
    },
    {
      "Name": "Custom_Model",
      "Transform": {
        "posX": -29.75,
        "posY": 1.96,
        "posZ": -5.19,
        "rotX": 0.0022876428,
        "rotY": 89.9986954,
        "rotZ": -4.063554E-06,
        "scaleX": 1.0,
        "scaleY": 1.0,
        "scaleZ": 1.0
      },
      "Nickname": "",
      "Description": "",
      "GMNotes": "",
      "ColorDiffuse": {
        "r": 1.0,
        "g": 1.0,
        "b": 1.0
      },
      "Locked": true,
      "Grid": true,
      "Snap": true,
      "IgnoreFoW": false,
      "Autoraise": true,
      "Sticky": true,
      "Tooltip": true,
      "GridProjection": false,
      "HideWhenFaceDown": false,
      "Hands": false,
      "CustomMesh": {
        "MeshURL": "http://cloud-3.steamusercontent.com/ugc/961974277960315069/A4B5BDA4D7C3AF35DB7DB4FE7ED69E574381BCB5/",
        "DiffuseURL": "http://cloud-3.steamusercontent.com/ugc/961974277960315213/55F35B8FF80DE6365BFBD1FD1F45B7A3580A70D4/",
        "NormalURL": "",
        "ColliderURL": "http://cloud-3.steamusercontent.com/ugc/961974277960314850/00FFED95776935AD71C97AA7509916BC44325AB4/",
        "Convex": false,
        "MaterialIndex": 1,
        "TypeIndex": 1,
        "CastShadows": true
      },
      "XmlUI": "",
      "LuaScript": "",
      "LuaScriptState": "",
      "GUID": "e5bfa4"
    },
    {
      "Name": "Custom_Model",
      "Transform": {
        "posX": 50.69675,
        "posY": 2.006925,
        "posZ": 12.6364822,
        "rotX": -8.270098E-06,
        "rotY": 89.98,
        "rotZ": 359.99,
        "scaleX": 1.0,
        "scaleY": 1.0,
        "scaleZ": 1.0
      },
      "Nickname": "",
      "Description": "",
      "GMNotes": "",
      "ColorDiffuse": {
        "r": 1.0,
        "g": 1.0,
        "b": 1.0
      },
      "Locked": true,
      "Grid": true,
      "Snap": true,
      "IgnoreFoW": false,
      "Autoraise": true,
      "Sticky": true,
      "Tooltip": true,
      "GridProjection": false,
      "HideWhenFaceDown": false,
      "Hands": false,
      "CustomMesh": {
        "MeshURL": "http://cloud-3.steamusercontent.com/ugc/965350359853461424/23C7E84D9ABE2C35FC6DF0FD6C354F8070F090CF/",
        "DiffuseURL": "http://cloud-3.steamusercontent.com/ugc/965350359853514037/ABFD94D775DE66CCD90224BB4A16641D202FD574/",
        "NormalURL": "",
        "ColliderURL": "",
        "Convex": true,
        "MaterialIndex": 3,
        "TypeIndex": 0,
        "CastShadows": true
      },
      "XmlUI": "",
      "LuaScript": "",
      "LuaScriptState": "",
      "GUID": "4c3e60",
      "States": {
        "2": {
          "Name": "Custom_Model",
          "Transform": {
            "posX": -21.881794,
            "posY": 0.9939343,
            "posZ": -14.0147686,
            "rotX": -1.16776533E-07,
            "rotY": 89.99267,
            "rotZ": 1.38396422E-06,
            "scaleX": 1.0,
            "scaleY": 1.0,
            "scaleZ": 1.0
          },
          "Nickname": "",
          "Description": "",
          "GMNotes": "",
          "ColorDiffuse": {
            "r": 1.0,
            "g": 1.0,
            "b": 1.0
          },
          "Locked": false,
          "Grid": true,
          "Snap": true,
          "IgnoreFoW": false,
          "Autoraise": true,
          "Sticky": true,
          "Tooltip": true,
          "GridProjection": false,
          "HideWhenFaceDown": false,
          "Hands": false,
          "CustomMesh": {
            "MeshURL": "http://cloud-3.steamusercontent.com/ugc/965350359853461424/23C7E84D9ABE2C35FC6DF0FD6C354F8070F090CF/",
            "DiffuseURL": "http://cloud-3.steamusercontent.com/ugc/965350359853460796/2365E7508B30AC1A791080CAEEAD2C3A84E4D0ED/",
            "NormalURL": "",
            "ColliderURL": "",
            "Convex": true,
            "MaterialIndex": 3,
            "TypeIndex": 0,
            "CastShadows": true
          },
          "XmlUI": "",
          "LuaScript": "",
          "LuaScriptState": "",
          "GUID": "60f1ca"
        }
      }
    },
    {
      "Name": "Custom_Model",
      "Transform": {
        "posX": 40.006382,
        "posY": 2.00186419,
        "posZ": 15.1660862,
        "rotX": 0.009998596,
        "rotY": 179.964676,
        "rotZ": -5.44991462E-06,
        "scaleX": 1.0,
        "scaleY": 1.0,
        "scaleZ": 1.0
      },
      "Nickname": "",
      "Description": "",
      "GMNotes": "",
      "ColorDiffuse": {
        "r": 1.0,
        "g": 1.0,
        "b": 1.0
      },
      "Locked": true,
      "Grid": true,
      "Snap": true,
      "IgnoreFoW": false,
      "Autoraise": true,
      "Sticky": true,
      "Tooltip": true,
      "GridProjection": false,
      "HideWhenFaceDown": false,
      "Hands": false,
      "CustomMesh": {
        "MeshURL": "http://cloud-3.steamusercontent.com/ugc/965350359853460656/2A967E513CB32F5FBB4A8F58A97DCE3F440BB748/",
        "DiffuseURL": "http://cloud-3.steamusercontent.com/ugc/965350359853514037/ABFD94D775DE66CCD90224BB4A16641D202FD574/",
        "NormalURL": "",
        "ColliderURL": "",
        "Convex": true,
        "MaterialIndex": 3,
        "TypeIndex": 0,
        "CastShadows": true
      },
      "XmlUI": "",
      "LuaScript": "",
      "LuaScriptState": "",
      "GUID": "ce2985",
      "States": {
        "2": {
          "Name": "Custom_Model",
          "Transform": {
            "posX": -13.5886936,
            "posY": 0.9895327,
            "posZ": -13.2489367,
            "rotX": 2.9449788E-07,
            "rotY": 179.990952,
            "rotZ": 1.49983759E-06,
            "scaleX": 1.0,
            "scaleY": 1.0,
            "scaleZ": 1.0
          },
          "Nickname": "",
          "Description": "",
          "GMNotes": "",
          "ColorDiffuse": {
            "r": 1.0,
            "g": 1.0,
            "b": 1.0
          },
          "Locked": false,
          "Grid": true,
          "Snap": true,
          "IgnoreFoW": false,
          "Autoraise": true,
          "Sticky": true,
          "Tooltip": true,
          "GridProjection": false,
          "HideWhenFaceDown": false,
          "Hands": false,
          "CustomMesh": {
            "MeshURL": "http://cloud-3.steamusercontent.com/ugc/965350359853460656/2A967E513CB32F5FBB4A8F58A97DCE3F440BB748/",
            "DiffuseURL": "http://cloud-3.steamusercontent.com/ugc/965350359853460796/2365E7508B30AC1A791080CAEEAD2C3A84E4D0ED/",
            "NormalURL": "",
            "ColliderURL": "",
            "Convex": true,
            "MaterialIndex": 3,
            "TypeIndex": 0,
            "CastShadows": true
          },
          "XmlUI": "",
          "LuaScript": "",
          "LuaScriptState": "",
          "GUID": "240655"
        }
      }
    },
    {
      "Name": "Custom_Model",
      "Transform": {
        "posX": 39.6132355,
        "posY": 1.94007039,
        "posZ": 26.0515728,
        "rotX": 0.0100092823,
        "rotY": 179.823883,
        "rotZ": -3.42297972E-05,
        "scaleX": 1.0,
        "scaleY": 1.0,
        "scaleZ": 1.0
      },
      "Nickname": "",
      "Description": "",
      "GMNotes": "",
      "ColorDiffuse": {
        "r": 1.0,
        "g": 1.0,
        "b": 1.0
      },
      "Locked": true,
      "Grid": true,
      "Snap": true,
      "IgnoreFoW": false,
      "Autoraise": true,
      "Sticky": true,
      "Tooltip": true,
      "GridProjection": false,
      "HideWhenFaceDown": false,
      "Hands": false,
      "CustomMesh": {
        "MeshURL": "http://cloud-3.steamusercontent.com/ugc/965350359853462608/61281BA8553F9AA217FDB0FFA0C8C215850ECB42/",
        "DiffuseURL": "http://cloud-3.steamusercontent.com/ugc/965350359853514037/ABFD94D775DE66CCD90224BB4A16641D202FD574/",
        "NormalURL": "",
        "ColliderURL": "",
        "Convex": true,
        "MaterialIndex": 3,
        "TypeIndex": 0,
        "CastShadows": true
      },
      "XmlUI": "",
      "LuaScript": "",
      "LuaScriptState": "",
      "GUID": "c09ece",
      "States": {
        "2": {
          "Name": "Custom_Model",
          "Transform": {
            "posX": -3.196323,
            "posY": 0.9410429,
            "posZ": 3.88972259,
            "rotX": 5.09493645E-07,
            "rotY": 269.8864,
            "rotZ": -9.875542E-07,
            "scaleX": 1.0,
            "scaleY": 1.0,
            "scaleZ": 1.0
          },
          "Nickname": "",
          "Description": "",
          "GMNotes": "",
          "ColorDiffuse": {
            "r": 1.0,
            "g": 1.0,
            "b": 1.0
          },
          "Locked": false,
          "Grid": true,
          "Snap": true,
          "IgnoreFoW": false,
          "Autoraise": true,
          "Sticky": true,
          "Tooltip": true,
          "GridProjection": false,
          "HideWhenFaceDown": false,
          "Hands": false,
          "CustomMesh": {
            "MeshURL": "http://cloud-3.steamusercontent.com/ugc/965350359853462608/61281BA8553F9AA217FDB0FFA0C8C215850ECB42/",
            "DiffuseURL": "http://cloud-3.steamusercontent.com/ugc/965350359853460796/2365E7508B30AC1A791080CAEEAD2C3A84E4D0ED/",
            "NormalURL": "",
            "ColliderURL": "",
            "Convex": true,
            "MaterialIndex": 3,
            "TypeIndex": 0,
            "CastShadows": true
          },
          "XmlUI": "",
          "LuaScript": "",
          "LuaScriptState": "",
          "GUID": "b5acd2"
        }
      }
    },
    {
      "Name": "Custom_Model",
      "Transform": {
        "posX": 39.99204,
        "posY": 1.96576786,
        "posZ": 37.5105858,
        "rotX": 0.0100049013,
        "rotY": 179.974686,
        "rotZ": -1.37446318E-06,
        "scaleX": 1.0,
        "scaleY": 1.0,
        "scaleZ": 1.0
      },
      "Nickname": "",
      "Description": "",
      "GMNotes": "",
      "ColorDiffuse": {
        "r": 1.0,
        "g": 1.0,
        "b": 1.0
      },
      "Locked": true,
      "Grid": true,
      "Snap": true,
      "IgnoreFoW": false,
      "Autoraise": true,
      "Sticky": true,
      "Tooltip": true,
      "GridProjection": false,
      "HideWhenFaceDown": false,
      "Hands": false,
      "CustomMesh": {
        "MeshURL": "http://cloud-3.steamusercontent.com/ugc/965350359853463087/D9F7BD8B13686985453D0CF9332F6F5657567AEE/",
        "DiffuseURL": "http://cloud-3.steamusercontent.com/ugc/965350359853463282/333DBAAE2541091FF93DF10CA06B839660F5D483/",
        "NormalURL": "",
        "ColliderURL": "",
        "Convex": true,
        "MaterialIndex": 3,
        "TypeIndex": 0,
        "CastShadows": true
      },
      "XmlUI": "",
      "LuaScript": "",
      "LuaScriptState": "",
      "GUID": "2c7619"
    },
    {
      "Name": "Custom_Model",
      "Transform": {
        "posX": 28.944603,
        "posY": 2.01007581,
        "posZ": -0.17342335,
        "rotX": -3.730674E-06,
        "rotY": 90.0000153,
        "rotZ": 359.98996,
        "scaleX": 1.0,
        "scaleY": 1.0,
        "scaleZ": 1.0
      },
      "Nickname": "",
      "Description": "",
      "GMNotes": "",
      "ColorDiffuse": {
        "r": 1.0,
        "g": 1.0,
        "b": 1.0
      },
      "Locked": true,
      "Grid": true,
      "Snap": true,
      "IgnoreFoW": false,
      "Autoraise": true,
      "Sticky": true,
      "Tooltip": true,
      "GridProjection": false,
      "HideWhenFaceDown": false,
      "Hands": false,
      "CustomMesh": {
        "MeshURL": "http://cloud-3.steamusercontent.com/ugc/965350359853459695/6D21CAEE334D80C44147E654576A104AD7A9990C/",
        "DiffuseURL": "http://cloud-3.steamusercontent.com/ugc/965350359853459934/2AB14F1B8591D48A6D7FFDF465E4559625D4125E/",
        "NormalURL": "",
        "ColliderURL": "",
        "Convex": true,
        "MaterialIndex": 3,
        "TypeIndex": 0,
        "CastShadows": true
      },
      "XmlUI": "",
      "LuaScript": "",
      "LuaScriptState": "",
      "GUID": "60720b"
    },
    {
      "Name": "Custom_Model",
      "Transform": {
        "posX": 16.7788849,
        "posY": 2.014151,
        "posZ": 0.9323884,
        "rotX": -1.09639877E-05,
        "rotY": 89.9865952,
        "rotZ": 359.99,
        "scaleX": 1.0,
        "scaleY": 1.0,
        "scaleZ": 1.0
      },
      "Nickname": "",
      "Description": "",
      "GMNotes": "",
      "ColorDiffuse": {
        "r": 1.0,
        "g": 1.0,
        "b": 1.0
      },
      "Locked": true,
      "Grid": true,
      "Snap": true,
      "IgnoreFoW": false,
      "Autoraise": true,
      "Sticky": true,
      "Tooltip": true,
      "GridProjection": false,
      "HideWhenFaceDown": false,
      "Hands": false,
      "CustomMesh": {
        "MeshURL": "http://cloud-3.steamusercontent.com/ugc/965350359853458661/71CDF9E2BA44B4E710EE9A349E2D909B97B070E5/",
        "DiffuseURL": "http://cloud-3.steamusercontent.com/ugc/965350359853458830/28DDF62CDFF4E1A909A52A17F381867C4AA0995D/",
        "NormalURL": "",
        "ColliderURL": "",
        "Convex": true,
        "MaterialIndex": 3,
        "TypeIndex": 0,
        "CastShadows": true
      },
      "XmlUI": "",
      "LuaScript": "",
      "LuaScriptState": "",
      "GUID": "2423f0"
    },
    {
      "Name": "Custom_Model",
      "Transform": {
        "posX": 23.5073967,
        "posY": 1.98668563,
        "posZ": 0.677983642,
        "rotX": -2.00870254E-05,
        "rotY": 89.99459,
        "rotZ": 359.98996,
        "scaleX": 1.0,
        "scaleY": 1.0,
        "scaleZ": 1.0
      },
      "Nickname": "",
      "Description": "",
      "GMNotes": "",
      "ColorDiffuse": {
        "r": 1.0,
        "g": 1.0,
        "b": 1.0
      },
      "Locked": true,
      "Grid": true,
      "Snap": true,
      "IgnoreFoW": false,
      "Autoraise": true,
      "Sticky": true,
      "Tooltip": true,
      "GridProjection": false,
      "HideWhenFaceDown": false,
      "Hands": false,
      "CustomMesh": {
        "MeshURL": "http://cloud-3.steamusercontent.com/ugc/965350359853457600/380F3C98300FE1B86AC7B0BB4892903959D5DB92/",
        "DiffuseURL": "http://cloud-3.steamusercontent.com/ugc/965350359853457753/C7B989134EB843922786B9463C962DB57D81C9BB/",
        "NormalURL": "",
        "ColliderURL": "",
        "Convex": true,
        "MaterialIndex": 3,
        "TypeIndex": 0,
        "CastShadows": true
      },
      "XmlUI": "",
      "LuaScript": "",
      "LuaScriptState": "",
      "GUID": "6268ec"
    },
    {
      "Name": "Custom_Model",
      "Transform": {
        "posX": 33.97816,
        "posY": 2.90811443,
        "posZ": 7.922262,
        "rotX": -1.10903029E-05,
        "rotY": 89.99517,
        "rotZ": 359.99,
        "scaleX": 1.0,
        "scaleY": 1.0,
        "scaleZ": 1.0
      },
      "Nickname": "",
      "Description": "",
      "GMNotes": "",
      "ColorDiffuse": {
        "r": 1.0,
        "g": 1.0,
        "b": 1.0
      },
      "Locked": true,
      "Grid": true,
      "Snap": true,
      "IgnoreFoW": false,
      "Autoraise": true,
      "Sticky": true,
      "Tooltip": true,
      "GridProjection": false,
      "HideWhenFaceDown": false,
      "Hands": false,
      "CustomMesh": {
        "MeshURL": "http://cloud-3.steamusercontent.com/ugc/965350359853456917/B2209DA1B25B4BB4DB294C082012147EAE25ABA0/",
        "DiffuseURL": "http://cloud-3.steamusercontent.com/ugc/965350359853457129/2D5EDE855C96E5304DC6D06B5DA9FB53DE8726CA/",
        "NormalURL": "",
        "ColliderURL": "",
        "Convex": true,
        "MaterialIndex": 3,
        "TypeIndex": 0,
        "CastShadows": true
      },
      "XmlUI": "",
      "LuaScript": "",
      "LuaScriptState": "",
      "GUID": "771f68"
    },
    {
      "Name": "Custom_Model",
      "Transform": {
        "posX": 34.3393,
        "posY": 2.57287121,
        "posZ": 4.12601566,
        "rotX": -6.703457E-06,
        "rotY": 89.99524,
        "rotZ": 359.99,
        "scaleX": 1.0,
        "scaleY": 1.0,
        "scaleZ": 1.0
      },
      "Nickname": "",
      "Description": "",
      "GMNotes": "",
      "ColorDiffuse": {
        "r": 1.0,
        "g": 1.0,
        "b": 1.0
      },
      "Locked": true,
      "Grid": true,
      "Snap": true,
      "IgnoreFoW": false,
      "Autoraise": true,
      "Sticky": true,
      "Tooltip": true,
      "GridProjection": false,
      "HideWhenFaceDown": false,
      "Hands": false,
      "CustomMesh": {
        "MeshURL": "http://cloud-3.steamusercontent.com/ugc/965350359853456102/C52833E227A4A3AC087B79EE62CD96C1D7B58D5F/",
        "DiffuseURL": "http://cloud-3.steamusercontent.com/ugc/965350359853456267/C137405E4D8D8F8C8E474F4C66D175E7CC567A34/",
        "NormalURL": "",
        "ColliderURL": "",
        "Convex": true,
        "MaterialIndex": 3,
        "TypeIndex": 0,
        "CastShadows": true
      },
      "XmlUI": "",
      "LuaScript": "",
      "LuaScriptState": "",
      "GUID": "f417e1"
    },
    {
      "Name": "Custom_Model",
      "Transform": {
        "posX": 26.16384,
        "posY": 2.8085885,
        "posZ": 5.235456,
        "rotX": -2.39456836E-06,
        "rotY": 269.9931,
        "rotZ": 0.0100116236,
        "scaleX": 0.8,
        "scaleY": 0.8,
        "scaleZ": 0.8
      },
      "Nickname": "",
      "Description": "",
      "GMNotes": "",
      "ColorDiffuse": {
        "r": 1.0,
        "g": 1.0,
        "b": 1.0
      },
      "Locked": true,
      "Grid": true,
      "Snap": true,
      "IgnoreFoW": false,
      "Autoraise": true,
      "Sticky": true,
      "Tooltip": true,
      "GridProjection": false,
      "HideWhenFaceDown": false,
      "Hands": false,
      "CustomMesh": {
        "MeshURL": "http://cloud-3.steamusercontent.com/ugc/965350359853455002/4594FE72D52719A4685D587B45D53EB0A1E701EA/",
        "DiffuseURL": "http://cloud-3.steamusercontent.com/ugc/965350359853455140/FD698A4C7616C7BD42F58E6C081240F4EE6E8B82/",
        "NormalURL": "",
        "ColliderURL": "",
        "Convex": true,
        "MaterialIndex": 3,
        "TypeIndex": 0,
        "CastShadows": true
      },
      "XmlUI": "",
      "LuaScript": "",
      "LuaScriptState": "",
      "GUID": "06825b"
    },
    {
      "Name": "Custom_Model",
      "Transform": {
        "posX": 16.87331,
        "posY": 2.905775,
        "posZ": 5.58844137,
        "rotX": 4.65156563E-06,
        "rotY": 90.0273361,
        "rotZ": 359.99,
        "scaleX": 0.8,
        "scaleY": 0.8,
        "scaleZ": 0.8
      },
      "Nickname": "",
      "Description": "",
      "GMNotes": "",
      "ColorDiffuse": {
        "r": 1.0,
        "g": 1.0,
        "b": 1.0
      },
      "Locked": true,
      "Grid": true,
      "Snap": true,
      "IgnoreFoW": false,
      "Autoraise": true,
      "Sticky": true,
      "Tooltip": true,
      "GridProjection": false,
      "HideWhenFaceDown": false,
      "Hands": false,
      "CustomMesh": {
        "MeshURL": "http://cloud-3.steamusercontent.com/ugc/965350359853453917/8AE4F4F5776F814C132D54432BDF21BD9C6F6197/",
        "DiffuseURL": "http://cloud-3.steamusercontent.com/ugc/965350359853454087/A01A71B611210E33A0DC31B227F55014B4107305/",
        "NormalURL": "",
        "ColliderURL": "",
        "Convex": true,
        "MaterialIndex": 3,
        "TypeIndex": 0,
        "CastShadows": true
      },
      "XmlUI": "",
      "LuaScript": "",
      "LuaScriptState": "",
      "GUID": "2a4498"
    },
    {
      "Name": "Custom_Model",
      "Transform": {
        "posX": 52.9795532,
        "posY": 2.16216683,
        "posZ": 24.8486366,
        "rotX": 0.0100056557,
        "rotY": 180.172012,
        "rotZ": 2.95313239E-05,
        "scaleX": 1.0,
        "scaleY": 1.0,
        "scaleZ": 1.0
      },
      "Nickname": "",
      "Description": "",
      "GMNotes": "",
      "ColorDiffuse": {
        "r": 1.0,
        "g": 1.0,
        "b": 1.0
      },
      "Locked": true,
      "Grid": true,
      "Snap": true,
      "IgnoreFoW": false,
      "Autoraise": true,
      "Sticky": true,
      "Tooltip": true,
      "GridProjection": false,
      "HideWhenFaceDown": false,
      "Hands": false,
      "CustomMesh": {
        "MeshURL": "http://cloud-3.steamusercontent.com/ugc/965350359853462016/8F21CD23AF3E9E62E8CCA5325BC58ADFF589817D/",
        "DiffuseURL": "http://cloud-3.steamusercontent.com/ugc/965350359853514037/ABFD94D775DE66CCD90224BB4A16641D202FD574/",
        "NormalURL": "",
        "ColliderURL": "",
        "Convex": true,
        "MaterialIndex": 3,
        "TypeIndex": 0,
        "CastShadows": true
      },
      "XmlUI": "",
      "LuaScript": "",
      "LuaScriptState": "",
      "GUID": "c497b4",
      "States": {
        "2": {
          "Name": "Custom_Model",
          "Transform": {
            "posX": -22.99606,
            "posY": 4.25072241,
            "posZ": -1.62895441,
            "rotX": 2.840088E-06,
            "rotY": 89.98762,
            "rotZ": -3.46584557E-06,
            "scaleX": 1.0,
            "scaleY": 1.0,
            "scaleZ": 1.0
          },
          "Nickname": "",
          "Description": "",
          "GMNotes": "",
          "ColorDiffuse": {
            "r": 1.0,
            "g": 1.0,
            "b": 1.0
          },
          "Locked": false,
          "Grid": true,
          "Snap": true,
          "IgnoreFoW": false,
          "Autoraise": true,
          "Sticky": true,
          "Tooltip": true,
          "GridProjection": false,
          "HideWhenFaceDown": false,
          "Hands": false,
          "CustomMesh": {
            "MeshURL": "http://cloud-3.steamusercontent.com/ugc/965350359853462016/8F21CD23AF3E9E62E8CCA5325BC58ADFF589817D/",
            "DiffuseURL": "http://cloud-3.steamusercontent.com/ugc/965350359853460796/2365E7508B30AC1A791080CAEEAD2C3A84E4D0ED/",
            "NormalURL": "",
            "ColliderURL": "",
            "Convex": true,
            "MaterialIndex": 3,
            "TypeIndex": 0,
            "CastShadows": true
          },
          "XmlUI": "",
          "LuaScript": "",
          "LuaScriptState": "",
          "GUID": "61c49c"
        }
      }
    }
  ],
  "DecalPallet": [],
  "TabStates": {
    "0": {
      "title": "Rules",
      "body": "",
      "color": "Grey",
      "visibleColor": {
        "r": 0.5,
        "g": 0.5,
        "b": 0.5
      },
      "id": 0
    },
    "1": {
      "title": "White",
      "body": "",
      "color": "White",
      "visibleColor": {
        "r": 1.0,
        "g": 1.0,
        "b": 1.0
      },
      "id": 1
    },
    "2": {
      "title": "Brown",
      "body": "",
      "color": "Brown",
      "visibleColor": {
        "r": 0.443,
        "g": 0.231,
        "b": 0.09
      },
      "id": 2
    },
    "3": {
      "title": "Red",
      "body": "",
      "color": "Red",
      "visibleColor": {
        "r": 0.856,
        "g": 0.1,
        "b": 0.094
      },
      "id": 3
    },
    "4": {
      "title": "Orange",
      "body": "",
      "color": "Orange",
      "visibleColor": {
        "r": 0.956,
        "g": 0.392,
        "b": 0.113
      },
      "id": 4
    },
    "5": {
      "title": "Yellow",
      "body": "",
      "color": "Yellow",
      "visibleColor": {
        "r": 0.905,
        "g": 0.898,
        "b": 0.172
      },
      "id": 5
    },
    "6": {
      "title": "Green",
      "body": "",
      "color": "Green",
      "visibleColor": {
        "r": 0.192,
        "g": 0.701,
        "b": 0.168
      },
      "id": 6
    },
    "7": {
      "title": "Blue",
      "body": "",
      "color": "Blue",
      "visibleColor": {
        "r": 0.118,
        "g": 0.53,
        "b": 1.0
      },
      "id": 7
    },
    "8": {
      "title": "Teal",
      "body": "",
      "color": "Teal",
      "visibleColor": {
        "r": 0.129,
        "g": 0.694,
        "b": 0.607
      },
      "id": 8
    },
    "9": {
      "title": "Purple",
      "body": "",
      "color": "Purple",
      "visibleColor": {
        "r": 0.627,
        "g": 0.125,
        "b": 0.941
      },
      "id": 9
    },
    "10": {
      "title": "Pink",
      "body": "",
      "color": "Pink",
      "visibleColor": {
        "r": 0.96,
        "g": 0.439,
        "b": 0.807
      },
      "id": 10
    },
    "11": {
      "title": "Black",
      "body": "",
      "color": "Black",
      "visibleColor": {
        "r": 0.25,
        "g": 0.25,
        "b": 0.25
      },
      "id": 11
    }
  },
  "VersionNumber": "v12.2.2"
}