{
  "SaveName": "Craters",
  "GameMode": "RPG wargame",
  "Date": "7/31/2020 2:03:52 PM",
  "Gravity": 0.5,
  "PlayArea": 0.5,
  "GameType": "Objects",
  "GameComplexity": "",
  "PlayingTime": [
    0,
    0
  ],
  "PlayerCounts": [
    0,
    0
  ],
  "Tags": [
    "Board Games",
    "Miniature Games",
    "Strategy Games",
    "Role-playing Games",
    "Wargames",
    "Figurines",
    "crater",
    "craters",
    "40k",
    "terrain",
    "moonscape"
  ],
  "Table": "Table_RPG",
  "Sky": "Sky_Sunset",
  "SkyURL": "https://static-cdn.jtvnw.net/jtv_user_pictures/e91a3dcf-c15a-441a-b369-996922364cdc-profile_image-300x300.png",
  "Note": "",
  "Rules": "",
  "MusicPlayer": {
    "RepeatSong": true,
    "PlaylistEntry": -1,
    "CurrentAudioTitle": "Ultramarines Chant",
    "CurrentAudioURL": "http://cloud-3.steamusercontent.com/ugc/773976977327440295/17C1CAA1F70F178395E93C05E55946061E695598/",
    "AudioLibrary": [
      {
        "Item1": "http://cloud-3.steamusercontent.com/ugc/773976977327440295/17C1CAA1F70F178395E93C05E55946061E695598/",
        "Item2": "Ultramarines Chant"
      }
    ]
  },
  "Grid": {
    "Type": 0,
    "Lines": false,
    "Color": {
      "r": 0.0,
      "g": 0.0,
      "b": 0.0
    },
    "Opacity": 0.75,
    "ThickLines": false,
    "Snapping": false,
    "Offset": false,
    "BothSnapping": false,
    "xSize": 2.0,
    "ySize": 2.0,
    "PosOffset": {
      "x": 0.0,
      "y": 1.0,
      "z": 0.0
    }
  },
  "Lighting": {
    "LightIntensity": 0.54,
    "LightColor": {
      "r": 1.0,
      "g": 0.9804,
      "b": 0.8902
    },
    "AmbientIntensity": 1.3,
    "AmbientType": 0,
    "AmbientSkyColor": {
      "r": 0.5,
      "g": 0.5,
      "b": 0.5
    },
    "AmbientEquatorColor": {
      "r": 0.5,
      "g": 0.5,
      "b": 0.5
    },
    "AmbientGroundColor": {
      "r": 0.5,
      "g": 0.5,
      "b": 0.5
    },
    "ReflectionIntensity": 1.0,
    "LutIndex": 0,
    "LutContribution": 1.0
  },
  "Hands": {
    "Enable": true,
    "DisableUnused": false,
    "Hiding": 0,
    "HandTransforms": [
      {
        "Color": "Red",
        "Transform": {
          "posX": -15.1108065,
          "posY": 4.81034231,
          "posZ": -20.1076221,
          "rotX": 0.0,
          "rotY": 0.0,
          "rotZ": 0.0,
          "scaleX": 11.7726688,
          "scaleY": 9.174497,
          "scaleZ": 4.87123871
        }
      },
      {
        "Color": "Yellow",
        "Transform": {
          "posX": -30.2150211,
          "posY": 4.81034231,
          "posZ": 10.17524,
          "rotX": 0.0,
          "rotY": 90.0,
          "rotZ": 0.0,
          "scaleX": 11.66006,
          "scaleY": 9.174497,
          "scaleZ": 4.922552
        }
      },
      {
        "Color": "Purple",
        "Transform": {
          "posX": 30.25128,
          "posY": 4.81034231,
          "posZ": 9.59069252,
          "rotX": 0.0,
          "rotY": 270.0,
          "rotZ": 0.0,
          "scaleX": 11.6600533,
          "scaleY": 9.174497,
          "scaleZ": 4.922552
        }
      },
      {
        "Color": "Blue",
        "Transform": {
          "posX": 15.4749184,
          "posY": 4.81034231,
          "posZ": 19.8365288,
          "rotX": 0.0,
          "rotY": 179.8,
          "rotZ": 0.0,
          "scaleX": 11.7772093,
          "scaleY": 9.174497,
          "scaleZ": 4.874059
        }
      },
      {
        "Color": "White",
        "Transform": {
          "posX": 15.1961479,
          "posY": 4.81034231,
          "posZ": -20.1400986,
          "rotX": 0.0,
          "rotY": 0.0,
          "rotZ": 0.0,
          "scaleX": 11.7726536,
          "scaleY": 9.17449951,
          "scaleZ": 4.87123871
        }
      },
      {
        "Color": "Green",
        "Transform": {
          "posX": -15.1927767,
          "posY": 4.81034231,
          "posZ": 19.787817,
          "rotX": 0.0,
          "rotY": 180.0,
          "rotZ": 0.0,
          "scaleX": 11.7726536,
          "scaleY": 9.174497,
          "scaleZ": 4.87123871
        }
      },
      {
        "Color": "Pink",
        "Transform": {
          "posX": 30.10358,
          "posY": 4.81034231,
          "posZ": -8.449126,
          "rotX": 0.0,
          "rotY": 270.0,
          "rotZ": 0.0,
          "scaleX": 11.66005,
          "scaleY": 9.174497,
          "scaleZ": 4.922552
        }
      },
      {
        "Color": "Orange",
        "Transform": {
          "posX": -30.247818,
          "posY": 4.81034231,
          "posZ": -8.822588,
          "rotX": 0.0,
          "rotY": 90.0,
          "rotZ": 0.0,
          "scaleX": 11.6600637,
          "scaleY": 9.174497,
          "scaleZ": 4.922552
        }
      }
    ]
  },
  "Turns": {
    "Enable": false,
    "Type": 0,
    "TurnOrder": [],
    "Reverse": false,
    "SkipEmpty": false,
    "DisableInteractions": false,
    "PassTurns": true,
    "TurnColor": ""
  },
  "TabStates": {
    "0": {
      "title": "Rules",
      "body": "",
      "color": "Grey",
      "visibleColor": {
        "r": 0.5,
        "g": 0.5,
        "b": 0.5
      },
      "id": 0
    },
    "1": {
      "title": "White",
      "body": "",
      "color": "White",
      "visibleColor": {
        "r": 1.0,
        "g": 1.0,
        "b": 1.0
      },
      "id": 1
    },
    "2": {
      "title": "Brown",
      "body": "",
      "color": "Brown",
      "visibleColor": {
        "r": 0.443,
        "g": 0.231,
        "b": 0.09
      },
      "id": 2
    },
    "3": {
      "title": "Red",
      "body": "",
      "color": "Red",
      "visibleColor": {
        "r": 0.856,
        "g": 0.1,
        "b": 0.094
      },
      "id": 3
    },
    "4": {
      "title": "Orange",
      "body": "",
      "color": "Orange",
      "visibleColor": {
        "r": 0.956,
        "g": 0.392,
        "b": 0.113
      },
      "id": 4
    },
    "5": {
      "title": "Yellow",
      "body": "",
      "color": "Yellow",
      "visibleColor": {
        "r": 0.905,
        "g": 0.898,
        "b": 0.172
      },
      "id": 5
    },
    "6": {
      "title": "Green",
      "body": "",
      "color": "Green",
      "visibleColor": {
        "r": 0.192,
        "g": 0.701,
        "b": 0.168
      },
      "id": 6
    },
    "7": {
      "title": "Blue",
      "body": "",
      "color": "Blue",
      "visibleColor": {
        "r": 0.118,
        "g": 0.53,
        "b": 1.0
      },
      "id": 7
    },
    "8": {
      "title": "Teal",
      "body": "",
      "color": "Teal",
      "visibleColor": {
        "r": 0.129,
        "g": 0.694,
        "b": 0.607
      },
      "id": 8
    },
    "9": {
      "title": "Purple",
      "body": "",
      "color": "Purple",
      "visibleColor": {
        "r": 0.627,
        "g": 0.125,
        "b": 0.941
      },
      "id": 9
    },
    "10": {
      "title": "Pink",
      "body": "",
      "color": "Pink",
      "visibleColor": {
        "r": 0.96,
        "g": 0.439,
        "b": 0.807
      },
      "id": 10
    },
    "11": {
      "title": "Black",
      "body": "",
      "color": "Black",
      "visibleColor": {
        "r": 0.25,
        "g": 0.25,
        "b": 0.25
      },
      "id": 11
    }
  },
  "CameraStates": [
    {
      "Position": {
        "x": -2.549806,
        "y": -2.5,
        "z": -1.18034708
      },
      "Rotation": {
        "x": 59.9925575,
        "y": 359.8334,
        "z": 0.0
      },
      "Distance": 32.9767227,
      "Zoomed": false,
      "AbsolutePosition": {
        "x": -2.501853,
        "y": 26.05653,
        "z": -17.672348
      }
    },
    null,
    null,
    null,
    null,
    null,
    null,
    null,
    null,
    null
  ],
  "DecalPallet": [],
  "ObjectStates": [
    {
      "Name": "Custom_Tile",
      "Transform": {
        "posX": 16.5781517,
        "posY": 0.9600003,
        "posZ": 29.0021286,
        "rotX": -3.613617E-08,
        "rotY": 180.002716,
        "rotZ": -4.465251E-10,
        "scaleX": 6.06,
        "scaleY": 1.0,
        "scaleZ": 6.06
      },
      "Nickname": "",
      "Description": "[config]\nbase_size=50\nalways_show=false\n\n[area_name]\nsize=8\ncolour=#00FF00\n\n",
      "GMNotes": "",
      "ColorDiffuse": {
        "r": 1.0,
        "g": 1.0,
        "b": 1.0
      },
      "Locked": true,
      "Grid": false,
      "Snap": false,
      "IgnoreFoW": false,
      "MeasureMovement": false,
      "DragSelectable": true,
      "Autoraise": true,
      "Sticky": true,
      "Tooltip": true,
      "GridProjection": false,
      "HideWhenFaceDown": false,
      "Hands": false,
      "CustomImage": {
        "ImageURL": "http://cloud-3.steamusercontent.com/ugc/158029653789935724/C219CA23807685A32E0EBD0521D34664E533D165/",
        "ImageSecondaryURL": "",
        "ImageScalar": 1.0,
        "WidthScale": 0.0,
        "CustomTile": {
          "Type": 0,
          "Thickness": 0.2,
          "Stackable": false,
          "Stretch": true
        }
      },
      "LuaScript": "\nshow = false\n\nfunction createButton()\n    local button_parameters = {}\n    button_parameters.click_function = 'buttonClicked'\n    button_parameters.function_owner = self\n    button_parameters.label = getButtonText()\n    button_parameters.position = getButtonPosition()\n    button_parameters.rotation = {0, 0, 0}\n    button_parameters.width = 500 / calculateScale()\n    button_parameters.height = 200 / calculateScale()\n    button_parameters.font_size = 70 / calculateScale()\n    -- button_parameters.color = {1,1,0}\n    -- button_parameters.font_color = {1,0,1,0}\n    return button_parameters\nend\n\nfunction getButtonText()\n    if show then\n        return 'Hide Areas'\n    else\n        return 'Show Areas'\n    end\nend\n\nfunction getButtonPosition()\n    local state = getState()\n\n    local pos_z = 0\n    if state.config.button_pos_z then\n        pos_z = state.config.button_pos_z\n    else\n        pos_z = getBaseSizeX(state) + 0.5\n    end\n\n    local pos_y = 0\n    if state.config.button_pos_y then\n        pos_y = state.config.button_pos_y\n    else\n        pos_y = 0\n    end\n\n    local pos_x = 0\n    if state.config.button_pos_x then\n        pos_x = state.config.button_pos_x\n    else\n        pos_x = 0\n    end\n\n    return {pos_x,pos_y,pos_z}\nend\n\nfunction buttonClicked()\n    show = not show\n\n    drawAreas()\n\n    local button = createButton()\n    button.label = getButtonText()\n\n    self.editButton(button)\nend\n\nfunction drawButton()\n    self.clearButtons()\n    local state = getState()\n    local alwaysShow = state.config.always_show\n\n    if not alwaysShow then\n        self.createButton(createButton())\n    else\n        self.clearButtons()\n    end\nend\n\n\nfunction onLoad()\n    show = false\n    clearAreas()\n    drawButton()\n    drawAreas()\nend\n\nfunction onDrop()\n    clearAreas()\n    drawButton()\n    drawAreas()\nend\n\nfunction drawAreas()\n    state = getState()\n\n    if next(state) == nil then\n        print(\"State is empty\")\n        clearAreas()\n        return 0\n    end\n\n    local alwaysShow = state.config.always_show\n    local vectorLines = {}\n\n    if show or alwaysShow then\n        local areas = getAreasFromState(state)\n\n        local pos_y = 0\n        if state.config.area_pos_y then\n            pos_y = state.config.area_pos_y\n        end\n\n        local base_size_x = getBaseSizeX(state)\n        local base_size_y = getBaseSizeY(state)\n        local scaleFactor = calculateScale()\n\n        -- Base\n        table.insert(vectorLines, createCircle(base_size_x, base_size_y, \"#FFFFFF\", pos_y))\n        -- Circles\n        for i, v in pairs(areas) do\n            local radius_x = base_size_x + (v.size / scaleFactor)\n            local radius_y = base_size_y + (v.size / scaleFactor)\n\n            local circle = createCircle(radius_x, radius_y, v.colour, pos_y)\n            table.insert(vectorLines, circle)\n        end\n    end\n\n\tself.setVectorLines(vectorLines)\nend\n\nfunction clearAreas()\n    self.setVectorLines({})\nend\n\nfunction getBaseSizeX(state)\n    local size = 1\n\n    local scaleFactor = calculateScale()\n\n    if state.config.base_size then\n        return (( state.config.base_size / 2 ) / 25.4 ) / scaleFactor\n    end\n\n    if state.config.base_size_x then\n        return (( state.config.base_size_x / 2 ) / 25.4 ) / scaleFactor\n    end\n\n    return 1\nend\n\nfunction getBaseSizeY(state)\n    local size = 1\n\n    local scaleFactor = calculateScale()\n\n    if state.config.base_size then\n        return (( state.config.base_size / 2 ) / 25.4 ) / scaleFactor\n    end\n\n    if state.config.base_size_x then\n        return (( state.config.base_size_y / 2 ) / 25.4 ) / scaleFactor\n    end\n\n    return 1\nend\n\nfunction getAreasFromState(state)\n    local areas = {}\n    for key,value in pairs(state) do\n        if key ~= \"config\" then\n            table.insert(areas, value)\n        end\n    end\n    return areas\nend\n\nfunction calculateScale()\n    local state = getState()\n\n    if state.config.scale_factor then\n        return scaleFactor\n    else\n        local scale = self.getScale()\n        return scale.x\n    end\nend\n\nfunction getRotationVector()\n    local state = getState()\n\n    if state.config.rotation then\n        return {0, state.config.rotation, 0}\n    end\n\n    return {0, 0, 0}\nend\n\n\nfunction createCircle(a, b, colour, pos_y)\n    local scaleFactor = calculateScale()\n\n    return {\n\t\tcolor             = {hex2rgbNorm(colour)}, --RGB color of the circle\n\t\tthickness         = 0.02 / scaleFactor,         --thickness of the circle line\n        rotation          = getRotationVector(),\n        points            = getCircleVectorPoints(a, b, 32, pos_y),\n\t}\nend\n\n-- function getCircleVectorPoints(radius, steps, y)\n-- \tlocal t = {}\n-- \tlocal d,s,c,r = 360/steps, math.sin, math.cos, math.rad\n-- \tfor i = 0,steps do\n-- \t\ttable.insert(t, {\n-- \t\t\tc(r(d*i))*radius,\n-- \t\t\ty,\n-- \t\t\ts(r(d*i))*radius\n-- \t\t})\n-- \tend\n-- \treturn t\n-- end\n\n\nfunction getCircleVectorPoints(a, b, steps, y)\n\tlocal t = {}\n\n\tlocal d,s,c,r = 360/steps, math.sin, math.cos, math.rad\n\tfor i = 0,steps do\n\t\ttable.insert(t, {\n\t\t\ta * s(r(d*i)),\n\t\t\ty,\n\t\t\tb * c(r(d*i))\n\t\t})\n\tend\n\treturn t\nend\n-- STATE\n\nfunction storeState(data)\n\tself.setDescription(saveINI(data))\n    return data\nend\n\nfunction getState()\n\tlocal data = loadINI(self.getDescription())\n\n\t-- if data==nil then\n    --     return {}\n    -- end\n    return data\nend\n\n-- UTILS\n\nfunction hex2rgbNorm (hex)\n    local hex = hex:gsub(\"#\",\"\")\n    if hex:len() == 3 then\n      return (tonumber(\"0x\"..hex:sub(1,1))*17)/255,\n        (tonumber(\"0x\"..hex:sub(2,2))*17)/255,\n        (tonumber(\"0x\"..hex:sub(3,3))*17)/255\n    else\n      return tonumber(\"0x\"..hex:sub(1,2),16)/255, tonumber(\"0x\"..hex:sub(3,4),16)/255, tonumber(\"0x\"..hex:sub(5,6),16)/255\n    end\nend\n\nfunction dump(tbl, indent)\n  if not indent then indent = 0 end\n  for k, v in pairs(tbl) do\n    formatting = string.rep(\"  \", indent) .. k .. \": \"\n    if type(v) == \"table\" then\n      print(formatting)\n      dump(v, indent+1)\n    else\n      print(formatting .. v)\n    end\n  end\nend\n\nfunction saveINI(data)\n\tassert(type(data) == 'table', 'Parameter \"data\" must be a table.');\n\tlocal contents = '';\n\tfor section, param in pairs(data) do\n\t\tcontents = contents .. ('[%s]\\n'):format(section);\n\t\tfor key, value in pairs(param) do\n\t\t\tcontents = contents .. ('%s=%s\\n'):format(key, tostring(value));\n\t\tend\n\t\tcontents = contents .. '\\n';\n\tend\n\treturn contents\nend\n\nfunction loadINI(content)\n    local data = {};\n    local section;\n    for line in content:gmatch(\"([^\\n]*)\\n?\") do\n    \tlocal tempSection = line:match(\"^%[(.+)%]$\");\n    \tif(tempSection)then\n    \t\tsection = tonumber(tempSection) and tonumber(tempSection) or tempSection;\n    \t\tdata[section] = data[section] or {};\n    \tend\n    \tlocal param, value = line:match('^([%w|_]+)%s-=%s-(.+)$');\n    \tif(param and value ~= nil)then\n    \t\tif(tonumber(value))then\n    \t\t\tvalue = tonumber(value);\n    \t\telseif(value == 'true')then\n    \t\t\tvalue = true;\n    \t\telseif(value == 'false')then\n    \t\t\tvalue = false;\n    \t\tend\n    \t\tif(tonumber(param))then\n    \t\t\tparam = tonumber(param);\n    \t\tend\n    \t\tdata[section][param] = value;\n    \tend\n    end\n    return data;\nend\n",
      "LuaScriptState": "",
      "XmlUI": "",
      "GUID": "703eea"
    },
    {
      "Name": "Notecard",
      "Transform": {
        "posX": -9.109771,
        "posY": 1.02999985,
        "posZ": -15.0475588,
        "rotX": 2.13490665E-08,
        "rotY": 1.07962128E-09,
        "rotZ": -2.83907475E-08,
        "scaleX": 1.0,
        "scaleY": 1.0,
        "scaleZ": 1.0
      },
      "Nickname": "STATED OPTIONS",
      "Description": "\n\nthese 3 craters contain all the other options for ez copy, use \"state\" or page-up page-down to change them",
      "GMNotes": "",
      "ColorDiffuse": {
        "r": 1.0,
        "g": 1.0,
        "b": 1.0
      },
      "Locked": true,
      "Grid": true,
      "Snap": true,
      "IgnoreFoW": false,
      "MeasureMovement": false,
      "DragSelectable": true,
      "Autoraise": true,
      "Sticky": true,
      "Tooltip": true,
      "GridProjection": false,
      "HideWhenFaceDown": false,
      "Hands": false,
      "LuaScript": "",
      "LuaScriptState": "",
      "XmlUI": "",
      "GUID": "707fcb"
    },
    {
      "Name": "Custom_Assetbundle",
      "Transform": {
        "posX": 16.2069454,
        "posY": 15.8773117,
        "posZ": 4.088393,
        "rotX": 355.252441,
        "rotY": -1.58106541E-05,
        "rotZ": 0.000382468977,
        "scaleX": 1.0,
        "scaleY": 1.0,
        "scaleZ": 1.0
      },
      "Nickname": "White Light Spheres 2\"-20\"",
      "Description": "",
      "GMNotes": "",
      "ColorDiffuse": {
        "r": 1.0,
        "g": 1.0,
        "b": 1.0,
        "a": 0.0
      },
      "Locked": true,
      "Grid": true,
      "Snap": true,
      "IgnoreFoW": false,
      "MeasureMovement": false,
      "DragSelectable": true,
      "Autoraise": true,
      "Sticky": true,
      "Tooltip": true,
      "GridProjection": false,
      "HideWhenFaceDown": false,
      "Hands": false,
      "CustomAssetbundle": {
        "AssetbundleURL": "http://infinitebucket.com/tts/scenesystem/light-white.unity3d",
        "AssetbundleSecondaryURL": "",
        "MaterialIndex": 3,
        "TypeIndex": 0,
        "LoopingEffectIndex": 10
      },
      "LuaScript": "",
      "LuaScriptState": "",
      "XmlUI": "",
      "GUID": "46e1e3"
    },
    {
      "Name": "Custom_Assetbundle",
      "Transform": {
        "posX": -19.5067253,
        "posY": 14.7282829,
        "posZ": 5.220411,
        "rotX": 355.252441,
        "rotY": -1.58106541E-05,
        "rotZ": 0.000382469036,
        "scaleX": 1.0,
        "scaleY": 1.0,
        "scaleZ": 1.0
      },
      "Nickname": "White Light Spheres 2\"-20\"",
      "Description": "",
      "GMNotes": "",
      "ColorDiffuse": {
        "r": 1.0,
        "g": 1.0,
        "b": 1.0,
        "a": 0.0
      },
      "Locked": true,
      "Grid": true,
      "Snap": true,
      "IgnoreFoW": false,
      "MeasureMovement": false,
      "DragSelectable": true,
      "Autoraise": true,
      "Sticky": true,
      "Tooltip": true,
      "GridProjection": false,
      "HideWhenFaceDown": false,
      "Hands": false,
      "CustomAssetbundle": {
        "AssetbundleURL": "http://infinitebucket.com/tts/scenesystem/light-white.unity3d",
        "AssetbundleSecondaryURL": "",
        "MaterialIndex": 3,
        "TypeIndex": 0,
        "LoopingEffectIndex": 10
      },
      "LuaScript": "",
      "LuaScriptState": "",
      "XmlUI": "",
      "GUID": "6728c2"
    },
    {
      "Name": "Custom_Assetbundle",
      "Transform": {
        "posX": -9.334715,
        "posY": 14.8682823,
        "posZ": -15.627409,
        "rotX": 355.252441,
        "rotY": -1.58106541E-05,
        "rotZ": 0.000382469036,
        "scaleX": 1.0,
        "scaleY": 1.0,
        "scaleZ": 1.0
      },
      "Nickname": "White Light Spheres 2\"-20\"",
      "Description": "",
      "GMNotes": "",
      "ColorDiffuse": {
        "r": 1.0,
        "g": 1.0,
        "b": 1.0,
        "a": 0.0
      },
      "Locked": true,
      "Grid": true,
      "Snap": true,
      "IgnoreFoW": false,
      "MeasureMovement": false,
      "DragSelectable": true,
      "Autoraise": true,
      "Sticky": true,
      "Tooltip": true,
      "GridProjection": false,
      "HideWhenFaceDown": false,
      "Hands": false,
      "CustomAssetbundle": {
        "AssetbundleURL": "http://infinitebucket.com/tts/scenesystem/light-white.unity3d",
        "AssetbundleSecondaryURL": "",
        "MaterialIndex": 3,
        "TypeIndex": 0,
        "LoopingEffectIndex": 10
      },
      "LuaScript": "",
      "LuaScriptState": "",
      "XmlUI": "",
      "GUID": "4cd2ef"
    },
    {
      "Name": "Custom_Assetbundle",
      "Transform": {
        "posX": -0.0279873647,
        "posY": 14.7282829,
        "posZ": 4.82695627,
        "rotX": 355.252441,
        "rotY": -1.58106541E-05,
        "rotZ": 0.000382469036,
        "scaleX": 1.0,
        "scaleY": 1.0,
        "scaleZ": 1.0
      },
      "Nickname": "White Light Spheres 2\"-20\"",
      "Description": "",
      "GMNotes": "",
      "ColorDiffuse": {
        "r": 1.0,
        "g": 1.0,
        "b": 1.0,
        "a": 0.0
      },
      "Locked": true,
      "Grid": true,
      "Snap": true,
      "IgnoreFoW": false,
      "MeasureMovement": false,
      "DragSelectable": true,
      "Autoraise": true,
      "Sticky": true,
      "Tooltip": true,
      "GridProjection": false,
      "HideWhenFaceDown": false,
      "Hands": false,
      "CustomAssetbundle": {
        "AssetbundleURL": "http://infinitebucket.com/tts/scenesystem/light-white.unity3d",
        "AssetbundleSecondaryURL": "",
        "MaterialIndex": 3,
        "TypeIndex": 0,
        "LoopingEffectIndex": 10
      },
      "LuaScript": "",
      "LuaScriptState": "",
      "XmlUI": "",
      "GUID": "8d7db4"
    },
    {
      "Name": "Custom_Model",
      "Transform": {
        "posX": -23.3700142,
        "posY": 0.9591432,
        "posZ": 5.313751,
        "rotX": -2.70477517E-06,
        "rotY": 119.999146,
        "rotZ": -6.813639E-06,
        "scaleX": 1.0,
        "scaleY": 1.0,
        "scaleZ": 1.0
      },
      "Nickname": "crater B moss",
      "Description": "",
      "GMNotes": "",
      "ColorDiffuse": {
        "r": 1.0,
        "g": 1.0,
        "b": 1.0
      },
      "Locked": false,
      "Grid": true,
      "Snap": true,
      "IgnoreFoW": false,
      "MeasureMovement": false,
      "DragSelectable": true,
      "Autoraise": true,
      "Sticky": true,
      "Tooltip": true,
      "GridProjection": false,
      "HideWhenFaceDown": false,
      "Hands": false,
      "CustomMesh": {
        "MeshURL": "http://cloud-3.steamusercontent.com/ugc/1484450935822985772/D76D1E3FFE3C1FAF7FDFF27E6F32711EFEE68A5D/",
        "DiffuseURL": "http://cloud-3.steamusercontent.com/ugc/1484450935822987471/BE24AAFA8FA7AE0724138B634E2640027D6BA05B/",
        "NormalURL": "",
        "ColliderURL": "http://cloud-3.steamusercontent.com/ugc/1484451438449495811/C85D272151BE1AD02FC426F67FE473169BBA2907/",
        "Convex": true,
        "MaterialIndex": 3,
        "TypeIndex": 1,
        "CustomShader": {
          "SpecularColor": {
            "r": 1.0,
            "g": 1.0,
            "b": 1.0
          },
          "SpecularIntensity": 0.0,
          "SpecularSharpness": 2.0,
          "FresnelStrength": 0.0
        },
        "CastShadows": true
      },
      "LuaScript": "",
      "LuaScriptState": "",
      "XmlUI": "",
      "GUID": "488bb9"
    },
    {
      "Name": "Custom_Model",
      "Transform": {
        "posX": -14.9985886,
        "posY": 0.9591432,
        "posZ": 6.443427,
        "rotX": -1.25028032E-06,
        "rotY": 0.0220331233,
        "rotZ": -6.83036342E-06,
        "scaleX": 1.0,
        "scaleY": 1.0,
        "scaleZ": 1.0
      },
      "Nickname": "crater B burned",
      "Description": "",
      "GMNotes": "",
      "ColorDiffuse": {
        "r": 1.0,
        "g": 1.0,
        "b": 1.0
      },
      "Locked": false,
      "Grid": true,
      "Snap": true,
      "IgnoreFoW": false,
      "MeasureMovement": false,
      "DragSelectable": true,
      "Autoraise": true,
      "Sticky": true,
      "Tooltip": true,
      "GridProjection": false,
      "HideWhenFaceDown": false,
      "Hands": false,
      "CustomMesh": {
        "MeshURL": "http://cloud-3.steamusercontent.com/ugc/1484450935823101131/73B8740F2089FF8F3599C9D35D0CBFE95EFF660B/",
        "DiffuseURL": "http://cloud-3.steamusercontent.com/ugc/1484450935822956590/D361C55E2933AA9B4339F4207A7E4A242F5975A4/",
        "NormalURL": "",
        "ColliderURL": "http://cloud-3.steamusercontent.com/ugc/1484451438449495811/C85D272151BE1AD02FC426F67FE473169BBA2907/",
        "Convex": true,
        "MaterialIndex": 3,
        "TypeIndex": 1,
        "CustomShader": {
          "SpecularColor": {
            "r": 1.0,
            "g": 1.0,
            "b": 1.0
          },
          "SpecularIntensity": 0.0,
          "SpecularSharpness": 2.0,
          "FresnelStrength": 0.0
        },
        "CastShadows": true
      },
      "LuaScript": "",
      "LuaScriptState": "",
      "XmlUI": "",
      "GUID": "6fb22b"
    },
    {
      "Name": "Custom_Model",
      "Transform": {
        "posX": -20.0601883,
        "posY": 0.9591429,
        "posZ": 13.8280916,
        "rotX": -8.106521E-07,
        "rotY": 359.987152,
        "rotZ": -4.83136148E-07,
        "scaleX": 1.0,
        "scaleY": 1.0,
        "scaleZ": 1.0
      },
      "Nickname": "crater B",
      "Description": "",
      "GMNotes": "",
      "ColorDiffuse": {
        "r": 1.0,
        "g": 1.0,
        "b": 1.0
      },
      "Locked": false,
      "Grid": true,
      "Snap": true,
      "IgnoreFoW": false,
      "MeasureMovement": false,
      "DragSelectable": true,
      "Autoraise": true,
      "Sticky": true,
      "Tooltip": true,
      "GridProjection": false,
      "HideWhenFaceDown": false,
      "Hands": false,
      "CustomMesh": {
        "MeshURL": "http://cloud-3.steamusercontent.com/ugc/1484450935822985772/D76D1E3FFE3C1FAF7FDFF27E6F32711EFEE68A5D/",
        "DiffuseURL": "http://cloud-3.steamusercontent.com/ugc/1484450935822979545/51C9D98751BFE404AD43C9B9F68E9A5938B161B4/",
        "NormalURL": "",
        "ColliderURL": "http://cloud-3.steamusercontent.com/ugc/1484451438449495811/C85D272151BE1AD02FC426F67FE473169BBA2907/",
        "Convex": true,
        "MaterialIndex": 3,
        "TypeIndex": 1,
        "CustomShader": {
          "SpecularColor": {
            "r": 1.0,
            "g": 1.0,
            "b": 1.0
          },
          "SpecularIntensity": 0.0,
          "SpecularSharpness": 2.0,
          "FresnelStrength": 0.0
        },
        "CastShadows": true
      },
      "LuaScript": "",
      "LuaScriptState": "",
      "XmlUI": "",
      "GUID": "dc8f24"
    },
    {
      "Name": "Custom_Model",
      "Transform": {
        "posX": -4.401124,
        "posY": 0.9591429,
        "posZ": 5.35839128,
        "rotX": 1.07619606E-07,
        "rotY": 0.001154302,
        "rotZ": 2.434986E-07,
        "scaleX": 1.0,
        "scaleY": 1.0,
        "scaleZ": 1.0
      },
      "Nickname": "crater A moss",
      "Description": "",
      "GMNotes": "",
      "ColorDiffuse": {
        "r": 1.0,
        "g": 1.0,
        "b": 1.0
      },
      "Locked": false,
      "Grid": true,
      "Snap": true,
      "IgnoreFoW": false,
      "MeasureMovement": false,
      "DragSelectable": true,
      "Autoraise": true,
      "Sticky": true,
      "Tooltip": true,
      "GridProjection": false,
      "HideWhenFaceDown": false,
      "Hands": false,
      "CustomMesh": {
        "MeshURL": "http://cloud-3.steamusercontent.com/ugc/1484450935822976959/BDE618A1DA7E8EF399E704FDA8DF898678CC41A6/",
        "DiffuseURL": "http://cloud-3.steamusercontent.com/ugc/1484450935822987471/BE24AAFA8FA7AE0724138B634E2640027D6BA05B/",
        "NormalURL": "",
        "ColliderURL": "http://cloud-3.steamusercontent.com/ugc/1484451438449525733/5F148EC9A4CA594DDACA82CFB0D27229E6229F5A/",
        "Convex": true,
        "MaterialIndex": 3,
        "TypeIndex": 1,
        "CustomShader": {
          "SpecularColor": {
            "r": 1.0,
            "g": 1.0,
            "b": 1.0
          },
          "SpecularIntensity": 0.0,
          "SpecularSharpness": 2.0,
          "FresnelStrength": 0.0
        },
        "CastShadows": true
      },
      "LuaScript": "",
      "LuaScriptState": "",
      "XmlUI": "",
      "GUID": "83b929"
    },
    {
      "Name": "Custom_Model",
      "Transform": {
        "posX": 4.881942,
        "posY": 0.9591429,
        "posZ": 5.41682,
        "rotX": -2.338637E-07,
        "rotY": 0.0005156793,
        "rotZ": 4.36006871E-07,
        "scaleX": 1.0,
        "scaleY": 1.0,
        "scaleZ": 1.0
      },
      "Nickname": "crater A burned",
      "Description": "",
      "GMNotes": "",
      "ColorDiffuse": {
        "r": 1.0,
        "g": 1.0,
        "b": 1.0
      },
      "Locked": false,
      "Grid": true,
      "Snap": true,
      "IgnoreFoW": false,
      "MeasureMovement": false,
      "DragSelectable": true,
      "Autoraise": true,
      "Sticky": true,
      "Tooltip": true,
      "GridProjection": false,
      "HideWhenFaceDown": false,
      "Hands": false,
      "CustomMesh": {
        "MeshURL": "http://cloud-3.steamusercontent.com/ugc/1484450935822976959/BDE618A1DA7E8EF399E704FDA8DF898678CC41A6/",
        "DiffuseURL": "http://cloud-3.steamusercontent.com/ugc/1484450935822956590/D361C55E2933AA9B4339F4207A7E4A242F5975A4/",
        "NormalURL": "",
        "ColliderURL": "http://cloud-3.steamusercontent.com/ugc/1484451438449525733/5F148EC9A4CA594DDACA82CFB0D27229E6229F5A/",
        "Convex": true,
        "MaterialIndex": 3,
        "TypeIndex": 1,
        "CustomShader": {
          "SpecularColor": {
            "r": 1.0,
            "g": 1.0,
            "b": 1.0
          },
          "SpecularIntensity": 0.0,
          "SpecularSharpness": 2.0,
          "FresnelStrength": 0.0
        },
        "CastShadows": true
      },
      "LuaScript": "",
      "LuaScriptState": "",
      "XmlUI": "",
      "GUID": "e84272"
    },
    {
      "Name": "Custom_Model",
      "Transform": {
        "posX": -0.4593625,
        "posY": 0.9591429,
        "posZ": 13.50383,
        "rotX": -6.17614432E-07,
        "rotY": 15.0147209,
        "rotZ": -3.63670445E-08,
        "scaleX": 1.0,
        "scaleY": 1.0,
        "scaleZ": 1.0
      },
      "Nickname": "crater A",
      "Description": "",
      "GMNotes": "",
      "ColorDiffuse": {
        "r": 1.0,
        "g": 1.0,
        "b": 1.0
      },
      "Locked": false,
      "Grid": true,
      "Snap": true,
      "IgnoreFoW": false,
      "MeasureMovement": false,
      "DragSelectable": true,
      "Autoraise": true,
      "Sticky": true,
      "Tooltip": true,
      "GridProjection": false,
      "HideWhenFaceDown": false,
      "Hands": false,
      "CustomMesh": {
        "MeshURL": "http://cloud-3.steamusercontent.com/ugc/1484450935822976959/BDE618A1DA7E8EF399E704FDA8DF898678CC41A6/",
        "DiffuseURL": "http://cloud-3.steamusercontent.com/ugc/1484450935822979545/51C9D98751BFE404AD43C9B9F68E9A5938B161B4/",
        "NormalURL": "",
        "ColliderURL": "http://cloud-3.steamusercontent.com/ugc/1484451438449525733/5F148EC9A4CA594DDACA82CFB0D27229E6229F5A/",
        "Convex": true,
        "MaterialIndex": 3,
        "TypeIndex": 1,
        "CustomShader": {
          "SpecularColor": {
            "r": 1.0,
            "g": 1.0,
            "b": 1.0
          },
          "SpecularIntensity": 0.0,
          "SpecularSharpness": 2.0,
          "FresnelStrength": 0.0
        },
        "CastShadows": true
      },
      "LuaScript": "",
      "LuaScriptState": "",
      "XmlUI": "",
      "GUID": "50bf26"
    },
    {
      "Name": "Custom_Model",
      "Transform": {
        "posX": 14.174305,
        "posY": 0.959143162,
        "posZ": 5.430444,
        "rotX": 4.17083447E-06,
        "rotY": 239.980255,
        "rotZ": 1.676708E-06,
        "scaleX": 1.0,
        "scaleY": 1.0,
        "scaleZ": 1.0
      },
      "Nickname": "crater C moss",
      "Description": "",
      "GMNotes": "",
      "ColorDiffuse": {
        "r": 1.0,
        "g": 1.0,
        "b": 1.0
      },
      "Locked": false,
      "Grid": true,
      "Snap": true,
      "IgnoreFoW": false,
      "MeasureMovement": false,
      "DragSelectable": true,
      "Autoraise": true,
      "Sticky": true,
      "Tooltip": true,
      "GridProjection": false,
      "HideWhenFaceDown": false,
      "Hands": false,
      "CustomMesh": {
        "MeshURL": "http://cloud-3.steamusercontent.com/ugc/1484450935822998818/1935038F1B8C6F6AFF241DB36CDED5CB083A0F7C/",
        "DiffuseURL": "http://cloud-3.steamusercontent.com/ugc/1484450935822987471/BE24AAFA8FA7AE0724138B634E2640027D6BA05B/",
        "NormalURL": "",
        "ColliderURL": "http://cloud-3.steamusercontent.com/ugc/1484451438449529130/1FA9421E41537A052B172F22A5439A8C56C6B668/",
        "Convex": true,
        "MaterialIndex": 3,
        "TypeIndex": 1,
        "CustomShader": {
          "SpecularColor": {
            "r": 1.0,
            "g": 1.0,
            "b": 1.0
          },
          "SpecularIntensity": 0.0,
          "SpecularSharpness": 2.0,
          "FresnelStrength": 0.0
        },
        "CastShadows": true
      },
      "LuaScript": "",
      "LuaScriptState": "",
      "XmlUI": "",
      "GUID": "6d2c09"
    },
    {
      "Name": "Custom_Model",
      "Transform": {
        "posX": 22.4189,
        "posY": 0.9591428,
        "posZ": 5.02993536,
        "rotX": -2.693523E-06,
        "rotY": 254.998779,
        "rotZ": -4.33880768E-06,
        "scaleX": 1.0,
        "scaleY": 1.0,
        "scaleZ": 1.0
      },
      "Nickname": "crater C burned",
      "Description": "",
      "GMNotes": "",
      "ColorDiffuse": {
        "r": 1.0,
        "g": 1.0,
        "b": 1.0
      },
      "Locked": false,
      "Grid": true,
      "Snap": true,
      "IgnoreFoW": false,
      "MeasureMovement": false,
      "DragSelectable": true,
      "Autoraise": true,
      "Sticky": true,
      "Tooltip": true,
      "GridProjection": false,
      "HideWhenFaceDown": false,
      "Hands": false,
      "CustomMesh": {
        "MeshURL": "http://cloud-3.steamusercontent.com/ugc/1484450935823081007/1730645335A353F47033260E6E292FB4CCBF0E27/",
        "DiffuseURL": "http://cloud-3.steamusercontent.com/ugc/1484450935822956590/D361C55E2933AA9B4339F4207A7E4A242F5975A4/",
        "NormalURL": "",
        "ColliderURL": "http://cloud-3.steamusercontent.com/ugc/1484451438449529130/1FA9421E41537A052B172F22A5439A8C56C6B668/",
        "Convex": true,
        "MaterialIndex": 3,
        "TypeIndex": 1,
        "CustomShader": {
          "SpecularColor": {
            "r": 1.0,
            "g": 1.0,
            "b": 1.0
          },
          "SpecularIntensity": 0.0,
          "SpecularSharpness": 2.0,
          "FresnelStrength": 0.0
        },
        "CastShadows": true
      },
      "LuaScript": "",
      "LuaScriptState": "",
      "XmlUI": "",
      "GUID": "1de5bb"
    },
    {
      "Name": "Custom_Model",
      "Transform": {
        "posX": 18.3447571,
        "posY": 0.959143162,
        "posZ": 13.154541,
        "rotX": -2.994542E-06,
        "rotY": 210.01059,
        "rotZ": -3.737623E-06,
        "scaleX": 1.0,
        "scaleY": 1.0,
        "scaleZ": 1.0
      },
      "Nickname": "crater C",
      "Description": "",
      "GMNotes": "",
      "ColorDiffuse": {
        "r": 1.0,
        "g": 1.0,
        "b": 1.0
      },
      "Locked": false,
      "Grid": true,
      "Snap": true,
      "IgnoreFoW": false,
      "MeasureMovement": false,
      "DragSelectable": true,
      "Autoraise": true,
      "Sticky": true,
      "Tooltip": true,
      "GridProjection": false,
      "HideWhenFaceDown": false,
      "Hands": false,
      "CustomMesh": {
        "MeshURL": "http://cloud-3.steamusercontent.com/ugc/1484450935822998818/1935038F1B8C6F6AFF241DB36CDED5CB083A0F7C/",
        "DiffuseURL": "http://cloud-3.steamusercontent.com/ugc/1484450935822979545/51C9D98751BFE404AD43C9B9F68E9A5938B161B4/",
        "NormalURL": "",
        "ColliderURL": "http://cloud-3.steamusercontent.com/ugc/1484451438449529130/1FA9421E41537A052B172F22A5439A8C56C6B668/",
        "Convex": true,
        "MaterialIndex": 3,
        "TypeIndex": 1,
        "CustomShader": {
          "SpecularColor": {
            "r": 1.0,
            "g": 1.0,
            "b": 1.0
          },
          "SpecularIntensity": 0.0,
          "SpecularSharpness": 2.0,
          "FresnelStrength": 0.0
        },
        "CastShadows": true
      },
      "LuaScript": "",
      "LuaScriptState": "",
      "XmlUI": "",
      "GUID": "c0a32d"
    },
    {
      "Name": "Custom_Model",
      "Transform": {
        "posX": -19.0591526,
        "posY": 0.959143,
        "posZ": -10.6137028,
        "rotX": -1.61187961E-06,
        "rotY": 359.9871,
        "rotZ": -6.584574E-06,
        "scaleX": 1.0,
        "scaleY": 1.0,
        "scaleZ": 1.0
      },
      "Nickname": "crater B 3STATES",
      "Description": "",
      "GMNotes": "",
      "ColorDiffuse": {
        "r": 1.0,
        "g": 1.0,
        "b": 1.0
      },
      "Locked": false,
      "Grid": true,
      "Snap": true,
      "IgnoreFoW": false,
      "MeasureMovement": false,
      "DragSelectable": true,
      "Autoraise": true,
      "Sticky": true,
      "Tooltip": true,
      "GridProjection": false,
      "HideWhenFaceDown": false,
      "Hands": false,
      "CustomMesh": {
        "MeshURL": "http://cloud-3.steamusercontent.com/ugc/1484450935822985772/D76D1E3FFE3C1FAF7FDFF27E6F32711EFEE68A5D/",
        "DiffuseURL": "http://cloud-3.steamusercontent.com/ugc/1484450935822979545/51C9D98751BFE404AD43C9B9F68E9A5938B161B4/",
        "NormalURL": "",
        "ColliderURL": "http://cloud-3.steamusercontent.com/ugc/1484451438449495811/C85D272151BE1AD02FC426F67FE473169BBA2907/",
        "Convex": true,
        "MaterialIndex": 3,
        "TypeIndex": 1,
        "CustomShader": {
          "SpecularColor": {
            "r": 1.0,
            "g": 1.0,
            "b": 1.0
          },
          "SpecularIntensity": 0.0,
          "SpecularSharpness": 2.0,
          "FresnelStrength": 0.0
        },
        "CastShadows": true
      },
      "LuaScript": "",
      "LuaScriptState": "",
      "XmlUI": "",
      "GUID": "77b385",
      "States": {
        "3": {
          "Name": "Custom_Model",
          "Transform": {
            "posX": -19.0591526,
            "posY": 0.9591431,
            "posZ": -10.6137028,
            "rotX": -2.43326872E-06,
            "rotY": 359.9871,
            "rotZ": -7.453792E-06,
            "scaleX": 1.0,
            "scaleY": 1.0,
            "scaleZ": 1.0
          },
          "Nickname": "crater B moss",
          "Description": "",
          "GMNotes": "",
          "ColorDiffuse": {
            "r": 1.0,
            "g": 1.0,
            "b": 1.0
          },
          "Locked": false,
          "Grid": true,
          "Snap": true,
          "IgnoreFoW": false,
          "MeasureMovement": false,
          "DragSelectable": true,
          "Autoraise": true,
          "Sticky": true,
          "Tooltip": true,
          "GridProjection": false,
          "HideWhenFaceDown": false,
          "Hands": false,
          "CustomMesh": {
            "MeshURL": "http://cloud-3.steamusercontent.com/ugc/1484450935822985772/D76D1E3FFE3C1FAF7FDFF27E6F32711EFEE68A5D/",
            "DiffuseURL": "http://cloud-3.steamusercontent.com/ugc/1484450935822987471/BE24AAFA8FA7AE0724138B634E2640027D6BA05B/",
            "NormalURL": "",
            "ColliderURL": "http://cloud-3.steamusercontent.com/ugc/1484451438449495811/C85D272151BE1AD02FC426F67FE473169BBA2907/",
            "Convex": true,
            "MaterialIndex": 3,
            "TypeIndex": 1,
            "CustomShader": {
              "SpecularColor": {
                "r": 1.0,
                "g": 1.0,
                "b": 1.0
              },
              "SpecularIntensity": 0.0,
              "SpecularSharpness": 2.0,
              "FresnelStrength": 0.0
            },
            "CastShadows": true
          },
          "LuaScript": "",
          "LuaScriptState": "",
          "XmlUI": "",
          "GUID": "918920"
        },
        "2": {
          "Name": "Custom_Model",
          "Transform": {
            "posX": -19.0591526,
            "posY": 0.9591431,
            "posZ": -10.6137028,
            "rotX": -2.09831933E-06,
            "rotY": 359.9871,
            "rotZ": -6.97940868E-06,
            "scaleX": 1.0,
            "scaleY": 1.0,
            "scaleZ": 1.0
          },
          "Nickname": "crater B burned",
          "Description": "",
          "GMNotes": "",
          "ColorDiffuse": {
            "r": 1.0,
            "g": 1.0,
            "b": 1.0
          },
          "Locked": false,
          "Grid": true,
          "Snap": true,
          "IgnoreFoW": false,
          "MeasureMovement": false,
          "DragSelectable": true,
          "Autoraise": true,
          "Sticky": true,
          "Tooltip": true,
          "GridProjection": false,
          "HideWhenFaceDown": false,
          "Hands": false,
          "CustomMesh": {
            "MeshURL": "http://cloud-3.steamusercontent.com/ugc/1484450935823101131/73B8740F2089FF8F3599C9D35D0CBFE95EFF660B/",
            "DiffuseURL": "http://cloud-3.steamusercontent.com/ugc/1484450935822956590/D361C55E2933AA9B4339F4207A7E4A242F5975A4/",
            "NormalURL": "",
            "ColliderURL": "http://cloud-3.steamusercontent.com/ugc/1484451438449495811/C85D272151BE1AD02FC426F67FE473169BBA2907/",
            "Convex": true,
            "MaterialIndex": 3,
            "TypeIndex": 1,
            "CustomShader": {
              "SpecularColor": {
                "r": 1.0,
                "g": 1.0,
                "b": 1.0
              },
              "SpecularIntensity": 0.0,
              "SpecularSharpness": 2.0,
              "FresnelStrength": 0.0
            },
            "CastShadows": true
          },
          "LuaScript": "",
          "LuaScriptState": "",
          "XmlUI": "",
          "GUID": "553b91"
        }
      }
    },
    {
      "Name": "Custom_Model",
      "Transform": {
        "posX": -9.128585,
        "posY": 0.959143043,
        "posZ": -8.451406,
        "rotX": -1.35469321E-07,
        "rotY": 15.0144768,
        "rotZ": 1.72906E-08,
        "scaleX": 1.0,
        "scaleY": 1.0,
        "scaleZ": 1.0
      },
      "Nickname": "crater A 3STATES",
      "Description": "",
      "GMNotes": "",
      "ColorDiffuse": {
        "r": 1.0,
        "g": 1.0,
        "b": 1.0
      },
      "Locked": false,
      "Grid": true,
      "Snap": true,
      "IgnoreFoW": false,
      "MeasureMovement": false,
      "DragSelectable": true,
      "Autoraise": true,
      "Sticky": true,
      "Tooltip": true,
      "GridProjection": false,
      "HideWhenFaceDown": false,
      "Hands": false,
      "CustomMesh": {
        "MeshURL": "http://cloud-3.steamusercontent.com/ugc/1484450935822976959/BDE618A1DA7E8EF399E704FDA8DF898678CC41A6/",
        "DiffuseURL": "http://cloud-3.steamusercontent.com/ugc/1484450935822979545/51C9D98751BFE404AD43C9B9F68E9A5938B161B4/",
        "NormalURL": "",
        "ColliderURL": "http://cloud-3.steamusercontent.com/ugc/1484451438449525733/5F148EC9A4CA594DDACA82CFB0D27229E6229F5A/",
        "Convex": true,
        "MaterialIndex": 3,
        "TypeIndex": 1,
        "CustomShader": {
          "SpecularColor": {
            "r": 1.0,
            "g": 1.0,
            "b": 1.0
          },
          "SpecularIntensity": 0.0,
          "SpecularSharpness": 2.0,
          "FresnelStrength": 0.0
        },
        "CastShadows": true
      },
      "LuaScript": "",
      "LuaScriptState": "",
      "XmlUI": "",
      "GUID": "033e41",
      "States": {
        "3": {
          "Name": "Custom_Model",
          "Transform": {
            "posX": -9.467118,
            "posY": 0.959143043,
            "posZ": -7.44522762,
            "rotX": 7.91644439E-08,
            "rotY": 15.0144739,
            "rotZ": 2.43642262E-08,
            "scaleX": 1.0,
            "scaleY": 1.0,
            "scaleZ": 1.0
          },
          "Nickname": "crater A moss",
          "Description": "",
          "GMNotes": "",
          "ColorDiffuse": {
            "r": 1.0,
            "g": 1.0,
            "b": 1.0
          },
          "Locked": false,
          "Grid": true,
          "Snap": true,
          "IgnoreFoW": false,
          "MeasureMovement": false,
          "DragSelectable": true,
          "Autoraise": true,
          "Sticky": true,
          "Tooltip": true,
          "GridProjection": false,
          "HideWhenFaceDown": false,
          "Hands": false,
          "CustomMesh": {
            "MeshURL": "http://cloud-3.steamusercontent.com/ugc/1484450935822976959/BDE618A1DA7E8EF399E704FDA8DF898678CC41A6/",
            "DiffuseURL": "http://cloud-3.steamusercontent.com/ugc/1484450935822987471/BE24AAFA8FA7AE0724138B634E2640027D6BA05B/",
            "NormalURL": "",
            "ColliderURL": "http://cloud-3.steamusercontent.com/ugc/1484451438449525733/5F148EC9A4CA594DDACA82CFB0D27229E6229F5A/",
            "Convex": true,
            "MaterialIndex": 3,
            "TypeIndex": 1,
            "CustomShader": {
              "SpecularColor": {
                "r": 1.0,
                "g": 1.0,
                "b": 1.0
              },
              "SpecularIntensity": 0.0,
              "SpecularSharpness": 2.0,
              "FresnelStrength": 0.0
            },
            "CastShadows": true
          },
          "LuaScript": "",
          "LuaScriptState": "",
          "XmlUI": "",
          "GUID": "5d07cc"
        },
        "2": {
          "Name": "Custom_Model",
          "Transform": {
            "posX": -9.467118,
            "posY": 0.959143043,
            "posZ": -7.44522762,
            "rotX": 7.04799561E-08,
            "rotY": 15.0144739,
            "rotZ": 2.462589E-08,
            "scaleX": 1.0,
            "scaleY": 1.0,
            "scaleZ": 1.0
          },
          "Nickname": "crater A burned",
          "Description": "",
          "GMNotes": "",
          "ColorDiffuse": {
            "r": 1.0,
            "g": 1.0,
            "b": 1.0
          },
          "Locked": false,
          "Grid": true,
          "Snap": true,
          "IgnoreFoW": false,
          "MeasureMovement": false,
          "DragSelectable": true,
          "Autoraise": true,
          "Sticky": true,
          "Tooltip": true,
          "GridProjection": false,
          "HideWhenFaceDown": false,
          "Hands": false,
          "CustomMesh": {
            "MeshURL": "http://cloud-3.steamusercontent.com/ugc/1484450935822976959/BDE618A1DA7E8EF399E704FDA8DF898678CC41A6/",
            "DiffuseURL": "http://cloud-3.steamusercontent.com/ugc/1484450935822956590/D361C55E2933AA9B4339F4207A7E4A242F5975A4/",
            "NormalURL": "",
            "ColliderURL": "http://cloud-3.steamusercontent.com/ugc/1484451438449525733/5F148EC9A4CA594DDACA82CFB0D27229E6229F5A/",
            "Convex": true,
            "MaterialIndex": 3,
            "TypeIndex": 1,
            "CustomShader": {
              "SpecularColor": {
                "r": 1.0,
                "g": 1.0,
                "b": 1.0
              },
              "SpecularIntensity": 0.0,
              "SpecularSharpness": 2.0,
              "FresnelStrength": 0.0
            },
            "CastShadows": true
          },
          "LuaScript": "",
          "LuaScriptState": "",
          "XmlUI": "",
          "GUID": "c331ee"
        }
      }
    },
    {
      "Name": "3DText",
      "Transform": {
        "posX": -1.03750789,
        "posY": 1.19936728,
        "posZ": 0.6482978,
        "rotX": 90.0,
        "rotY": 359.8334,
        "rotZ": 0.0,
        "scaleX": 1.0,
        "scaleY": 1.0,
        "scaleZ": 1.0
      },
      "Nickname": "",
      "Description": "",
      "GMNotes": "",
      "ColorDiffuse": {
        "r": 1.0,
        "g": 1.0,
        "b": 1.0
      },
      "Locked": true,
      "Grid": true,
      "Snap": true,
      "IgnoreFoW": false,
      "MeasureMovement": false,
      "DragSelectable": true,
      "Autoraise": true,
      "Sticky": true,
      "Tooltip": true,
      "GridProjection": false,
      "HideWhenFaceDown": false,
      "Hands": false,
      "Text": {
        "Text": "Craters colliders are almost flat,\nin this way it's faster and easier to place models on top of them\nwithout the models continuing to fall around, this is a compromise\nbut i think for the sake of playing it's the best option.\nAlso IRL you should get inside the crater for it to cover you so, use those advance movements!",
        "colorstate": {
          "r": 0.0,
          "g": 1.0,
          "b": 0.0156862754
        },
        "fontSize": 64
      },
      "LuaScript": "",
      "LuaScriptState": "",
      "XmlUI": "",
      "GUID": "3bfbe3"
    },
    {
      "Name": "Custom_Model",
      "Transform": {
        "posX": -0.123641416,
        "posY": 0.9591432,
        "posZ": -10.6808128,
        "rotX": 3.16276714E-06,
        "rotY": 210.010452,
        "rotZ": 8.85273266E-07,
        "scaleX": 1.0,
        "scaleY": 1.0,
        "scaleZ": 1.0
      },
      "Nickname": "crater C 3STATES",
      "Description": "",
      "GMNotes": "",
      "ColorDiffuse": {
        "r": 1.0,
        "g": 1.0,
        "b": 1.0
      },
      "Locked": false,
      "Grid": true,
      "Snap": true,
      "IgnoreFoW": false,
      "MeasureMovement": false,
      "DragSelectable": true,
      "Autoraise": true,
      "Sticky": true,
      "Tooltip": true,
      "GridProjection": false,
      "HideWhenFaceDown": false,
      "Hands": false,
      "CustomMesh": {
        "MeshURL": "http://cloud-3.steamusercontent.com/ugc/1484450935822998818/1935038F1B8C6F6AFF241DB36CDED5CB083A0F7C/",
        "DiffuseURL": "http://cloud-3.steamusercontent.com/ugc/1484450935822979545/51C9D98751BFE404AD43C9B9F68E9A5938B161B4/",
        "NormalURL": "",
        "ColliderURL": "http://cloud-3.steamusercontent.com/ugc/1484451438449529130/1FA9421E41537A052B172F22A5439A8C56C6B668/",
        "Convex": true,
        "MaterialIndex": 3,
        "TypeIndex": 1,
        "CustomShader": {
          "SpecularColor": {
            "r": 1.0,
            "g": 1.0,
            "b": 1.0
          },
          "SpecularIntensity": 0.0,
          "SpecularSharpness": 2.0,
          "FresnelStrength": 0.0
        },
        "CastShadows": true
      },
      "LuaScript": "",
      "LuaScriptState": "",
      "XmlUI": "",
      "GUID": "c2596a",
      "States": {
        "2": {
          "Name": "Custom_Model",
          "Transform": {
            "posX": -0.123641148,
            "posY": 0.9591433,
            "posZ": -10.6808119,
            "rotX": 3.937798E-06,
            "rotY": 210.010437,
            "rotZ": 1.28697786E-06,
            "scaleX": 1.0,
            "scaleY": 1.0,
            "scaleZ": 1.0
          },
          "Nickname": "crater C burned",
          "Description": "",
          "GMNotes": "",
          "ColorDiffuse": {
            "r": 1.0,
            "g": 1.0,
            "b": 1.0
          },
          "Locked": false,
          "Grid": true,
          "Snap": true,
          "IgnoreFoW": false,
          "MeasureMovement": false,
          "DragSelectable": true,
          "Autoraise": true,
          "Sticky": true,
          "Tooltip": true,
          "GridProjection": false,
          "HideWhenFaceDown": false,
          "Hands": false,
          "CustomMesh": {
            "MeshURL": "http://cloud-3.steamusercontent.com/ugc/1484450935823081007/1730645335A353F47033260E6E292FB4CCBF0E27/",
            "DiffuseURL": "http://cloud-3.steamusercontent.com/ugc/1484450935822956590/D361C55E2933AA9B4339F4207A7E4A242F5975A4/",
            "NormalURL": "",
            "ColliderURL": "http://cloud-3.steamusercontent.com/ugc/1484451438449529130/1FA9421E41537A052B172F22A5439A8C56C6B668/",
            "Convex": true,
            "MaterialIndex": 3,
            "TypeIndex": 1,
            "CustomShader": {
              "SpecularColor": {
                "r": 1.0,
                "g": 1.0,
                "b": 1.0
              },
              "SpecularIntensity": 0.0,
              "SpecularSharpness": 2.0,
              "FresnelStrength": 0.0
            },
            "CastShadows": true
          },
          "LuaScript": "",
          "LuaScriptState": "",
          "XmlUI": "",
          "GUID": "2522d3"
        },
        "3": {
          "Name": "Custom_Model",
          "Transform": {
            "posX": -0.123641454,
            "posY": 0.9591431,
            "posZ": -10.6808119,
            "rotX": -3.18451316E-06,
            "rotY": 210.010437,
            "rotZ": -4.29281135E-06,
            "scaleX": 1.0,
            "scaleY": 1.0,
            "scaleZ": 1.0
          },
          "Nickname": "crater C moss",
          "Description": "",
          "GMNotes": "",
          "ColorDiffuse": {
            "r": 1.0,
            "g": 1.0,
            "b": 1.0
          },
          "Locked": false,
          "Grid": true,
          "Snap": true,
          "IgnoreFoW": false,
          "MeasureMovement": false,
          "DragSelectable": true,
          "Autoraise": true,
          "Sticky": true,
          "Tooltip": true,
          "GridProjection": false,
          "HideWhenFaceDown": false,
          "Hands": false,
          "CustomMesh": {
            "MeshURL": "http://cloud-3.steamusercontent.com/ugc/1484450935822998818/1935038F1B8C6F6AFF241DB36CDED5CB083A0F7C/",
            "DiffuseURL": "http://cloud-3.steamusercontent.com/ugc/1484450935822987471/BE24AAFA8FA7AE0724138B634E2640027D6BA05B/",
            "NormalURL": "",
            "ColliderURL": "http://cloud-3.steamusercontent.com/ugc/1484451438449529130/1FA9421E41537A052B172F22A5439A8C56C6B668/",
            "Convex": true,
            "MaterialIndex": 3,
            "TypeIndex": 1,
            "CustomShader": {
              "SpecularColor": {
                "r": 1.0,
                "g": 1.0,
                "b": 1.0
              },
              "SpecularIntensity": 0.0,
              "SpecularSharpness": 2.0,
              "FresnelStrength": 0.0
            },
            "CastShadows": true
          },
          "LuaScript": "",
          "LuaScriptState": "",
          "XmlUI": "",
          "GUID": "efb4be"
        }
      }
    }
  ],
  "LuaScript": "--[[ Lua code. See documentation: https://api.tabletopsimulator.com/ --]]\n\n--[[ The onLoad event is called after the game save finishes loading. --]]\nfunction onLoad()\n    --[[ print('onLoad!') --]]\nend\n\n--[[ The onUpdate event is called once per frame. --]]\nfunction onUpdate()\n    --[[ print('onUpdate loop!') --]]\nend",
  "LuaScriptState": "",
  "XmlUI": "<!-- Xml UI. See documentation: https://api.tabletopsimulator.com/ui/introUI/ -->",
  "VersionNumber": "v12.4.3"
}