{
  "SaveName": "Sons Of Behemat",
  "GameMode": "giants",
  "Date": "10/18/2020 5:15:09 PM",
  "Gravity": 0.5,
  "PlayArea": 0.5,
  "GameType": "",
  "GameComplexity": "",
  "Tags": [],
  "Table": "Table_RPG",
  "Sky": "Sky_Tunnel",
  "SkyURL": "http://u.cubeupload.com/noodlesinsoup/MonoLakeBHiResTMap1.jpg",
  "Note": "",
  "Rules": "",
  "MusicPlayer": {
    "RepeatSong": true,
    "PlaylistEntry": -1,
    "CurrentAudioTitle": "Ultramarines Chant",
    "CurrentAudioURL": "http://cloud-3.steamusercontent.com/ugc/773976977327440295/17C1CAA1F70F178395E93C05E55946061E695598/",
    "AudioLibrary": [
      {
        "Item1": "http://cloud-3.steamusercontent.com/ugc/773976977327440295/17C1CAA1F70F178395E93C05E55946061E695598/",
        "Item2": "Ultramarines Chant"
      }
    ]
  },
  "Grid": {
    "Type": 0,
    "Lines": true,
    "Color": {
      "r": 0.0,
      "g": 0.0,
      "b": 0.0
    },
    "Opacity": 0.75,
    "ThickLines": false,
    "Snapping": false,
    "Offset": false,
    "BothSnapping": true,
    "xSize": 2.0,
    "ySize": 2.0,
    "PosOffset": {
      "x": 0.0,
      "y": 1.0,
      "z": 0.0
    }
  },
  "Lighting": {
    "LightIntensity": 0.9186661,
    "LightColor": {
      "r": 1.0,
      "g": 0.9804,
      "b": 0.8902
    },
    "AmbientIntensity": 1.18799841,
    "AmbientType": 1,
    "AmbientSkyColor": {
      "r": 0.5,
      "g": 0.5,
      "b": 0.5
    },
    "AmbientEquatorColor": {
      "r": 0.5,
      "g": 0.5,
      "b": 0.5
    },
    "AmbientGroundColor": {
      "r": 0.5,
      "g": 0.5,
      "b": 0.5
    },
    "ReflectionIntensity": 1.0,
    "LutIndex": 0,
    "LutContribution": 1.0,
    "LutURL": ""
  },
  "Hands": {
    "Enable": true,
    "DisableUnused": false,
    "Hiding": 0,
    "HandTransforms": [
      {
        "Color": "Red",
        "Transform": {
          "posX": -15.1108065,
          "posY": 4.81034231,
          "posZ": -20.1076221,
          "rotX": 0.0,
          "rotY": 0.0,
          "rotZ": 0.0,
          "scaleX": 11.774085,
          "scaleY": 9.174497,
          "scaleZ": 4.87123871
        }
      },
      {
        "Color": "Yellow",
        "Transform": {
          "posX": -30.2150211,
          "posY": 4.81034231,
          "posZ": 10.17524,
          "rotX": 0.0,
          "rotY": 90.0,
          "rotZ": 0.0,
          "scaleX": 11.6696577,
          "scaleY": 9.174497,
          "scaleZ": 4.927951
        }
      },
      {
        "Color": "Purple",
        "Transform": {
          "posX": 30.25128,
          "posY": 4.81034231,
          "posZ": 9.59069252,
          "rotX": 0.0,
          "rotY": 270.0,
          "rotZ": 0.0,
          "scaleX": 11.669652,
          "scaleY": 9.174497,
          "scaleZ": 4.927951
        }
      },
      {
        "Color": "Blue",
        "Transform": {
          "posX": 15.4749184,
          "posY": 4.81034231,
          "posZ": 19.8365288,
          "rotX": 0.0,
          "rotY": 179.8,
          "rotZ": 0.0,
          "scaleX": 11.7889652,
          "scaleY": 9.174497,
          "scaleZ": 4.88012266
        }
      },
      {
        "Color": "White",
        "Transform": {
          "posX": 15.1961479,
          "posY": 4.81034231,
          "posZ": -20.1400986,
          "rotX": 0.0,
          "rotY": 0.0,
          "rotZ": 0.0,
          "scaleX": 11.7740669,
          "scaleY": 9.17449951,
          "scaleZ": 4.87123871
        }
      },
      {
        "Color": "Green",
        "Transform": {
          "posX": -15.1927767,
          "posY": 4.81034231,
          "posZ": 19.787817,
          "rotX": 0.0,
          "rotY": 180.0,
          "rotZ": 0.0,
          "scaleX": 11.7740669,
          "scaleY": 9.174497,
          "scaleZ": 4.87123871
        }
      },
      {
        "Color": "Pink",
        "Transform": {
          "posX": 30.10358,
          "posY": 4.81034231,
          "posZ": -8.449126,
          "rotX": 0.0,
          "rotY": 270.0,
          "rotZ": 0.0,
          "scaleX": 11.6696482,
          "scaleY": 9.174497,
          "scaleZ": 4.927951
        }
      },
      {
        "Color": "Orange",
        "Transform": {
          "posX": -30.247818,
          "posY": 4.81034231,
          "posZ": -8.822588,
          "rotX": 0.0,
          "rotY": 90.0,
          "rotZ": 0.0,
          "scaleX": 11.6696615,
          "scaleY": 9.174497,
          "scaleZ": 4.927951
        }
      }
    ]
  },
  "Turns": {
    "Enable": false,
    "Type": 0,
    "TurnOrder": [],
    "Reverse": false,
    "SkipEmpty": false,
    "DisableInteractions": false,
    "PassTurns": true,
    "TurnColor": ""
  },
  "TabStates": {
    "0": {
      "title": "Rules",
      "body": "",
      "color": "Grey",
      "visibleColor": {
        "r": 0.5,
        "g": 0.5,
        "b": 0.5
      },
      "id": 0
    },
    "1": {
      "title": "White",
      "body": "",
      "color": "White",
      "visibleColor": {
        "r": 1.0,
        "g": 1.0,
        "b": 1.0
      },
      "id": 1
    },
    "2": {
      "title": "Brown",
      "body": "",
      "color": "Brown",
      "visibleColor": {
        "r": 0.443,
        "g": 0.231,
        "b": 0.09
      },
      "id": 2
    },
    "3": {
      "title": "Red",
      "body": "",
      "color": "Red",
      "visibleColor": {
        "r": 0.856,
        "g": 0.1,
        "b": 0.094
      },
      "id": 3
    },
    "4": {
      "title": "Orange",
      "body": "",
      "color": "Orange",
      "visibleColor": {
        "r": 0.956,
        "g": 0.392,
        "b": 0.113
      },
      "id": 4
    },
    "5": {
      "title": "Yellow",
      "body": "",
      "color": "Yellow",
      "visibleColor": {
        "r": 0.905,
        "g": 0.898,
        "b": 0.172
      },
      "id": 5
    },
    "6": {
      "title": "Green",
      "body": "",
      "color": "Green",
      "visibleColor": {
        "r": 0.192,
        "g": 0.701,
        "b": 0.168
      },
      "id": 6
    },
    "7": {
      "title": "Blue",
      "body": "",
      "color": "Blue",
      "visibleColor": {
        "r": 0.118,
        "g": 0.53,
        "b": 1.0
      },
      "id": 7
    },
    "8": {
      "title": "Teal",
      "body": "",
      "color": "Teal",
      "visibleColor": {
        "r": 0.129,
        "g": 0.694,
        "b": 0.607
      },
      "id": 8
    },
    "9": {
      "title": "Purple",
      "body": "",
      "color": "Purple",
      "visibleColor": {
        "r": 0.627,
        "g": 0.125,
        "b": 0.941
      },
      "id": 9
    },
    "10": {
      "title": "Pink",
      "body": "",
      "color": "Pink",
      "visibleColor": {
        "r": 0.96,
        "g": 0.439,
        "b": 0.807
      },
      "id": 10
    },
    "11": {
      "title": "Black",
      "body": "",
      "color": "Black",
      "visibleColor": {
        "r": 0.25,
        "g": 0.25,
        "b": 0.25
      },
      "id": 11
    }
  },
  "DecalPallet": [],
  "ObjectStates": [
    {
      "Name": "Custom_PDF",
      "Transform": {
        "posX": -7.0,
        "posY": 0.9600003,
        "posZ": 5.0,
        "rotX": 3.0989046E-08,
        "rotY": 180.0,
        "rotZ": 1.4063113E-07,
        "scaleX": 1.3656503,
        "scaleY": 1.0,
        "scaleZ": 1.3656503
      },
      "Nickname": "Mega Gargant Gatebreaker",
      "Description": "",
      "GMNotes": "",
      "ColorDiffuse": {
        "r": 1.0,
        "g": 1.0,
        "b": 1.0
      },
      "Locked": false,
      "Grid": true,
      "Snap": true,
      "IgnoreFoW": false,
      "MeasureMovement": false,
      "DragSelectable": true,
      "Autoraise": true,
      "Sticky": true,
      "Tooltip": true,
      "GridProjection": false,
      "HideWhenFaceDown": false,
      "Hands": false,
      "CustomPDF": {
        "PDFUrl": "http://cloud-3.steamusercontent.com/ugc/1655595078835208952/C2216C9C856C6D43AFA40EC74AAF6BE73CEA6EED/",
        "PDFPassword": "",
        "PDFPage": 0,
        "PDFPageOffset": 0
      },
      "LuaScript": "",
      "LuaScriptState": "",
      "XmlUI": "",
      "GUID": "c90015"
    },
    {
      "Name": "Custom_PDF",
      "Transform": {
        "posX": 7.0,
        "posY": 0.9600003,
        "posZ": 5.0,
        "rotX": 5.90124465E-08,
        "rotY": 180.0014,
        "rotZ": -1.004646E-07,
        "scaleX": 1.3656503,
        "scaleY": 1.0,
        "scaleZ": 1.3656503
      },
      "Nickname": "Mega Gargant Kraken Biter",
      "Description": "",
      "GMNotes": "",
      "ColorDiffuse": {
        "r": 1.0,
        "g": 1.0,
        "b": 1.0
      },
      "Locked": false,
      "Grid": true,
      "Snap": true,
      "IgnoreFoW": false,
      "MeasureMovement": false,
      "DragSelectable": true,
      "Autoraise": true,
      "Sticky": true,
      "Tooltip": true,
      "GridProjection": false,
      "HideWhenFaceDown": false,
      "Hands": false,
      "CustomPDF": {
        "PDFUrl": "http://cloud-3.steamusercontent.com/ugc/1655595078835212456/2BC9C99036723D1168CD89F0F1A4C948271AA161/",
        "PDFPassword": "",
        "PDFPage": 0,
        "PDFPageOffset": 0
      },
      "LuaScript": "",
      "LuaScriptState": "",
      "XmlUI": "",
      "GUID": "efafcc"
    },
    {
      "Name": "Custom_PDF",
      "Transform": {
        "posX": 21.0,
        "posY": 0.9600003,
        "posZ": 5.0,
        "rotX": -2.95484988E-08,
        "rotY": 180.0,
        "rotZ": -1.21496086E-07,
        "scaleX": 1.3656503,
        "scaleY": 1.0,
        "scaleZ": 1.3656503
      },
      "Nickname": "Mega Gargant Warstomper",
      "Description": "",
      "GMNotes": "",
      "ColorDiffuse": {
        "r": 1.0,
        "g": 1.0,
        "b": 1.0
      },
      "Locked": false,
      "Grid": true,
      "Snap": true,
      "IgnoreFoW": false,
      "MeasureMovement": false,
      "DragSelectable": true,
      "Autoraise": true,
      "Sticky": true,
      "Tooltip": true,
      "GridProjection": false,
      "HideWhenFaceDown": false,
      "Hands": false,
      "CustomPDF": {
        "PDFUrl": "http://cloud-3.steamusercontent.com/ugc/1655595078835214791/103DF5A110F794C32B862FB285418D7A20F2F9A5/",
        "PDFPassword": "",
        "PDFPage": 0,
        "PDFPageOffset": 0
      },
      "LuaScript": "",
      "LuaScriptState": "",
      "XmlUI": "",
      "GUID": "4055a6"
    },
    {
      "Name": "Custom_Assetbundle",
      "Transform": {
        "posX": 7.0,
        "posY": 0.959715,
        "posZ": 11.0,
        "rotX": 1.34240972E-05,
        "rotY": 14.97163,
        "rotZ": -5.373723E-06,
        "scaleX": 1.9,
        "scaleY": 1.9,
        "scaleZ": 1.9
      },
      "Nickname": "Mega Gargant Kraken Biter",
      "Description": "",
      "GMNotes": "",
      "ColorDiffuse": {
        "r": 0.8,
        "g": 0.8,
        "b": 0.8
      },
      "Locked": false,
      "Grid": true,
      "Snap": true,
      "IgnoreFoW": false,
      "MeasureMovement": true,
      "DragSelectable": true,
      "Autoraise": true,
      "Sticky": true,
      "Tooltip": true,
      "GridProjection": false,
      "HideWhenFaceDown": false,
      "Hands": false,
      "CustomAssetbundle": {
        "AssetbundleURL": "http://cloud-3.steamusercontent.com/ugc/1666853884561008519/E3F49D45DD9A6BD80CCFC9A121F6ADDC0034BE5B/",
        "AssetbundleSecondaryURL": "",
        "MaterialIndex": 1,
        "TypeIndex": 1,
        "LoopingEffectIndex": 0
      },
      "LuaScript": "",
      "LuaScriptState": "",
      "XmlUI": "",
      "GUID": "46b1ed"
    },
    {
      "Name": "Custom_Assetbundle",
      "Transform": {
        "posX": -7.0,
        "posY": 0.9597148,
        "posZ": 11.0,
        "rotX": -8.214183E-07,
        "rotY": 164.9787,
        "rotZ": -1.81985843E-06,
        "scaleX": 1.9,
        "scaleY": 1.9,
        "scaleZ": 1.9
      },
      "Nickname": "Mega Gargant Gatebreaker",
      "Description": "",
      "GMNotes": "",
      "ColorDiffuse": {
        "r": 0.8,
        "g": 0.8,
        "b": 0.8
      },
      "Locked": false,
      "Grid": true,
      "Snap": true,
      "IgnoreFoW": false,
      "MeasureMovement": true,
      "DragSelectable": true,
      "Autoraise": true,
      "Sticky": true,
      "Tooltip": true,
      "GridProjection": false,
      "HideWhenFaceDown": false,
      "Hands": false,
      "CustomAssetbundle": {
        "AssetbundleURL": "http://cloud-3.steamusercontent.com/ugc/1666853884560552447/741E5F9C2EEAA0B5ABA90E17EA084409B708C869/",
        "AssetbundleSecondaryURL": "",
        "MaterialIndex": 1,
        "TypeIndex": 1,
        "LoopingEffectIndex": 0
      },
      "LuaScript": "",
      "LuaScriptState": "",
      "XmlUI": "",
      "GUID": "334e1b"
    },
    {
      "Name": "Custom_Assetbundle",
      "Transform": {
        "posX": 21.0,
        "posY": 0.9597149,
        "posZ": 11.0,
        "rotX": -1.329044E-06,
        "rotY": 119.978394,
        "rotZ": -1.47361811E-06,
        "scaleX": 1.89999938,
        "scaleY": 1.89999938,
        "scaleZ": 1.89999938
      },
      "Nickname": "Mega Gargant Warstomper",
      "Description": "",
      "GMNotes": "",
      "ColorDiffuse": {
        "r": 0.8,
        "g": 0.8,
        "b": 0.8
      },
      "Locked": false,
      "Grid": true,
      "Snap": true,
      "IgnoreFoW": false,
      "MeasureMovement": true,
      "DragSelectable": true,
      "Autoraise": true,
      "Sticky": true,
      "Tooltip": true,
      "GridProjection": false,
      "HideWhenFaceDown": false,
      "Hands": false,
      "CustomAssetbundle": {
        "AssetbundleURL": "http://cloud-3.steamusercontent.com/ugc/1666853884557726077/AF9DBE5D49DCFAF7BBEC61882978D4845D7B7A63/",
        "AssetbundleSecondaryURL": "",
        "MaterialIndex": 1,
        "TypeIndex": 1,
        "LoopingEffectIndex": 0
      },
      "LuaScript": "",
      "LuaScriptState": "",
      "XmlUI": "",
      "GUID": "d87b77"
    },
    {
      "Name": "Custom_Assetbundle",
      "Transform": {
        "posX": -4.0,
        "posY": 0.9598649,
        "posZ": -4.0,
        "rotX": -1.72113673E-07,
        "rotY": 164.999969,
        "rotZ": -1.53402084E-06,
        "scaleX": 1.79999936,
        "scaleY": 1.79999936,
        "scaleZ": 1.79999936
      },
      "Nickname": "12/12 Mancrusher Gargant",
      "Description": "",
      "GMNotes": "",
      "ColorDiffuse": {
        "r": 0.8,
        "g": 0.8,
        "b": 0.8
      },
      "Locked": false,
      "Grid": true,
      "Snap": true,
      "IgnoreFoW": false,
      "MeasureMovement": true,
      "DragSelectable": true,
      "Autoraise": true,
      "Sticky": true,
      "Tooltip": true,
      "GridProjection": false,
      "HideWhenFaceDown": false,
      "Hands": false,
      "CustomAssetbundle": {
        "AssetbundleURL": "http://cloud-3.steamusercontent.com/ugc/1669106010811530648/DB9F06E856698016B3B68AFD9087857CECE03C6E/",
        "AssetbundleSecondaryURL": "",
        "MaterialIndex": 0,
        "TypeIndex": 1,
        "LoopingEffectIndex": 0
      },
      "LuaScript": "",
      "LuaScriptState": "",
      "XmlUI": "",
      "GUID": "97ef74"
    },
    {
      "Name": "Custom_Assetbundle",
      "Transform": {
        "posX": -1.3038516E-07,
        "posY": 0.9598648,
        "posZ": -4.000001,
        "rotX": -5.00116E-07,
        "rotY": 344.999939,
        "rotZ": -1.39926431E-06,
        "scaleX": 1.8,
        "scaleY": 1.8,
        "scaleZ": 1.8
      },
      "Nickname": "12/12 Mancrusher Gargant",
      "Description": "",
      "GMNotes": "",
      "ColorDiffuse": {
        "r": 0.8,
        "g": 0.8,
        "b": 0.8
      },
      "Locked": false,
      "Grid": true,
      "Snap": true,
      "IgnoreFoW": false,
      "MeasureMovement": true,
      "DragSelectable": true,
      "Autoraise": true,
      "Sticky": true,
      "Tooltip": true,
      "GridProjection": false,
      "HideWhenFaceDown": false,
      "Hands": false,
      "CustomAssetbundle": {
        "AssetbundleURL": "http://cloud-3.steamusercontent.com/ugc/1669106010813238906/131466DA0645BD9F935EE8385A8050776C5F3965/",
        "AssetbundleSecondaryURL": "",
        "MaterialIndex": 0,
        "TypeIndex": 1,
        "LoopingEffectIndex": 0
      },
      "LuaScript": "",
      "LuaScriptState": "",
      "XmlUI": "",
      "GUID": "dc16c8"
    },
    {
      "Name": "Custom_Assetbundle",
      "Transform": {
        "posX": -8.0,
        "posY": 0.959864736,
        "posZ": -4.0,
        "rotX": 2.95669622E-07,
        "rotY": 344.999939,
        "rotZ": 2.17296517E-07,
        "scaleX": 1.79999936,
        "scaleY": 1.79999936,
        "scaleZ": 1.79999936
      },
      "Nickname": "12/12 Mancrusher Gargant",
      "Description": "",
      "GMNotes": "",
      "ColorDiffuse": {
        "r": 0.8,
        "g": 0.8,
        "b": 0.8
      },
      "Locked": false,
      "Grid": true,
      "Snap": true,
      "IgnoreFoW": false,
      "MeasureMovement": true,
      "DragSelectable": true,
      "Autoraise": true,
      "Sticky": true,
      "Tooltip": true,
      "GridProjection": false,
      "HideWhenFaceDown": false,
      "Hands": false,
      "CustomAssetbundle": {
        "AssetbundleURL": "http://cloud-3.steamusercontent.com/ugc/1669106010810891651/8EFC939CED2E087A8590E393F21D50A7A08EA5B7/",
        "AssetbundleSecondaryURL": "",
        "MaterialIndex": 0,
        "TypeIndex": 1,
        "LoopingEffectIndex": 0
      },
      "LuaScript": "",
      "LuaScriptState": "",
      "XmlUI": "",
      "GUID": "1b706a"
    },
    {
      "Name": "Custom_Assetbundle",
      "Transform": {
        "posX": 3.99999952,
        "posY": 0.959864855,
        "posZ": -4.00000048,
        "rotX": -5.606716E-07,
        "rotY": 164.999985,
        "rotZ": -5.350697E-07,
        "scaleX": 1.8,
        "scaleY": 1.8,
        "scaleZ": 1.8
      },
      "Nickname": "12/12 Mancrusher Gargant",
      "Description": "",
      "GMNotes": "",
      "ColorDiffuse": {
        "r": 0.8,
        "g": 0.8,
        "b": 0.8
      },
      "Locked": false,
      "Grid": true,
      "Snap": true,
      "IgnoreFoW": false,
      "MeasureMovement": true,
      "DragSelectable": true,
      "Autoraise": true,
      "Sticky": true,
      "Tooltip": true,
      "GridProjection": false,
      "HideWhenFaceDown": false,
      "Hands": false,
      "CustomAssetbundle": {
        "AssetbundleURL": "http://cloud-3.steamusercontent.com/ugc/1669106010813342907/90076B8AB75D3262A2E2CC7391049AFCD4EF3C13/",
        "AssetbundleSecondaryURL": "",
        "MaterialIndex": 0,
        "TypeIndex": 1,
        "LoopingEffectIndex": 0
      },
      "LuaScript": "",
      "LuaScriptState": "",
      "XmlUI": "",
      "GUID": "ac004e"
    },
    {
      "Name": "Custom_PDF",
      "Transform": {
        "posX": -2.15724327E-10,
        "posY": 0.9600003,
        "posZ": -10.0,
        "rotX": -1.85783069E-08,
        "rotY": 180.0,
        "rotZ": -5.212369E-08,
        "scaleX": 1.36507583,
        "scaleY": 1.0,
        "scaleZ": 1.36507583
      },
      "Nickname": "Mancrusher Gargants",
      "Description": "",
      "GMNotes": "",
      "ColorDiffuse": {
        "r": 1.0,
        "g": 1.0,
        "b": 1.0
      },
      "Locked": false,
      "Grid": true,
      "Snap": true,
      "IgnoreFoW": false,
      "MeasureMovement": false,
      "DragSelectable": true,
      "Autoraise": true,
      "Sticky": true,
      "Tooltip": true,
      "GridProjection": false,
      "HideWhenFaceDown": false,
      "Hands": false,
      "CustomPDF": {
        "PDFUrl": "http://cloud-3.steamusercontent.com/ugc/1657847141637594288/A522FFA87795791A85AB92D941B2C2549D989976/",
        "PDFPassword": "",
        "PDFPage": 0,
        "PDFPageOffset": 0
      },
      "LuaScript": "",
      "LuaScriptState": "",
      "XmlUI": "",
      "GUID": "bd1d42"
    },
    {
      "Name": "Custom_Assetbundle",
      "Transform": {
        "posX": 8.0,
        "posY": 0.9598649,
        "posZ": -3.99999976,
        "rotX": 2.49949358E-06,
        "rotY": 165.021942,
        "rotZ": 3.40546558E-06,
        "scaleX": 1.8,
        "scaleY": 1.8,
        "scaleZ": 1.8
      },
      "Nickname": "12/12 Mancrusher Gargant",
      "Description": "",
      "GMNotes": "",
      "ColorDiffuse": {
        "r": 0.8,
        "g": 0.8,
        "b": 0.8
      },
      "Locked": false,
      "Grid": true,
      "Snap": true,
      "IgnoreFoW": false,
      "MeasureMovement": true,
      "DragSelectable": true,
      "Autoraise": true,
      "Sticky": true,
      "Tooltip": true,
      "GridProjection": false,
      "HideWhenFaceDown": false,
      "Hands": false,
      "CustomAssetbundle": {
        "AssetbundleURL": "http://cloud-3.steamusercontent.com/ugc/1669106234826979394/BE0A343B810B874080841FA24657EA01617E40AE/",
        "AssetbundleSecondaryURL": "",
        "MaterialIndex": 0,
        "TypeIndex": 1,
        "LoopingEffectIndex": 0
      },
      "LuaScript": "",
      "LuaScriptState": "",
      "XmlUI": "",
      "GUID": "504f98"
    },
    {
      "Name": "Custom_Assetbundle",
      "Transform": {
        "posX": -21.0,
        "posY": 0.959782362,
        "posZ": 11.0,
        "rotX": 6.378278E-07,
        "rotY": 270.010864,
        "rotZ": -8.185446E-07,
        "scaleX": 1.45000029,
        "scaleY": 1.45000029,
        "scaleZ": 1.45000029
      },
      "Nickname": "",
      "Description": "",
      "GMNotes": "",
      "ColorDiffuse": {
        "r": 0.8,
        "g": 0.8,
        "b": 0.8
      },
      "Locked": false,
      "Grid": true,
      "Snap": true,
      "IgnoreFoW": false,
      "MeasureMovement": false,
      "DragSelectable": true,
      "Autoraise": true,
      "Sticky": true,
      "Tooltip": true,
      "GridProjection": false,
      "HideWhenFaceDown": false,
      "Hands": false,
      "CustomAssetbundle": {
        "AssetbundleURL": "http://cloud-3.steamusercontent.com/ugc/1669106234831108901/23E838759F91E60000FB0621F4DF23988A5A47C5/",
        "AssetbundleSecondaryURL": "",
        "MaterialIndex": 0,
        "TypeIndex": 1,
        "LoopingEffectIndex": 0
      },
      "LuaScript": "",
      "LuaScriptState": "",
      "XmlUI": "",
      "GUID": "f6bbdd"
    },
    {
      "Name": "Custom_PDF",
      "Transform": {
        "posX": -21.0,
        "posY": 0.9600003,
        "posZ": 5.0,
        "rotX": -1.633106E-08,
        "rotY": 180.000031,
        "rotZ": 6.267346E-08,
        "scaleX": 1.36453307,
        "scaleY": 1.0,
        "scaleZ": 1.36453307
      },
      "Nickname": "",
      "Description": "",
      "GMNotes": "",
      "ColorDiffuse": {
        "r": 1.0,
        "g": 1.0,
        "b": 1.0
      },
      "Locked": false,
      "Grid": true,
      "Snap": true,
      "IgnoreFoW": false,
      "MeasureMovement": false,
      "DragSelectable": true,
      "Autoraise": true,
      "Sticky": true,
      "Tooltip": true,
      "GridProjection": false,
      "HideWhenFaceDown": false,
      "Hands": false,
      "CustomPDF": {
        "PDFUrl": "http://cloud-3.steamusercontent.com/ugc/1657847247025069787/12B973B00F2B78DAEB89EB904B40757BECD6A3C7/",
        "PDFPassword": "",
        "PDFPage": 0,
        "PDFPageOffset": 0
      },
      "LuaScript": "",
      "LuaScriptState": "",
      "XmlUI": "",
      "GUID": "c5d40f"
    }
  ],
  "LuaScript": "--[[ Lua code. See documentation: https://api.tabletopsimulator.com/ --]]\n\n--[[ The onLoad event is called after the game save finishes loading. --]]\nfunction onLoad()\n    --[[ print('onLoad!') --]]\nend\n\n--[[ The onUpdate event is called once per frame. --]]\nfunction onUpdate()\n    --[[ print('onUpdate loop!') --]]\nend",
  "LuaScriptState": "",
  "XmlUI": "<!-- Xml UI. See documentation: https://api.tabletopsimulator.com/ui/introUI/ -->",
  "VersionNumber": "v12.4.3"
}