{
  "SaveName": "Kill Team Datacards",
  "EpochTime": 1631385359,
  "Date": "9/11/2021 2:35:59 PM",
  "VersionNumber": "v13.1.1",
  "GameMode": "Kill Team Datacards",
  "GameType": "",
  "GameComplexity": "",
  "Tags": [],
  "Gravity": 0.5,
  "PlayArea": 0.5,
  "Table": "Table_Octagon",
  "Sky": "Sky_Forest",
  "Note": "",
  "TabStates": {
    "0": {
      "title": "Rules",
      "body": "",
      "color": "Grey",
      "visibleColor": {
        "r": 0.5,
        "g": 0.5,
        "b": 0.5
      },
      "id": 0
    },
    "1": {
      "title": "White",
      "body": "",
      "color": "White",
      "visibleColor": {
        "r": 1.0,
        "g": 1.0,
        "b": 1.0
      },
      "id": 1
    },
    "2": {
      "title": "Brown",
      "body": "",
      "color": "Brown",
      "visibleColor": {
        "r": 0.443,
        "g": 0.231,
        "b": 0.09
      },
      "id": 2
    },
    "3": {
      "title": "Red",
      "body": "",
      "color": "Red",
      "visibleColor": {
        "r": 0.856,
        "g": 0.1,
        "b": 0.094
      },
      "id": 3
    },
    "4": {
      "title": "Orange",
      "body": "",
      "color": "Orange",
      "visibleColor": {
        "r": 0.956,
        "g": 0.392,
        "b": 0.113
      },
      "id": 4
    },
    "5": {
      "title": "Yellow",
      "body": "",
      "color": "Yellow",
      "visibleColor": {
        "r": 0.905,
        "g": 0.898,
        "b": 0.172
      },
      "id": 5
    },
    "6": {
      "title": "Green",
      "body": "",
      "color": "Green",
      "visibleColor": {
        "r": 0.192,
        "g": 0.701,
        "b": 0.168
      },
      "id": 6
    },
    "7": {
      "title": "Blue",
      "body": "",
      "color": "Blue",
      "visibleColor": {
        "r": 0.118,
        "g": 0.53,
        "b": 1.0
      },
      "id": 7
    },
    "8": {
      "title": "Teal",
      "body": "",
      "color": "Teal",
      "visibleColor": {
        "r": 0.129,
        "g": 0.694,
        "b": 0.607
      },
      "id": 8
    },
    "9": {
      "title": "Purple",
      "body": "",
      "color": "Purple",
      "visibleColor": {
        "r": 0.627,
        "g": 0.125,
        "b": 0.941
      },
      "id": 9
    },
    "10": {
      "title": "Pink",
      "body": "",
      "color": "Pink",
      "visibleColor": {
        "r": 0.96,
        "g": 0.439,
        "b": 0.807
      },
      "id": 10
    },
    "11": {
      "title": "Black",
      "body": "",
      "color": "Black",
      "visibleColor": {
        "r": 0.25,
        "g": 0.25,
        "b": 0.25
      },
      "id": 11
    }
  },
  "Grid": {
    "Type": 0,
    "Lines": false,
    "Color": {
      "r": 0.0,
      "g": 0.0,
      "b": 0.0
    },
    "Opacity": 0.75,
    "ThickLines": false,
    "Snapping": false,
    "Offset": false,
    "BothSnapping": false,
    "xSize": 2.0,
    "ySize": 2.0,
    "PosOffset": {
      "x": 0.0,
      "y": 1.0,
      "z": 0.0
    }
  },
  "Lighting": {
    "LightIntensity": 0.54,
    "LightColor": {
      "r": 1.0,
      "g": 0.9804,
      "b": 0.8902
    },
    "AmbientIntensity": 1.3,
    "AmbientType": 0,
    "AmbientSkyColor": {
      "r": 0.5,
      "g": 0.5,
      "b": 0.5
    },
    "AmbientEquatorColor": {
      "r": 0.5,
      "g": 0.5,
      "b": 0.5
    },
    "AmbientGroundColor": {
      "r": 0.5,
      "g": 0.5,
      "b": 0.5
    },
    "ReflectionIntensity": 1.0,
    "LutIndex": 0,
    "LutContribution": 1.0
  },
  "Hands": {
    "Enable": true,
    "DisableUnused": false,
    "Hiding": 0
  },
  "ComponentTags": {
    "labels": []
  },
  "Turns": {
    "Enable": false,
    "Type": 0,
    "TurnOrder": [],
    "Reverse": false,
    "SkipEmpty": false,
    "DisableInteractions": false,
    "PassTurns": true,
    "TurnColor": ""
  },
  "DecalPallet": [],
  "LuaScript": "--[[ Lua code. See documentation: https://api.tabletopsimulator.com/ --]]\n\n--[[ The onLoad event is called after the game save finishes loading. --]]\nfunction onLoad()\n    --[[ print('onLoad!') --]]\nend\n\n--[[ The onUpdate event is called once per frame. --]]\nfunction onUpdate()\n    --[[ print('onUpdate loop!') --]]\nend",
  "LuaScriptState": "",
  "XmlUI": "<!-- Xml UI. See documentation: https://api.tabletopsimulator.com/ui/introUI/ -->",
  "ObjectStates": [
    {
      "GUID": "2180f2",
      "Name": "HandTrigger",
      "Transform": {
        "posX": -12.3078947,
        "posY": 3.66349554,
        "posZ": -12.4467258,
        "rotX": 0.0,
        "rotY": 45.0000038,
        "rotZ": 0.0,
        "scaleX": 9.413999,
        "scaleY": 8.961139,
        "scaleZ": 5.465847
      },
      "Nickname": "",
      "Description": "",
      "GMNotes": "",
      "ColorDiffuse": {
        "r": 0.856,
        "g": 0.09999997,
        "b": 0.09399996,
        "a": 0.0
      },
      "LayoutGroupSortIndex": 0,
      "Value": 0,
      "Locked": true,
      "Grid": false,
      "Snap": true,
      "IgnoreFoW": false,
      "MeasureMovement": false,
      "DragSelectable": true,
      "Autoraise": true,
      "Sticky": true,
      "Tooltip": true,
      "GridProjection": false,
      "HideWhenFaceDown": false,
      "Hands": false,
      "FogColor": "Red",
      "LuaScript": "",
      "LuaScriptState": "",
      "XmlUI": ""
    },
    {
      "GUID": "688600",
      "Name": "HandTrigger",
      "Transform": {
        "posX": -12.39975,
        "posY": 3.66349649,
        "posZ": 12.1996841,
        "rotX": 0.0,
        "rotY": 135.000015,
        "rotZ": 0.0,
        "scaleX": 9.413996,
        "scaleY": 8.961139,
        "scaleZ": 5.465843
      },
      "Nickname": "",
      "Description": "",
      "GMNotes": "",
      "ColorDiffuse": {
        "r": 0.905,
        "g": 0.898,
        "b": 0.171999961,
        "a": 0.0
      },
      "LayoutGroupSortIndex": 0,
      "Value": 0,
      "Locked": true,
      "Grid": false,
      "Snap": true,
      "IgnoreFoW": false,
      "MeasureMovement": false,
      "DragSelectable": true,
      "Autoraise": true,
      "Sticky": true,
      "Tooltip": true,
      "GridProjection": false,
      "HideWhenFaceDown": false,
      "Hands": false,
      "FogColor": "Yellow",
      "LuaScript": "",
      "LuaScriptState": "",
      "XmlUI": ""
    },
    {
      "GUID": "17d175",
      "Name": "HandTrigger",
      "Transform": {
        "posX": 17.39027,
        "posY": 3.66349649,
        "posZ": 0.0449371338,
        "rotX": 0.0,
        "rotY": 270.0,
        "rotZ": 0.0,
        "scaleX": 9.413991,
        "scaleY": 8.961139,
        "scaleZ": 5.46584
      },
      "Nickname": "",
      "Description": "",
      "GMNotes": "",
      "ColorDiffuse": {
        "r": 0.627,
        "g": 0.124999978,
        "b": 0.941,
        "a": 0.0
      },
      "LayoutGroupSortIndex": 0,
      "Value": 0,
      "Locked": true,
      "Grid": false,
      "Snap": true,
      "IgnoreFoW": false,
      "MeasureMovement": false,
      "DragSelectable": true,
      "Autoraise": true,
      "Sticky": true,
      "Tooltip": true,
      "GridProjection": false,
      "HideWhenFaceDown": false,
      "Hands": false,
      "FogColor": "Purple",
      "LuaScript": "",
      "LuaScriptState": "",
      "XmlUI": ""
    },
    {
      "GUID": "76a959",
      "Name": "HandTrigger",
      "Transform": {
        "posX": 12.3691387,
        "posY": 3.66349554,
        "posZ": 12.2303028,
        "rotX": 0.0,
        "rotY": 224.999985,
        "rotZ": 0.0,
        "scaleX": 9.41399,
        "scaleY": 8.961139,
        "scaleZ": 5.465842
      },
      "Nickname": "",
      "Description": "",
      "GMNotes": "",
      "ColorDiffuse": {
        "r": 0.117999978,
        "g": 0.53,
        "b": 1.0,
        "a": 0.0
      },
      "LayoutGroupSortIndex": 0,
      "Value": 0,
      "Locked": true,
      "Grid": false,
      "Snap": true,
      "IgnoreFoW": false,
      "MeasureMovement": false,
      "DragSelectable": true,
      "Autoraise": true,
      "Sticky": true,
      "Tooltip": true,
      "GridProjection": false,
      "HideWhenFaceDown": false,
      "Hands": false,
      "FogColor": "Blue",
      "LuaScript": "",
      "LuaScriptState": "",
      "XmlUI": ""
    },
    {
      "GUID": "cd15a1",
      "Name": "HandTrigger",
      "Transform": {
        "posX": 2.861023E-06,
        "posY": 3.66349745,
        "posZ": -17.3453884,
        "rotX": 0.0,
        "rotY": 0.0,
        "rotZ": 0.0,
        "scaleX": 9.413987,
        "scaleY": 8.96114,
        "scaleZ": 5.46584
      },
      "Nickname": "",
      "Description": "",
      "GMNotes": "",
      "ColorDiffuse": {
        "r": 1.0,
        "g": 1.0,
        "b": 1.0,
        "a": 0.0
      },
      "LayoutGroupSortIndex": 0,
      "Value": 0,
      "Locked": true,
      "Grid": false,
      "Snap": true,
      "IgnoreFoW": false,
      "MeasureMovement": false,
      "DragSelectable": true,
      "Autoraise": true,
      "Sticky": true,
      "Tooltip": true,
      "GridProjection": false,
      "HideWhenFaceDown": false,
      "Hands": false,
      "FogColor": "White",
      "LuaScript": "",
      "LuaScriptState": "",
      "XmlUI": ""
    },
    {
      "GUID": "cec7fd",
      "Name": "HandTrigger",
      "Transform": {
        "posX": 0.0,
        "posY": 3.66349554,
        "posZ": 17.1985016,
        "rotX": 0.0,
        "rotY": 179.8,
        "rotZ": 0.0,
        "scaleX": 9.413988,
        "scaleY": 8.961139,
        "scaleZ": 5.46584034
      },
      "Nickname": "",
      "Description": "",
      "GMNotes": "",
      "ColorDiffuse": {
        "r": 0.191999972,
        "g": 0.701,
        "b": 0.167999953,
        "a": 0.0
      },
      "LayoutGroupSortIndex": 0,
      "Value": 0,
      "Locked": true,
      "Grid": false,
      "Snap": true,
      "IgnoreFoW": false,
      "MeasureMovement": false,
      "DragSelectable": true,
      "Autoraise": true,
      "Sticky": true,
      "Tooltip": true,
      "GridProjection": false,
      "HideWhenFaceDown": false,
      "Hands": false,
      "FogColor": "Green",
      "LuaScript": "",
      "LuaScriptState": "",
      "XmlUI": ""
    },
    {
      "GUID": "183aa2",
      "Name": "HandTrigger",
      "Transform": {
        "posX": 12.3691378,
        "posY": 3.663496,
        "posZ": -12.1405621,
        "rotX": 0.0,
        "rotY": 315.0,
        "rotZ": 0.0,
        "scaleX": 9.413987,
        "scaleY": 8.961139,
        "scaleZ": 5.465839
      },
      "Nickname": "",
      "Description": "",
      "GMNotes": "",
      "ColorDiffuse": {
        "r": 0.96,
        "g": 0.438999981,
        "b": 0.807,
        "a": 0.0
      },
      "LayoutGroupSortIndex": 0,
      "Value": 0,
      "Locked": true,
      "Grid": false,
      "Snap": true,
      "IgnoreFoW": false,
      "MeasureMovement": false,
      "DragSelectable": true,
      "Autoraise": true,
      "Sticky": true,
      "Tooltip": true,
      "GridProjection": false,
      "HideWhenFaceDown": false,
      "Hands": false,
      "FogColor": "Pink",
      "LuaScript": "",
      "LuaScriptState": "",
      "XmlUI": ""
    },
    {
      "GUID": "6aaa21",
      "Name": "HandTrigger",
      "Transform": {
        "posX": -17.4208832,
        "posY": 3.663496,
        "posZ": -0.169383049,
        "rotX": 0.0,
        "rotY": 90.0,
        "rotZ": 0.0,
        "scaleX": 9.414,
        "scaleY": 8.961139,
        "scaleZ": 5.46584558
      },
      "Nickname": "",
      "Description": "",
      "GMNotes": "",
      "ColorDiffuse": {
        "r": 0.9559999,
        "g": 0.39199996,
        "b": 0.112999953,
        "a": 0.0
      },
      "LayoutGroupSortIndex": 0,
      "Value": 0,
      "Locked": true,
      "Grid": false,
      "Snap": true,
      "IgnoreFoW": false,
      "MeasureMovement": false,
      "DragSelectable": true,
      "Autoraise": true,
      "Sticky": true,
      "Tooltip": true,
      "GridProjection": false,
      "HideWhenFaceDown": false,
      "Hands": false,
      "FogColor": "Orange",
      "LuaScript": "",
      "LuaScriptState": "",
      "XmlUI": ""
    },
    {
      "GUID": "3167b8",
      "Name": "DeckCustom",
      "Transform": {
        "posX": -3.998945,
        "posY": 1.11090982,
        "posZ": 0.00327587267,
        "rotX": 2.613932E-06,
        "rotY": 180.000046,
        "rotZ": 180.0,
        "scaleX": 1.0,
        "scaleY": 1.0,
        "scaleZ": 1.0
      },
      "Nickname": "",
      "Description": "",
      "GMNotes": "",
      "ColorDiffuse": {
        "r": 1.0,
        "g": 0.3122675,
        "b": 0.0
      },
      "LayoutGroupSortIndex": 0,
      "Value": 0,
      "Locked": false,
      "Grid": true,
      "Snap": true,
      "IgnoreFoW": false,
      "MeasureMovement": false,
      "DragSelectable": true,
      "Autoraise": true,
      "Sticky": true,
      "Tooltip": true,
      "GridProjection": false,
      "HideWhenFaceDown": true,
      "Hands": false,
      "SidewaysCard": false,
      "DeckIDs": [
        1500,
        1501,
        1502,
        1503,
        1504,
        1505,
        1506,
        1507,
        1508,
        1509,
        1510,
        1511,
        1512,
        1513,
        1514,
        1515,
        1516,
        1517,
        1518,
        1519,
        1520,
        1521,
        1522,
        1523,
        1524,
        1525,
        1526
      ],
      "CustomDeck": {
        "15": {
          "FaceURL": "http://cloud-3.steamusercontent.com/ugc/1699535023791156857/3301E09F1BEE1CF451CC49198C456AF63F6B670C/",
          "BackURL": "http://cloud-3.steamusercontent.com/ugc/1699535023791269570/D65A00CE650192FD6791356031EF99E8CFF93CB2/",
          "NumWidth": 10,
          "NumHeight": 7,
          "BackIsHidden": false,
          "UniqueBack": false,
          "Type": 0
        }
      },
      "LuaScript": "",
      "LuaScriptState": "",
      "XmlUI": "",
      "ContainedObjects": [
        {
          "GUID": "e90fe1",
          "Name": "Card",
          "Transform": {
            "posX": 10.1095572,
            "posY": 1.1109091,
            "posZ": 3.87153316,
            "rotX": -7.41181E-06,
            "rotY": 180.000015,
            "rotZ": 180.0,
            "scaleX": 1.0,
            "scaleY": 1.0,
            "scaleZ": 1.0
          },
          "Nickname": "",
          "Description": "",
          "GMNotes": "",
          "ColorDiffuse": {
            "r": 1.0,
            "g": 0.312267721,
            "b": 0.0
          },
          "LayoutGroupSortIndex": 0,
          "Value": 0,
          "Locked": false,
          "Grid": true,
          "Snap": true,
          "IgnoreFoW": false,
          "MeasureMovement": false,
          "DragSelectable": true,
          "Autoraise": true,
          "Sticky": true,
          "Tooltip": true,
          "GridProjection": false,
          "Hands": true,
          "CardID": 1500,
          "SidewaysCard": false,
          "LuaScript": "",
          "LuaScriptState": "",
          "XmlUI": "",
          "ContainedObjects": []
        },
        {
          "GUID": "25f6e9",
          "Name": "Card",
          "Transform": {
            "posX": 10.1095572,
            "posY": 1.1109091,
            "posZ": 3.87153316,
            "rotX": -7.41181E-06,
            "rotY": 180.000015,
            "rotZ": 180.0,
            "scaleX": 1.0,
            "scaleY": 1.0,
            "scaleZ": 1.0
          },
          "Nickname": "",
          "Description": "",
          "GMNotes": "",
          "ColorDiffuse": {
            "r": 1.0,
            "g": 0.312267721,
            "b": 0.0
          },
          "LayoutGroupSortIndex": 0,
          "Value": 0,
          "Locked": false,
          "Grid": true,
          "Snap": true,
          "IgnoreFoW": false,
          "MeasureMovement": false,
          "DragSelectable": true,
          "Autoraise": true,
          "Sticky": true,
          "Tooltip": true,
          "GridProjection": false,
          "Hands": true,
          "CardID": 1501,
          "SidewaysCard": false,
          "LuaScript": "",
          "LuaScriptState": "",
          "XmlUI": "",
          "ContainedObjects": []
        },
        {
          "GUID": "b01be4",
          "Name": "Card",
          "Transform": {
            "posX": 10.1095572,
            "posY": 1.1109091,
            "posZ": 3.87153316,
            "rotX": -7.41181E-06,
            "rotY": 180.000015,
            "rotZ": 180.0,
            "scaleX": 1.0,
            "scaleY": 1.0,
            "scaleZ": 1.0
          },
          "Nickname": "",
          "Description": "",
          "GMNotes": "",
          "ColorDiffuse": {
            "r": 1.0,
            "g": 0.312267721,
            "b": 0.0
          },
          "LayoutGroupSortIndex": 0,
          "Value": 0,
          "Locked": false,
          "Grid": true,
          "Snap": true,
          "IgnoreFoW": false,
          "MeasureMovement": false,
          "DragSelectable": true,
          "Autoraise": true,
          "Sticky": true,
          "Tooltip": true,
          "GridProjection": false,
          "Hands": true,
          "CardID": 1502,
          "SidewaysCard": false,
          "LuaScript": "",
          "LuaScriptState": "",
          "XmlUI": "",
          "ContainedObjects": []
        },
        {
          "GUID": "611efc",
          "Name": "Card",
          "Transform": {
            "posX": 10.1095572,
            "posY": 1.1109091,
            "posZ": 3.87153316,
            "rotX": -7.41181E-06,
            "rotY": 180.000015,
            "rotZ": 180.0,
            "scaleX": 1.0,
            "scaleY": 1.0,
            "scaleZ": 1.0
          },
          "Nickname": "",
          "Description": "",
          "GMNotes": "",
          "ColorDiffuse": {
            "r": 1.0,
            "g": 0.312267721,
            "b": 0.0
          },
          "LayoutGroupSortIndex": 0,
          "Value": 0,
          "Locked": false,
          "Grid": true,
          "Snap": true,
          "IgnoreFoW": false,
          "MeasureMovement": false,
          "DragSelectable": true,
          "Autoraise": true,
          "Sticky": true,
          "Tooltip": true,
          "GridProjection": false,
          "Hands": true,
          "CardID": 1503,
          "SidewaysCard": false,
          "LuaScript": "",
          "LuaScriptState": "",
          "XmlUI": "",
          "ContainedObjects": []
        },
        {
          "GUID": "62caad",
          "Name": "Card",
          "Transform": {
            "posX": 10.1095572,
            "posY": 1.1109091,
            "posZ": 3.87153316,
            "rotX": -7.41181E-06,
            "rotY": 180.000015,
            "rotZ": 180.0,
            "scaleX": 1.0,
            "scaleY": 1.0,
            "scaleZ": 1.0
          },
          "Nickname": "",
          "Description": "",
          "GMNotes": "",
          "ColorDiffuse": {
            "r": 1.0,
            "g": 0.312267721,
            "b": 0.0
          },
          "LayoutGroupSortIndex": 0,
          "Value": 0,
          "Locked": false,
          "Grid": true,
          "Snap": true,
          "IgnoreFoW": false,
          "MeasureMovement": false,
          "DragSelectable": true,
          "Autoraise": true,
          "Sticky": true,
          "Tooltip": true,
          "GridProjection": false,
          "Hands": true,
          "CardID": 1504,
          "SidewaysCard": false,
          "LuaScript": "",
          "LuaScriptState": "",
          "XmlUI": "",
          "ContainedObjects": []
        },
        {
          "GUID": "efa2aa",
          "Name": "Card",
          "Transform": {
            "posX": 10.1095572,
            "posY": 1.1109091,
            "posZ": 3.87153316,
            "rotX": -7.41181E-06,
            "rotY": 180.000015,
            "rotZ": 180.0,
            "scaleX": 1.0,
            "scaleY": 1.0,
            "scaleZ": 1.0
          },
          "Nickname": "",
          "Description": "",
          "GMNotes": "",
          "ColorDiffuse": {
            "r": 1.0,
            "g": 0.312267721,
            "b": 0.0
          },
          "LayoutGroupSortIndex": 0,
          "Value": 0,
          "Locked": false,
          "Grid": true,
          "Snap": true,
          "IgnoreFoW": false,
          "MeasureMovement": false,
          "DragSelectable": true,
          "Autoraise": true,
          "Sticky": true,
          "Tooltip": true,
          "GridProjection": false,
          "Hands": true,
          "CardID": 1505,
          "SidewaysCard": false,
          "LuaScript": "",
          "LuaScriptState": "",
          "XmlUI": "",
          "ContainedObjects": []
        },
        {
          "GUID": "eb42fa",
          "Name": "Card",
          "Transform": {
            "posX": 10.1095572,
            "posY": 1.1109091,
            "posZ": 3.87153316,
            "rotX": -7.41181E-06,
            "rotY": 180.000015,
            "rotZ": 180.0,
            "scaleX": 1.0,
            "scaleY": 1.0,
            "scaleZ": 1.0
          },
          "Nickname": "",
          "Description": "",
          "GMNotes": "",
          "ColorDiffuse": {
            "r": 1.0,
            "g": 0.312267721,
            "b": 0.0
          },
          "LayoutGroupSortIndex": 0,
          "Value": 0,
          "Locked": false,
          "Grid": true,
          "Snap": true,
          "IgnoreFoW": false,
          "MeasureMovement": false,
          "DragSelectable": true,
          "Autoraise": true,
          "Sticky": true,
          "Tooltip": true,
          "GridProjection": false,
          "Hands": true,
          "CardID": 1506,
          "SidewaysCard": false,
          "LuaScript": "",
          "LuaScriptState": "",
          "XmlUI": "",
          "ContainedObjects": []
        },
        {
          "GUID": "c36fb2",
          "Name": "Card",
          "Transform": {
            "posX": 10.1095572,
            "posY": 1.1109091,
            "posZ": 3.87153316,
            "rotX": -7.41181E-06,
            "rotY": 180.000015,
            "rotZ": 180.0,
            "scaleX": 1.0,
            "scaleY": 1.0,
            "scaleZ": 1.0
          },
          "Nickname": "",
          "Description": "",
          "GMNotes": "",
          "ColorDiffuse": {
            "r": 1.0,
            "g": 0.312267721,
            "b": 0.0
          },
          "LayoutGroupSortIndex": 0,
          "Value": 0,
          "Locked": false,
          "Grid": true,
          "Snap": true,
          "IgnoreFoW": false,
          "MeasureMovement": false,
          "DragSelectable": true,
          "Autoraise": true,
          "Sticky": true,
          "Tooltip": true,
          "GridProjection": false,
          "Hands": true,
          "CardID": 1507,
          "SidewaysCard": false,
          "LuaScript": "",
          "LuaScriptState": "",
          "XmlUI": "",
          "ContainedObjects": []
        },
        {
          "GUID": "e3126e",
          "Name": "Card",
          "Transform": {
            "posX": 10.1095572,
            "posY": 1.1109091,
            "posZ": 3.87153316,
            "rotX": -7.41181E-06,
            "rotY": 180.000015,
            "rotZ": 180.0,
            "scaleX": 1.0,
            "scaleY": 1.0,
            "scaleZ": 1.0
          },
          "Nickname": "",
          "Description": "",
          "GMNotes": "",
          "ColorDiffuse": {
            "r": 1.0,
            "g": 0.312267721,
            "b": 0.0
          },
          "LayoutGroupSortIndex": 0,
          "Value": 0,
          "Locked": false,
          "Grid": true,
          "Snap": true,
          "IgnoreFoW": false,
          "MeasureMovement": false,
          "DragSelectable": true,
          "Autoraise": true,
          "Sticky": true,
          "Tooltip": true,
          "GridProjection": false,
          "Hands": true,
          "CardID": 1508,
          "SidewaysCard": false,
          "LuaScript": "",
          "LuaScriptState": "",
          "XmlUI": "",
          "ContainedObjects": []
        },
        {
          "GUID": "c73a9c",
          "Name": "Card",
          "Transform": {
            "posX": 10.1095572,
            "posY": 1.1109091,
            "posZ": 3.87153316,
            "rotX": -7.41181E-06,
            "rotY": 180.000015,
            "rotZ": 180.0,
            "scaleX": 1.0,
            "scaleY": 1.0,
            "scaleZ": 1.0
          },
          "Nickname": "",
          "Description": "",
          "GMNotes": "",
          "ColorDiffuse": {
            "r": 1.0,
            "g": 0.312267721,
            "b": 0.0
          },
          "LayoutGroupSortIndex": 0,
          "Value": 0,
          "Locked": false,
          "Grid": true,
          "Snap": true,
          "IgnoreFoW": false,
          "MeasureMovement": false,
          "DragSelectable": true,
          "Autoraise": true,
          "Sticky": true,
          "Tooltip": true,
          "GridProjection": false,
          "Hands": true,
          "CardID": 1509,
          "SidewaysCard": false,
          "LuaScript": "",
          "LuaScriptState": "",
          "XmlUI": "",
          "ContainedObjects": []
        },
        {
          "GUID": "de893a",
          "Name": "Card",
          "Transform": {
            "posX": 10.1095572,
            "posY": 1.1109091,
            "posZ": 3.87153316,
            "rotX": -7.41181E-06,
            "rotY": 180.000015,
            "rotZ": 180.0,
            "scaleX": 1.0,
            "scaleY": 1.0,
            "scaleZ": 1.0
          },
          "Nickname": "",
          "Description": "",
          "GMNotes": "",
          "ColorDiffuse": {
            "r": 1.0,
            "g": 0.312267721,
            "b": 0.0
          },
          "LayoutGroupSortIndex": 0,
          "Value": 0,
          "Locked": false,
          "Grid": true,
          "Snap": true,
          "IgnoreFoW": false,
          "MeasureMovement": false,
          "DragSelectable": true,
          "Autoraise": true,
          "Sticky": true,
          "Tooltip": true,
          "GridProjection": false,
          "Hands": true,
          "CardID": 1510,
          "SidewaysCard": false,
          "LuaScript": "",
          "LuaScriptState": "",
          "XmlUI": "",
          "ContainedObjects": []
        },
        {
          "GUID": "f8dee6",
          "Name": "Card",
          "Transform": {
            "posX": 10.1095572,
            "posY": 1.1109091,
            "posZ": 3.87153316,
            "rotX": -7.41181E-06,
            "rotY": 180.000015,
            "rotZ": 180.0,
            "scaleX": 1.0,
            "scaleY": 1.0,
            "scaleZ": 1.0
          },
          "Nickname": "",
          "Description": "",
          "GMNotes": "",
          "ColorDiffuse": {
            "r": 1.0,
            "g": 0.312267721,
            "b": 0.0
          },
          "LayoutGroupSortIndex": 0,
          "Value": 0,
          "Locked": false,
          "Grid": true,
          "Snap": true,
          "IgnoreFoW": false,
          "MeasureMovement": false,
          "DragSelectable": true,
          "Autoraise": true,
          "Sticky": true,
          "Tooltip": true,
          "GridProjection": false,
          "Hands": true,
          "CardID": 1511,
          "SidewaysCard": false,
          "LuaScript": "",
          "LuaScriptState": "",
          "XmlUI": "",
          "ContainedObjects": []
        },
        {
          "GUID": "fc5cc3",
          "Name": "Card",
          "Transform": {
            "posX": 10.1095572,
            "posY": 1.1109091,
            "posZ": 3.87153316,
            "rotX": -7.41181E-06,
            "rotY": 180.000015,
            "rotZ": 180.0,
            "scaleX": 1.0,
            "scaleY": 1.0,
            "scaleZ": 1.0
          },
          "Nickname": "",
          "Description": "",
          "GMNotes": "",
          "ColorDiffuse": {
            "r": 1.0,
            "g": 0.312267721,
            "b": 0.0
          },
          "LayoutGroupSortIndex": 0,
          "Value": 0,
          "Locked": false,
          "Grid": true,
          "Snap": true,
          "IgnoreFoW": false,
          "MeasureMovement": false,
          "DragSelectable": true,
          "Autoraise": true,
          "Sticky": true,
          "Tooltip": true,
          "GridProjection": false,
          "Hands": true,
          "CardID": 1512,
          "SidewaysCard": false,
          "LuaScript": "",
          "LuaScriptState": "",
          "XmlUI": "",
          "ContainedObjects": []
        },
        {
          "GUID": "352897",
          "Name": "Card",
          "Transform": {
            "posX": 10.1095572,
            "posY": 1.1109091,
            "posZ": 3.87153316,
            "rotX": -7.41181E-06,
            "rotY": 180.000015,
            "rotZ": 180.0,
            "scaleX": 1.0,
            "scaleY": 1.0,
            "scaleZ": 1.0
          },
          "Nickname": "",
          "Description": "",
          "GMNotes": "",
          "ColorDiffuse": {
            "r": 1.0,
            "g": 0.312267721,
            "b": 0.0
          },
          "LayoutGroupSortIndex": 0,
          "Value": 0,
          "Locked": false,
          "Grid": true,
          "Snap": true,
          "IgnoreFoW": false,
          "MeasureMovement": false,
          "DragSelectable": true,
          "Autoraise": true,
          "Sticky": true,
          "Tooltip": true,
          "GridProjection": false,
          "Hands": true,
          "CardID": 1513,
          "SidewaysCard": false,
          "LuaScript": "",
          "LuaScriptState": "",
          "XmlUI": "",
          "ContainedObjects": []
        },
        {
          "GUID": "a15cc1",
          "Name": "Card",
          "Transform": {
            "posX": 10.1095572,
            "posY": 1.1109091,
            "posZ": 3.87153316,
            "rotX": -7.41181E-06,
            "rotY": 180.000015,
            "rotZ": 180.0,
            "scaleX": 1.0,
            "scaleY": 1.0,
            "scaleZ": 1.0
          },
          "Nickname": "",
          "Description": "",
          "GMNotes": "",
          "ColorDiffuse": {
            "r": 1.0,
            "g": 0.312267721,
            "b": 0.0
          },
          "LayoutGroupSortIndex": 0,
          "Value": 0,
          "Locked": false,
          "Grid": true,
          "Snap": true,
          "IgnoreFoW": false,
          "MeasureMovement": false,
          "DragSelectable": true,
          "Autoraise": true,
          "Sticky": true,
          "Tooltip": true,
          "GridProjection": false,
          "Hands": true,
          "CardID": 1514,
          "SidewaysCard": false,
          "LuaScript": "",
          "LuaScriptState": "",
          "XmlUI": "",
          "ContainedObjects": []
        },
        {
          "GUID": "2e903c",
          "Name": "Card",
          "Transform": {
            "posX": 10.1095572,
            "posY": 1.1109091,
            "posZ": 3.87153316,
            "rotX": -7.41181E-06,
            "rotY": 180.000015,
            "rotZ": 180.0,
            "scaleX": 1.0,
            "scaleY": 1.0,
            "scaleZ": 1.0
          },
          "Nickname": "",
          "Description": "",
          "GMNotes": "",
          "ColorDiffuse": {
            "r": 1.0,
            "g": 0.312267721,
            "b": 0.0
          },
          "LayoutGroupSortIndex": 0,
          "Value": 0,
          "Locked": false,
          "Grid": true,
          "Snap": true,
          "IgnoreFoW": false,
          "MeasureMovement": false,
          "DragSelectable": true,
          "Autoraise": true,
          "Sticky": true,
          "Tooltip": true,
          "GridProjection": false,
          "Hands": true,
          "CardID": 1515,
          "SidewaysCard": false,
          "LuaScript": "",
          "LuaScriptState": "",
          "XmlUI": "",
          "ContainedObjects": []
        },
        {
          "GUID": "0e3951",
          "Name": "Card",
          "Transform": {
            "posX": 10.1095572,
            "posY": 1.1109091,
            "posZ": 3.87153316,
            "rotX": -7.41181E-06,
            "rotY": 180.000015,
            "rotZ": 180.0,
            "scaleX": 1.0,
            "scaleY": 1.0,
            "scaleZ": 1.0
          },
          "Nickname": "",
          "Description": "",
          "GMNotes": "",
          "ColorDiffuse": {
            "r": 1.0,
            "g": 0.312267721,
            "b": 0.0
          },
          "LayoutGroupSortIndex": 0,
          "Value": 0,
          "Locked": false,
          "Grid": true,
          "Snap": true,
          "IgnoreFoW": false,
          "MeasureMovement": false,
          "DragSelectable": true,
          "Autoraise": true,
          "Sticky": true,
          "Tooltip": true,
          "GridProjection": false,
          "Hands": true,
          "CardID": 1516,
          "SidewaysCard": false,
          "LuaScript": "",
          "LuaScriptState": "",
          "XmlUI": "",
          "ContainedObjects": []
        },
        {
          "GUID": "21ad0b",
          "Name": "Card",
          "Transform": {
            "posX": 10.1095572,
            "posY": 1.1109091,
            "posZ": 3.87153316,
            "rotX": -7.41181E-06,
            "rotY": 180.000015,
            "rotZ": 180.0,
            "scaleX": 1.0,
            "scaleY": 1.0,
            "scaleZ": 1.0
          },
          "Nickname": "",
          "Description": "",
          "GMNotes": "",
          "ColorDiffuse": {
            "r": 1.0,
            "g": 0.312267721,
            "b": 0.0
          },
          "LayoutGroupSortIndex": 0,
          "Value": 0,
          "Locked": false,
          "Grid": true,
          "Snap": true,
          "IgnoreFoW": false,
          "MeasureMovement": false,
          "DragSelectable": true,
          "Autoraise": true,
          "Sticky": true,
          "Tooltip": true,
          "GridProjection": false,
          "Hands": true,
          "CardID": 1517,
          "SidewaysCard": false,
          "LuaScript": "",
          "LuaScriptState": "",
          "XmlUI": "",
          "ContainedObjects": []
        },
        {
          "GUID": "6ed28f",
          "Name": "Card",
          "Transform": {
            "posX": 10.1095572,
            "posY": 1.1109091,
            "posZ": 3.87153316,
            "rotX": -7.41181E-06,
            "rotY": 180.000015,
            "rotZ": 180.0,
            "scaleX": 1.0,
            "scaleY": 1.0,
            "scaleZ": 1.0
          },
          "Nickname": "",
          "Description": "",
          "GMNotes": "",
          "ColorDiffuse": {
            "r": 1.0,
            "g": 0.312267721,
            "b": 0.0
          },
          "LayoutGroupSortIndex": 0,
          "Value": 0,
          "Locked": false,
          "Grid": true,
          "Snap": true,
          "IgnoreFoW": false,
          "MeasureMovement": false,
          "DragSelectable": true,
          "Autoraise": true,
          "Sticky": true,
          "Tooltip": true,
          "GridProjection": false,
          "Hands": true,
          "CardID": 1518,
          "SidewaysCard": false,
          "LuaScript": "",
          "LuaScriptState": "",
          "XmlUI": "",
          "ContainedObjects": []
        },
        {
          "GUID": "05d248",
          "Name": "Card",
          "Transform": {
            "posX": 10.1095572,
            "posY": 1.1109091,
            "posZ": 3.87153316,
            "rotX": -7.41181E-06,
            "rotY": 180.000015,
            "rotZ": 180.0,
            "scaleX": 1.0,
            "scaleY": 1.0,
            "scaleZ": 1.0
          },
          "Nickname": "",
          "Description": "",
          "GMNotes": "",
          "ColorDiffuse": {
            "r": 1.0,
            "g": 0.312267721,
            "b": 0.0
          },
          "LayoutGroupSortIndex": 0,
          "Value": 0,
          "Locked": false,
          "Grid": true,
          "Snap": true,
          "IgnoreFoW": false,
          "MeasureMovement": false,
          "DragSelectable": true,
          "Autoraise": true,
          "Sticky": true,
          "Tooltip": true,
          "GridProjection": false,
          "Hands": true,
          "CardID": 1519,
          "SidewaysCard": false,
          "LuaScript": "",
          "LuaScriptState": "",
          "XmlUI": "",
          "ContainedObjects": []
        },
        {
          "GUID": "ce567a",
          "Name": "Card",
          "Transform": {
            "posX": 10.1095572,
            "posY": 1.1109091,
            "posZ": 3.87153316,
            "rotX": -7.41181E-06,
            "rotY": 180.000015,
            "rotZ": 180.0,
            "scaleX": 1.0,
            "scaleY": 1.0,
            "scaleZ": 1.0
          },
          "Nickname": "",
          "Description": "",
          "GMNotes": "",
          "ColorDiffuse": {
            "r": 1.0,
            "g": 0.312267721,
            "b": 0.0
          },
          "LayoutGroupSortIndex": 0,
          "Value": 0,
          "Locked": false,
          "Grid": true,
          "Snap": true,
          "IgnoreFoW": false,
          "MeasureMovement": false,
          "DragSelectable": true,
          "Autoraise": true,
          "Sticky": true,
          "Tooltip": true,
          "GridProjection": false,
          "Hands": true,
          "CardID": 1520,
          "SidewaysCard": false,
          "LuaScript": "",
          "LuaScriptState": "",
          "XmlUI": "",
          "ContainedObjects": []
        },
        {
          "GUID": "4a59de",
          "Name": "Card",
          "Transform": {
            "posX": 10.1095572,
            "posY": 1.1109091,
            "posZ": 3.87153316,
            "rotX": -7.41181E-06,
            "rotY": 180.000015,
            "rotZ": 180.0,
            "scaleX": 1.0,
            "scaleY": 1.0,
            "scaleZ": 1.0
          },
          "Nickname": "",
          "Description": "",
          "GMNotes": "",
          "ColorDiffuse": {
            "r": 1.0,
            "g": 0.312267721,
            "b": 0.0
          },
          "LayoutGroupSortIndex": 0,
          "Value": 0,
          "Locked": false,
          "Grid": true,
          "Snap": true,
          "IgnoreFoW": false,
          "MeasureMovement": false,
          "DragSelectable": true,
          "Autoraise": true,
          "Sticky": true,
          "Tooltip": true,
          "GridProjection": false,
          "Hands": true,
          "CardID": 1521,
          "SidewaysCard": false,
          "LuaScript": "",
          "LuaScriptState": "",
          "XmlUI": "",
          "ContainedObjects": []
        },
        {
          "GUID": "51dec5",
          "Name": "Card",
          "Transform": {
            "posX": 10.1095572,
            "posY": 1.1109091,
            "posZ": 3.87153316,
            "rotX": -7.41181E-06,
            "rotY": 180.000015,
            "rotZ": 180.0,
            "scaleX": 1.0,
            "scaleY": 1.0,
            "scaleZ": 1.0
          },
          "Nickname": "",
          "Description": "",
          "GMNotes": "",
          "ColorDiffuse": {
            "r": 1.0,
            "g": 0.312267721,
            "b": 0.0
          },
          "LayoutGroupSortIndex": 0,
          "Value": 0,
          "Locked": false,
          "Grid": true,
          "Snap": true,
          "IgnoreFoW": false,
          "MeasureMovement": false,
          "DragSelectable": true,
          "Autoraise": true,
          "Sticky": true,
          "Tooltip": true,
          "GridProjection": false,
          "Hands": true,
          "CardID": 1522,
          "SidewaysCard": false,
          "LuaScript": "",
          "LuaScriptState": "",
          "XmlUI": "",
          "ContainedObjects": []
        },
        {
          "GUID": "0d414e",
          "Name": "Card",
          "Transform": {
            "posX": 10.1095572,
            "posY": 1.1109091,
            "posZ": 3.87153316,
            "rotX": -7.41181E-06,
            "rotY": 180.000015,
            "rotZ": 180.0,
            "scaleX": 1.0,
            "scaleY": 1.0,
            "scaleZ": 1.0
          },
          "Nickname": "",
          "Description": "",
          "GMNotes": "",
          "ColorDiffuse": {
            "r": 1.0,
            "g": 0.312267721,
            "b": 0.0
          },
          "LayoutGroupSortIndex": 0,
          "Value": 0,
          "Locked": false,
          "Grid": true,
          "Snap": true,
          "IgnoreFoW": false,
          "MeasureMovement": false,
          "DragSelectable": true,
          "Autoraise": true,
          "Sticky": true,
          "Tooltip": true,
          "GridProjection": false,
          "Hands": true,
          "CardID": 1523,
          "SidewaysCard": false,
          "LuaScript": "",
          "LuaScriptState": "",
          "XmlUI": "",
          "ContainedObjects": []
        },
        {
          "GUID": "ca8a24",
          "Name": "Card",
          "Transform": {
            "posX": 10.1095572,
            "posY": 1.1109091,
            "posZ": 3.87153316,
            "rotX": -7.41181E-06,
            "rotY": 180.000015,
            "rotZ": 180.0,
            "scaleX": 1.0,
            "scaleY": 1.0,
            "scaleZ": 1.0
          },
          "Nickname": "",
          "Description": "",
          "GMNotes": "",
          "ColorDiffuse": {
            "r": 1.0,
            "g": 0.312267721,
            "b": 0.0
          },
          "LayoutGroupSortIndex": 0,
          "Value": 0,
          "Locked": false,
          "Grid": true,
          "Snap": true,
          "IgnoreFoW": false,
          "MeasureMovement": false,
          "DragSelectable": true,
          "Autoraise": true,
          "Sticky": true,
          "Tooltip": true,
          "GridProjection": false,
          "Hands": true,
          "CardID": 1524,
          "SidewaysCard": false,
          "LuaScript": "",
          "LuaScriptState": "",
          "XmlUI": "",
          "ContainedObjects": []
        },
        {
          "GUID": "3b9d33",
          "Name": "Card",
          "Transform": {
            "posX": 10.1095572,
            "posY": 1.1109091,
            "posZ": 3.87153316,
            "rotX": -7.41181E-06,
            "rotY": 180.000015,
            "rotZ": 180.0,
            "scaleX": 1.0,
            "scaleY": 1.0,
            "scaleZ": 1.0
          },
          "Nickname": "",
          "Description": "",
          "GMNotes": "",
          "ColorDiffuse": {
            "r": 1.0,
            "g": 0.312267721,
            "b": 0.0
          },
          "LayoutGroupSortIndex": 0,
          "Value": 0,
          "Locked": false,
          "Grid": true,
          "Snap": true,
          "IgnoreFoW": false,
          "MeasureMovement": false,
          "DragSelectable": true,
          "Autoraise": true,
          "Sticky": true,
          "Tooltip": true,
          "GridProjection": false,
          "Hands": true,
          "CardID": 1525,
          "SidewaysCard": false,
          "LuaScript": "",
          "LuaScriptState": "",
          "XmlUI": "",
          "ContainedObjects": []
        },
        {
          "GUID": "5a79a1",
          "Name": "Card",
          "Transform": {
            "posX": 10.1095572,
            "posY": 1.1109091,
            "posZ": 3.87153316,
            "rotX": -7.41181E-06,
            "rotY": 180.000015,
            "rotZ": 180.0,
            "scaleX": 1.0,
            "scaleY": 1.0,
            "scaleZ": 1.0
          },
          "Nickname": "",
          "Description": "",
          "GMNotes": "",
          "ColorDiffuse": {
            "r": 1.0,
            "g": 0.312267721,
            "b": 0.0
          },
          "LayoutGroupSortIndex": 0,
          "Value": 0,
          "Locked": false,
          "Grid": true,
          "Snap": true,
          "IgnoreFoW": false,
          "MeasureMovement": false,
          "DragSelectable": true,
          "Autoraise": true,
          "Sticky": true,
          "Tooltip": true,
          "GridProjection": false,
          "Hands": true,
          "CardID": 1526,
          "SidewaysCard": false,
          "LuaScript": "",
          "LuaScriptState": "",
          "XmlUI": "",
          "ContainedObjects": []
        }
      ]
    },
    {
      "GUID": "908af7",
      "Name": "DeckCustom",
      "Transform": {
        "posX": 4.00106525,
        "posY": 1.11090934,
        "posZ": 0.00327544543,
        "rotX": 5.638184E-07,
        "rotY": 180.000031,
        "rotZ": 180.0,
        "scaleX": 1.0,
        "scaleY": 1.0,
        "scaleZ": 1.0
      },
      "Nickname": "",
      "Description": "",
      "GMNotes": "",
      "ColorDiffuse": {
        "r": 0.0,
        "g": 0.0,
        "b": 0.0
      },
      "LayoutGroupSortIndex": 0,
      "Value": 0,
      "Locked": false,
      "Grid": true,
      "Snap": true,
      "IgnoreFoW": false,
      "MeasureMovement": false,
      "DragSelectable": true,
      "Autoraise": true,
      "Sticky": true,
      "Tooltip": true,
      "GridProjection": false,
      "HideWhenFaceDown": true,
      "Hands": false,
      "SidewaysCard": false,
      "DeckIDs": [
        1300,
        1301,
        1302,
        1303,
        1304,
        1305,
        1306,
        1307,
        1308,
        1309,
        1310,
        1311,
        1312,
        1313,
        1314,
        1315,
        1316,
        1317,
        1318,
        1319,
        1320,
        1321,
        1322,
        1323,
        1324,
        1325,
        1326
      ],
      "CustomDeck": {
        "13": {
          "FaceURL": "http://cloud-3.steamusercontent.com/ugc/1699535023791156857/3301E09F1BEE1CF451CC49198C456AF63F6B670C/",
          "BackURL": "http://cloud-3.steamusercontent.com/ugc/1699535023791209511/54B202DA4F2E58D8E8FB234F39235FED6EB6EF38/",
          "NumWidth": 10,
          "NumHeight": 7,
          "BackIsHidden": false,
          "UniqueBack": false,
          "Type": 0
        }
      },
      "LuaScript": "",
      "LuaScriptState": "",
      "XmlUI": "",
      "ContainedObjects": [
        {
          "GUID": "2f960e",
          "Name": "Card",
          "Transform": {
            "posX": 13.0262833,
            "posY": 1.11090934,
            "posZ": 3.919655,
            "rotX": 5.606197E-06,
            "rotY": 180.000015,
            "rotZ": 180.0,
            "scaleX": 1.0,
            "scaleY": 1.0,
            "scaleZ": 1.0
          },
          "Nickname": "",
          "Description": "",
          "GMNotes": "",
          "ColorDiffuse": {
            "r": 0.0,
            "g": 0.0,
            "b": 0.0
          },
          "LayoutGroupSortIndex": 0,
          "Value": 0,
          "Locked": false,
          "Grid": true,
          "Snap": true,
          "IgnoreFoW": false,
          "MeasureMovement": false,
          "DragSelectable": true,
          "Autoraise": true,
          "Sticky": true,
          "Tooltip": true,
          "GridProjection": false,
          "Hands": true,
          "CardID": 1300,
          "SidewaysCard": false,
          "LuaScript": "",
          "LuaScriptState": "",
          "XmlUI": "",
          "ContainedObjects": []
        },
        {
          "GUID": "62da8e",
          "Name": "Card",
          "Transform": {
            "posX": 13.0262833,
            "posY": 1.11090934,
            "posZ": 3.919655,
            "rotX": 5.606197E-06,
            "rotY": 180.000015,
            "rotZ": 180.0,
            "scaleX": 1.0,
            "scaleY": 1.0,
            "scaleZ": 1.0
          },
          "Nickname": "",
          "Description": "",
          "GMNotes": "",
          "ColorDiffuse": {
            "r": 0.0,
            "g": 0.0,
            "b": 0.0
          },
          "LayoutGroupSortIndex": 0,
          "Value": 0,
          "Locked": false,
          "Grid": true,
          "Snap": true,
          "IgnoreFoW": false,
          "MeasureMovement": false,
          "DragSelectable": true,
          "Autoraise": true,
          "Sticky": true,
          "Tooltip": true,
          "GridProjection": false,
          "Hands": true,
          "CardID": 1301,
          "SidewaysCard": false,
          "LuaScript": "",
          "LuaScriptState": "",
          "XmlUI": "",
          "ContainedObjects": []
        },
        {
          "GUID": "382684",
          "Name": "Card",
          "Transform": {
            "posX": 13.0262833,
            "posY": 1.11090934,
            "posZ": 3.919655,
            "rotX": 5.606197E-06,
            "rotY": 180.000015,
            "rotZ": 180.0,
            "scaleX": 1.0,
            "scaleY": 1.0,
            "scaleZ": 1.0
          },
          "Nickname": "",
          "Description": "",
          "GMNotes": "",
          "ColorDiffuse": {
            "r": 0.0,
            "g": 0.0,
            "b": 0.0
          },
          "LayoutGroupSortIndex": 0,
          "Value": 0,
          "Locked": false,
          "Grid": true,
          "Snap": true,
          "IgnoreFoW": false,
          "MeasureMovement": false,
          "DragSelectable": true,
          "Autoraise": true,
          "Sticky": true,
          "Tooltip": true,
          "GridProjection": false,
          "Hands": true,
          "CardID": 1302,
          "SidewaysCard": false,
          "LuaScript": "",
          "LuaScriptState": "",
          "XmlUI": "",
          "ContainedObjects": []
        },
        {
          "GUID": "814cce",
          "Name": "Card",
          "Transform": {
            "posX": 13.0262833,
            "posY": 1.11090934,
            "posZ": 3.919655,
            "rotX": 5.606197E-06,
            "rotY": 180.000015,
            "rotZ": 180.0,
            "scaleX": 1.0,
            "scaleY": 1.0,
            "scaleZ": 1.0
          },
          "Nickname": "",
          "Description": "",
          "GMNotes": "",
          "ColorDiffuse": {
            "r": 0.0,
            "g": 0.0,
            "b": 0.0
          },
          "LayoutGroupSortIndex": 0,
          "Value": 0,
          "Locked": false,
          "Grid": true,
          "Snap": true,
          "IgnoreFoW": false,
          "MeasureMovement": false,
          "DragSelectable": true,
          "Autoraise": true,
          "Sticky": true,
          "Tooltip": true,
          "GridProjection": false,
          "Hands": true,
          "CardID": 1303,
          "SidewaysCard": false,
          "LuaScript": "",
          "LuaScriptState": "",
          "XmlUI": "",
          "ContainedObjects": []
        },
        {
          "GUID": "abfe53",
          "Name": "Card",
          "Transform": {
            "posX": 13.0262833,
            "posY": 1.11090934,
            "posZ": 3.919655,
            "rotX": 5.606197E-06,
            "rotY": 180.000015,
            "rotZ": 180.0,
            "scaleX": 1.0,
            "scaleY": 1.0,
            "scaleZ": 1.0
          },
          "Nickname": "",
          "Description": "",
          "GMNotes": "",
          "ColorDiffuse": {
            "r": 0.0,
            "g": 0.0,
            "b": 0.0
          },
          "LayoutGroupSortIndex": 0,
          "Value": 0,
          "Locked": false,
          "Grid": true,
          "Snap": true,
          "IgnoreFoW": false,
          "MeasureMovement": false,
          "DragSelectable": true,
          "Autoraise": true,
          "Sticky": true,
          "Tooltip": true,
          "GridProjection": false,
          "Hands": true,
          "CardID": 1304,
          "SidewaysCard": false,
          "LuaScript": "",
          "LuaScriptState": "",
          "XmlUI": "",
          "ContainedObjects": []
        },
        {
          "GUID": "7f24f0",
          "Name": "Card",
          "Transform": {
            "posX": 13.0262833,
            "posY": 1.11090934,
            "posZ": 3.919655,
            "rotX": 5.606197E-06,
            "rotY": 180.000015,
            "rotZ": 180.0,
            "scaleX": 1.0,
            "scaleY": 1.0,
            "scaleZ": 1.0
          },
          "Nickname": "",
          "Description": "",
          "GMNotes": "",
          "ColorDiffuse": {
            "r": 0.0,
            "g": 0.0,
            "b": 0.0
          },
          "LayoutGroupSortIndex": 0,
          "Value": 0,
          "Locked": false,
          "Grid": true,
          "Snap": true,
          "IgnoreFoW": false,
          "MeasureMovement": false,
          "DragSelectable": true,
          "Autoraise": true,
          "Sticky": true,
          "Tooltip": true,
          "GridProjection": false,
          "Hands": true,
          "CardID": 1305,
          "SidewaysCard": false,
          "LuaScript": "",
          "LuaScriptState": "",
          "XmlUI": "",
          "ContainedObjects": []
        },
        {
          "GUID": "5c4596",
          "Name": "Card",
          "Transform": {
            "posX": 13.0262833,
            "posY": 1.11090934,
            "posZ": 3.919655,
            "rotX": 5.606197E-06,
            "rotY": 180.000015,
            "rotZ": 180.0,
            "scaleX": 1.0,
            "scaleY": 1.0,
            "scaleZ": 1.0
          },
          "Nickname": "",
          "Description": "",
          "GMNotes": "",
          "ColorDiffuse": {
            "r": 0.0,
            "g": 0.0,
            "b": 0.0
          },
          "LayoutGroupSortIndex": 0,
          "Value": 0,
          "Locked": false,
          "Grid": true,
          "Snap": true,
          "IgnoreFoW": false,
          "MeasureMovement": false,
          "DragSelectable": true,
          "Autoraise": true,
          "Sticky": true,
          "Tooltip": true,
          "GridProjection": false,
          "Hands": true,
          "CardID": 1306,
          "SidewaysCard": false,
          "LuaScript": "",
          "LuaScriptState": "",
          "XmlUI": "",
          "ContainedObjects": []
        },
        {
          "GUID": "612893",
          "Name": "Card",
          "Transform": {
            "posX": 13.0262833,
            "posY": 1.11090934,
            "posZ": 3.919655,
            "rotX": 5.606197E-06,
            "rotY": 180.000015,
            "rotZ": 180.0,
            "scaleX": 1.0,
            "scaleY": 1.0,
            "scaleZ": 1.0
          },
          "Nickname": "",
          "Description": "",
          "GMNotes": "",
          "ColorDiffuse": {
            "r": 0.0,
            "g": 0.0,
            "b": 0.0
          },
          "LayoutGroupSortIndex": 0,
          "Value": 0,
          "Locked": false,
          "Grid": true,
          "Snap": true,
          "IgnoreFoW": false,
          "MeasureMovement": false,
          "DragSelectable": true,
          "Autoraise": true,
          "Sticky": true,
          "Tooltip": true,
          "GridProjection": false,
          "Hands": true,
          "CardID": 1307,
          "SidewaysCard": false,
          "LuaScript": "",
          "LuaScriptState": "",
          "XmlUI": "",
          "ContainedObjects": []
        },
        {
          "GUID": "6a39a9",
          "Name": "Card",
          "Transform": {
            "posX": 13.0262833,
            "posY": 1.11090934,
            "posZ": 3.919655,
            "rotX": 5.606197E-06,
            "rotY": 180.000015,
            "rotZ": 180.0,
            "scaleX": 1.0,
            "scaleY": 1.0,
            "scaleZ": 1.0
          },
          "Nickname": "",
          "Description": "",
          "GMNotes": "",
          "ColorDiffuse": {
            "r": 0.0,
            "g": 0.0,
            "b": 0.0
          },
          "LayoutGroupSortIndex": 0,
          "Value": 0,
          "Locked": false,
          "Grid": true,
          "Snap": true,
          "IgnoreFoW": false,
          "MeasureMovement": false,
          "DragSelectable": true,
          "Autoraise": true,
          "Sticky": true,
          "Tooltip": true,
          "GridProjection": false,
          "Hands": true,
          "CardID": 1308,
          "SidewaysCard": false,
          "LuaScript": "",
          "LuaScriptState": "",
          "XmlUI": "",
          "ContainedObjects": []
        },
        {
          "GUID": "20f20e",
          "Name": "Card",
          "Transform": {
            "posX": 13.0262833,
            "posY": 1.11090934,
            "posZ": 3.919655,
            "rotX": 5.606197E-06,
            "rotY": 180.000015,
            "rotZ": 180.0,
            "scaleX": 1.0,
            "scaleY": 1.0,
            "scaleZ": 1.0
          },
          "Nickname": "",
          "Description": "",
          "GMNotes": "",
          "ColorDiffuse": {
            "r": 0.0,
            "g": 0.0,
            "b": 0.0
          },
          "LayoutGroupSortIndex": 0,
          "Value": 0,
          "Locked": false,
          "Grid": true,
          "Snap": true,
          "IgnoreFoW": false,
          "MeasureMovement": false,
          "DragSelectable": true,
          "Autoraise": true,
          "Sticky": true,
          "Tooltip": true,
          "GridProjection": false,
          "Hands": true,
          "CardID": 1309,
          "SidewaysCard": false,
          "LuaScript": "",
          "LuaScriptState": "",
          "XmlUI": "",
          "ContainedObjects": []
        },
        {
          "GUID": "25d217",
          "Name": "Card",
          "Transform": {
            "posX": 13.0262833,
            "posY": 1.11090934,
            "posZ": 3.919655,
            "rotX": 5.606197E-06,
            "rotY": 180.000015,
            "rotZ": 180.0,
            "scaleX": 1.0,
            "scaleY": 1.0,
            "scaleZ": 1.0
          },
          "Nickname": "",
          "Description": "",
          "GMNotes": "",
          "ColorDiffuse": {
            "r": 0.0,
            "g": 0.0,
            "b": 0.0
          },
          "LayoutGroupSortIndex": 0,
          "Value": 0,
          "Locked": false,
          "Grid": true,
          "Snap": true,
          "IgnoreFoW": false,
          "MeasureMovement": false,
          "DragSelectable": true,
          "Autoraise": true,
          "Sticky": true,
          "Tooltip": true,
          "GridProjection": false,
          "Hands": true,
          "CardID": 1310,
          "SidewaysCard": false,
          "LuaScript": "",
          "LuaScriptState": "",
          "XmlUI": "",
          "ContainedObjects": []
        },
        {
          "GUID": "e13192",
          "Name": "Card",
          "Transform": {
            "posX": 13.0262833,
            "posY": 1.11090934,
            "posZ": 3.919655,
            "rotX": 5.606197E-06,
            "rotY": 180.000015,
            "rotZ": 180.0,
            "scaleX": 1.0,
            "scaleY": 1.0,
            "scaleZ": 1.0
          },
          "Nickname": "",
          "Description": "",
          "GMNotes": "",
          "ColorDiffuse": {
            "r": 0.0,
            "g": 0.0,
            "b": 0.0
          },
          "LayoutGroupSortIndex": 0,
          "Value": 0,
          "Locked": false,
          "Grid": true,
          "Snap": true,
          "IgnoreFoW": false,
          "MeasureMovement": false,
          "DragSelectable": true,
          "Autoraise": true,
          "Sticky": true,
          "Tooltip": true,
          "GridProjection": false,
          "Hands": true,
          "CardID": 1311,
          "SidewaysCard": false,
          "LuaScript": "",
          "LuaScriptState": "",
          "XmlUI": "",
          "ContainedObjects": []
        },
        {
          "GUID": "e92df8",
          "Name": "Card",
          "Transform": {
            "posX": 13.0262833,
            "posY": 1.11090934,
            "posZ": 3.919655,
            "rotX": 5.606197E-06,
            "rotY": 180.000015,
            "rotZ": 180.0,
            "scaleX": 1.0,
            "scaleY": 1.0,
            "scaleZ": 1.0
          },
          "Nickname": "",
          "Description": "",
          "GMNotes": "",
          "ColorDiffuse": {
            "r": 0.0,
            "g": 0.0,
            "b": 0.0
          },
          "LayoutGroupSortIndex": 0,
          "Value": 0,
          "Locked": false,
          "Grid": true,
          "Snap": true,
          "IgnoreFoW": false,
          "MeasureMovement": false,
          "DragSelectable": true,
          "Autoraise": true,
          "Sticky": true,
          "Tooltip": true,
          "GridProjection": false,
          "Hands": true,
          "CardID": 1312,
          "SidewaysCard": false,
          "LuaScript": "",
          "LuaScriptState": "",
          "XmlUI": "",
          "ContainedObjects": []
        },
        {
          "GUID": "fd3d09",
          "Name": "Card",
          "Transform": {
            "posX": 13.0262833,
            "posY": 1.11090934,
            "posZ": 3.919655,
            "rotX": 5.606197E-06,
            "rotY": 180.000015,
            "rotZ": 180.0,
            "scaleX": 1.0,
            "scaleY": 1.0,
            "scaleZ": 1.0
          },
          "Nickname": "",
          "Description": "",
          "GMNotes": "",
          "ColorDiffuse": {
            "r": 0.0,
            "g": 0.0,
            "b": 0.0
          },
          "LayoutGroupSortIndex": 0,
          "Value": 0,
          "Locked": false,
          "Grid": true,
          "Snap": true,
          "IgnoreFoW": false,
          "MeasureMovement": false,
          "DragSelectable": true,
          "Autoraise": true,
          "Sticky": true,
          "Tooltip": true,
          "GridProjection": false,
          "Hands": true,
          "CardID": 1313,
          "SidewaysCard": false,
          "LuaScript": "",
          "LuaScriptState": "",
          "XmlUI": "",
          "ContainedObjects": []
        },
        {
          "GUID": "0aa9e2",
          "Name": "Card",
          "Transform": {
            "posX": 13.0262833,
            "posY": 1.11090934,
            "posZ": 3.919655,
            "rotX": 5.606197E-06,
            "rotY": 180.000015,
            "rotZ": 180.0,
            "scaleX": 1.0,
            "scaleY": 1.0,
            "scaleZ": 1.0
          },
          "Nickname": "",
          "Description": "",
          "GMNotes": "",
          "ColorDiffuse": {
            "r": 0.0,
            "g": 0.0,
            "b": 0.0
          },
          "LayoutGroupSortIndex": 0,
          "Value": 0,
          "Locked": false,
          "Grid": true,
          "Snap": true,
          "IgnoreFoW": false,
          "MeasureMovement": false,
          "DragSelectable": true,
          "Autoraise": true,
          "Sticky": true,
          "Tooltip": true,
          "GridProjection": false,
          "Hands": true,
          "CardID": 1314,
          "SidewaysCard": false,
          "LuaScript": "",
          "LuaScriptState": "",
          "XmlUI": "",
          "ContainedObjects": []
        },
        {
          "GUID": "8ad22f",
          "Name": "Card",
          "Transform": {
            "posX": 13.0262833,
            "posY": 1.11090934,
            "posZ": 3.919655,
            "rotX": 5.606197E-06,
            "rotY": 180.000015,
            "rotZ": 180.0,
            "scaleX": 1.0,
            "scaleY": 1.0,
            "scaleZ": 1.0
          },
          "Nickname": "",
          "Description": "",
          "GMNotes": "",
          "ColorDiffuse": {
            "r": 0.0,
            "g": 0.0,
            "b": 0.0
          },
          "LayoutGroupSortIndex": 0,
          "Value": 0,
          "Locked": false,
          "Grid": true,
          "Snap": true,
          "IgnoreFoW": false,
          "MeasureMovement": false,
          "DragSelectable": true,
          "Autoraise": true,
          "Sticky": true,
          "Tooltip": true,
          "GridProjection": false,
          "Hands": true,
          "CardID": 1315,
          "SidewaysCard": false,
          "LuaScript": "",
          "LuaScriptState": "",
          "XmlUI": "",
          "ContainedObjects": []
        },
        {
          "GUID": "9dc9bf",
          "Name": "Card",
          "Transform": {
            "posX": 13.0262833,
            "posY": 1.11090934,
            "posZ": 3.919655,
            "rotX": 5.606197E-06,
            "rotY": 180.000015,
            "rotZ": 180.0,
            "scaleX": 1.0,
            "scaleY": 1.0,
            "scaleZ": 1.0
          },
          "Nickname": "",
          "Description": "",
          "GMNotes": "",
          "ColorDiffuse": {
            "r": 0.0,
            "g": 0.0,
            "b": 0.0
          },
          "LayoutGroupSortIndex": 0,
          "Value": 0,
          "Locked": false,
          "Grid": true,
          "Snap": true,
          "IgnoreFoW": false,
          "MeasureMovement": false,
          "DragSelectable": true,
          "Autoraise": true,
          "Sticky": true,
          "Tooltip": true,
          "GridProjection": false,
          "Hands": true,
          "CardID": 1316,
          "SidewaysCard": false,
          "LuaScript": "",
          "LuaScriptState": "",
          "XmlUI": "",
          "ContainedObjects": []
        },
        {
          "GUID": "59f769",
          "Name": "Card",
          "Transform": {
            "posX": 13.0262833,
            "posY": 1.11090934,
            "posZ": 3.919655,
            "rotX": 5.606197E-06,
            "rotY": 180.000015,
            "rotZ": 180.0,
            "scaleX": 1.0,
            "scaleY": 1.0,
            "scaleZ": 1.0
          },
          "Nickname": "",
          "Description": "",
          "GMNotes": "",
          "ColorDiffuse": {
            "r": 0.0,
            "g": 0.0,
            "b": 0.0
          },
          "LayoutGroupSortIndex": 0,
          "Value": 0,
          "Locked": false,
          "Grid": true,
          "Snap": true,
          "IgnoreFoW": false,
          "MeasureMovement": false,
          "DragSelectable": true,
          "Autoraise": true,
          "Sticky": true,
          "Tooltip": true,
          "GridProjection": false,
          "Hands": true,
          "CardID": 1317,
          "SidewaysCard": false,
          "LuaScript": "",
          "LuaScriptState": "",
          "XmlUI": "",
          "ContainedObjects": []
        },
        {
          "GUID": "b355e1",
          "Name": "Card",
          "Transform": {
            "posX": 13.0262833,
            "posY": 1.11090934,
            "posZ": 3.919655,
            "rotX": 5.606197E-06,
            "rotY": 180.000015,
            "rotZ": 180.0,
            "scaleX": 1.0,
            "scaleY": 1.0,
            "scaleZ": 1.0
          },
          "Nickname": "",
          "Description": "",
          "GMNotes": "",
          "ColorDiffuse": {
            "r": 0.0,
            "g": 0.0,
            "b": 0.0
          },
          "LayoutGroupSortIndex": 0,
          "Value": 0,
          "Locked": false,
          "Grid": true,
          "Snap": true,
          "IgnoreFoW": false,
          "MeasureMovement": false,
          "DragSelectable": true,
          "Autoraise": true,
          "Sticky": true,
          "Tooltip": true,
          "GridProjection": false,
          "Hands": true,
          "CardID": 1318,
          "SidewaysCard": false,
          "LuaScript": "",
          "LuaScriptState": "",
          "XmlUI": "",
          "ContainedObjects": []
        },
        {
          "GUID": "9c6849",
          "Name": "Card",
          "Transform": {
            "posX": 13.0262833,
            "posY": 1.11090934,
            "posZ": 3.919655,
            "rotX": 5.606197E-06,
            "rotY": 180.000015,
            "rotZ": 180.0,
            "scaleX": 1.0,
            "scaleY": 1.0,
            "scaleZ": 1.0
          },
          "Nickname": "",
          "Description": "",
          "GMNotes": "",
          "ColorDiffuse": {
            "r": 0.0,
            "g": 0.0,
            "b": 0.0
          },
          "LayoutGroupSortIndex": 0,
          "Value": 0,
          "Locked": false,
          "Grid": true,
          "Snap": true,
          "IgnoreFoW": false,
          "MeasureMovement": false,
          "DragSelectable": true,
          "Autoraise": true,
          "Sticky": true,
          "Tooltip": true,
          "GridProjection": false,
          "Hands": true,
          "CardID": 1319,
          "SidewaysCard": false,
          "LuaScript": "",
          "LuaScriptState": "",
          "XmlUI": "",
          "ContainedObjects": []
        },
        {
          "GUID": "01c348",
          "Name": "Card",
          "Transform": {
            "posX": 13.0262833,
            "posY": 1.11090934,
            "posZ": 3.919655,
            "rotX": 5.606197E-06,
            "rotY": 180.000015,
            "rotZ": 180.0,
            "scaleX": 1.0,
            "scaleY": 1.0,
            "scaleZ": 1.0
          },
          "Nickname": "",
          "Description": "",
          "GMNotes": "",
          "ColorDiffuse": {
            "r": 0.0,
            "g": 0.0,
            "b": 0.0
          },
          "LayoutGroupSortIndex": 0,
          "Value": 0,
          "Locked": false,
          "Grid": true,
          "Snap": true,
          "IgnoreFoW": false,
          "MeasureMovement": false,
          "DragSelectable": true,
          "Autoraise": true,
          "Sticky": true,
          "Tooltip": true,
          "GridProjection": false,
          "Hands": true,
          "CardID": 1320,
          "SidewaysCard": false,
          "LuaScript": "",
          "LuaScriptState": "",
          "XmlUI": "",
          "ContainedObjects": []
        },
        {
          "GUID": "076f9b",
          "Name": "Card",
          "Transform": {
            "posX": 13.0262833,
            "posY": 1.11090934,
            "posZ": 3.919655,
            "rotX": 5.606197E-06,
            "rotY": 180.000015,
            "rotZ": 180.0,
            "scaleX": 1.0,
            "scaleY": 1.0,
            "scaleZ": 1.0
          },
          "Nickname": "",
          "Description": "",
          "GMNotes": "",
          "ColorDiffuse": {
            "r": 0.0,
            "g": 0.0,
            "b": 0.0
          },
          "LayoutGroupSortIndex": 0,
          "Value": 0,
          "Locked": false,
          "Grid": true,
          "Snap": true,
          "IgnoreFoW": false,
          "MeasureMovement": false,
          "DragSelectable": true,
          "Autoraise": true,
          "Sticky": true,
          "Tooltip": true,
          "GridProjection": false,
          "Hands": true,
          "CardID": 1321,
          "SidewaysCard": false,
          "LuaScript": "",
          "LuaScriptState": "",
          "XmlUI": "",
          "ContainedObjects": []
        },
        {
          "GUID": "2d031b",
          "Name": "Card",
          "Transform": {
            "posX": 13.0262833,
            "posY": 1.11090934,
            "posZ": 3.919655,
            "rotX": 5.606197E-06,
            "rotY": 180.000015,
            "rotZ": 180.0,
            "scaleX": 1.0,
            "scaleY": 1.0,
            "scaleZ": 1.0
          },
          "Nickname": "",
          "Description": "",
          "GMNotes": "",
          "ColorDiffuse": {
            "r": 0.0,
            "g": 0.0,
            "b": 0.0
          },
          "LayoutGroupSortIndex": 0,
          "Value": 0,
          "Locked": false,
          "Grid": true,
          "Snap": true,
          "IgnoreFoW": false,
          "MeasureMovement": false,
          "DragSelectable": true,
          "Autoraise": true,
          "Sticky": true,
          "Tooltip": true,
          "GridProjection": false,
          "Hands": true,
          "CardID": 1322,
          "SidewaysCard": false,
          "LuaScript": "",
          "LuaScriptState": "",
          "XmlUI": "",
          "ContainedObjects": []
        },
        {
          "GUID": "60d412",
          "Name": "Card",
          "Transform": {
            "posX": 13.0262833,
            "posY": 1.11090934,
            "posZ": 3.919655,
            "rotX": 5.606197E-06,
            "rotY": 180.000015,
            "rotZ": 180.0,
            "scaleX": 1.0,
            "scaleY": 1.0,
            "scaleZ": 1.0
          },
          "Nickname": "",
          "Description": "",
          "GMNotes": "",
          "ColorDiffuse": {
            "r": 0.0,
            "g": 0.0,
            "b": 0.0
          },
          "LayoutGroupSortIndex": 0,
          "Value": 0,
          "Locked": false,
          "Grid": true,
          "Snap": true,
          "IgnoreFoW": false,
          "MeasureMovement": false,
          "DragSelectable": true,
          "Autoraise": true,
          "Sticky": true,
          "Tooltip": true,
          "GridProjection": false,
          "Hands": true,
          "CardID": 1323,
          "SidewaysCard": false,
          "LuaScript": "",
          "LuaScriptState": "",
          "XmlUI": "",
          "ContainedObjects": []
        },
        {
          "GUID": "338011",
          "Name": "Card",
          "Transform": {
            "posX": 13.0262833,
            "posY": 1.11090934,
            "posZ": 3.919655,
            "rotX": 5.606197E-06,
            "rotY": 180.000015,
            "rotZ": 180.0,
            "scaleX": 1.0,
            "scaleY": 1.0,
            "scaleZ": 1.0
          },
          "Nickname": "",
          "Description": "",
          "GMNotes": "",
          "ColorDiffuse": {
            "r": 0.0,
            "g": 0.0,
            "b": 0.0
          },
          "LayoutGroupSortIndex": 0,
          "Value": 0,
          "Locked": false,
          "Grid": true,
          "Snap": true,
          "IgnoreFoW": false,
          "MeasureMovement": false,
          "DragSelectable": true,
          "Autoraise": true,
          "Sticky": true,
          "Tooltip": true,
          "GridProjection": false,
          "Hands": true,
          "CardID": 1324,
          "SidewaysCard": false,
          "LuaScript": "",
          "LuaScriptState": "",
          "XmlUI": "",
          "ContainedObjects": []
        },
        {
          "GUID": "d0296e",
          "Name": "Card",
          "Transform": {
            "posX": 13.0262833,
            "posY": 1.11090934,
            "posZ": 3.919655,
            "rotX": 5.606197E-06,
            "rotY": 180.000015,
            "rotZ": 180.0,
            "scaleX": 1.0,
            "scaleY": 1.0,
            "scaleZ": 1.0
          },
          "Nickname": "",
          "Description": "",
          "GMNotes": "",
          "ColorDiffuse": {
            "r": 0.0,
            "g": 0.0,
            "b": 0.0
          },
          "LayoutGroupSortIndex": 0,
          "Value": 0,
          "Locked": false,
          "Grid": true,
          "Snap": true,
          "IgnoreFoW": false,
          "MeasureMovement": false,
          "DragSelectable": true,
          "Autoraise": true,
          "Sticky": true,
          "Tooltip": true,
          "GridProjection": false,
          "Hands": true,
          "CardID": 1325,
          "SidewaysCard": false,
          "LuaScript": "",
          "LuaScriptState": "",
          "XmlUI": "",
          "ContainedObjects": []
        },
        {
          "GUID": "97ccd4",
          "Name": "Card",
          "Transform": {
            "posX": 13.0262833,
            "posY": 1.11090934,
            "posZ": 3.919655,
            "rotX": 5.606197E-06,
            "rotY": 180.000015,
            "rotZ": 180.0,
            "scaleX": 1.0,
            "scaleY": 1.0,
            "scaleZ": 1.0
          },
          "Nickname": "",
          "Description": "",
          "GMNotes": "",
          "ColorDiffuse": {
            "r": 0.0,
            "g": 0.0,
            "b": 0.0
          },
          "LayoutGroupSortIndex": 0,
          "Value": 0,
          "Locked": false,
          "Grid": true,
          "Snap": true,
          "IgnoreFoW": false,
          "MeasureMovement": false,
          "DragSelectable": true,
          "Autoraise": true,
          "Sticky": true,
          "Tooltip": true,
          "GridProjection": false,
          "Hands": true,
          "CardID": 1326,
          "SidewaysCard": false,
          "LuaScript": "",
          "LuaScriptState": "",
          "XmlUI": "",
          "ContainedObjects": []
        }
      ]
    }
  ]
}