{
  "SaveName": "Hab Blocks Terrain",
  "GameMode": "Jrfk Hab Blocks Terrain",
  "Date": "7/31/2020 2:03:07 PM",
  "Gravity": 0.5,
  "PlayArea": 0.5,
  "GameType": "",
  "GameComplexity": "",
  "Tags": [],
  "Table": "Table_Custom",
  "TableURL": "",
  "Sky": "Sky_Tunnel",
  "Note": "",
  "Rules": "",
  "MusicPlayer": {
    "RepeatSong": false,
    "PlaylistEntry": 0,
    "CurrentAudioTitle": "Shadowmoon",
    "CurrentAudioURL": "http://cloud-3.steamusercontent.com/ugc/770601828587055146/B4D229E4C683BC5A6F9712F52DC9DAAE28B0C6AC/",
    "AudioLibrary": [
      {
        "Item1": "http://cloud-3.steamusercontent.com/ugc/770601828587055146/B4D229E4C683BC5A6F9712F52DC9DAAE28B0C6AC/",
        "Item2": "Shadowmoon"
      },
      {
        "Item1": "http://cloud-3.steamusercontent.com/ugc/770601828587132232/7D08630C6F43CB4BDEE63D6EB301443342DFF8EB/",
        "Item2": "Heart of the Deep"
      },
      {
        "Item1": "http://cloud-3.steamusercontent.com/ugc/770601828587290498/CAA33176F269F822862C36B8FC83F925B2F0A840/",
        "Item2": "Relentless"
      }
    ]
  },
  "Grid": {
    "Type": 0,
    "Lines": false,
    "Color": {
      "r": 0.0,
      "g": 0.0,
      "b": 0.0
    },
    "Opacity": 0.75,
    "ThickLines": false,
    "Snapping": false,
    "Offset": false,
    "BothSnapping": false,
    "xSize": 2.0,
    "ySize": 2.0,
    "PosOffset": {
      "x": 0.0,
      "y": 1.0,
      "z": 0.0
    }
  },
  "Lighting": {
    "LightIntensity": 0.463998556,
    "LightColor": {
      "r": 1.0,
      "g": 0.9804,
      "b": 0.8902
    },
    "AmbientIntensity": 1.46000087,
    "AmbientType": 0,
    "AmbientSkyColor": {
      "r": 0.902439,
      "g": 0.8502643,
      "b": 0.7782355
    },
    "AmbientEquatorColor": {
      "r": 0.7385057,
      "g": 0.7665504,
      "b": 0.76135695
    },
    "AmbientGroundColor": {
      "r": 0.5853658,
      "g": 0.5853658,
      "b": 0.5853658
    },
    "ReflectionIntensity": 1.0,
    "LutIndex": 0,
    "LutContribution": 1.0,
    "LutURL": ""
  },
  "Hands": {
    "Enable": true,
    "DisableUnused": false,
    "Hiding": 0,
    "HandTransforms": [
      {
        "Color": "Blue",
        "Transform": {
          "posX": 23.6700039,
          "posY": 3.29337835,
          "posZ": 34.4527626,
          "rotX": 0.0,
          "rotY": 179.8,
          "rotZ": 0.0,
          "scaleX": 15.3367271,
          "scaleY": 11.8970528,
          "scaleZ": 6.355031
        }
      },
      {
        "Color": "Brown",
        "Transform": {
          "posX": 0.0,
          "posY": 3.29337835,
          "posZ": -34.42515,
          "rotX": 0.0,
          "rotY": 0.0,
          "rotZ": 0.0,
          "scaleX": 15.3268919,
          "scaleY": 11.8970528,
          "scaleZ": 6.35014534
        }
      },
      {
        "Color": "Green",
        "Transform": {
          "posX": -23.6700039,
          "posY": 3.29337835,
          "posZ": 34.43159,
          "rotX": 0.0,
          "rotY": 180.0,
          "rotZ": 0.0,
          "scaleX": 15.3268747,
          "scaleY": 11.8970528,
          "scaleZ": 6.35014534
        }
      },
      {
        "Color": "Orange",
        "Transform": {
          "posX": -51.6596222,
          "posY": 3.29337835,
          "posZ": -11.7324,
          "rotX": 0.0,
          "rotY": 90.0,
          "rotZ": 0.0,
          "scaleX": 15.2028265,
          "scaleY": 11.8970528,
          "scaleZ": 6.41041374
        }
      },
      {
        "Color": "Pink",
        "Transform": {
          "posX": 51.64263,
          "posY": 3.29337835,
          "posZ": -11.7324,
          "rotX": 0.0,
          "rotY": 270.0,
          "rotZ": 0.0,
          "scaleX": 15.2028122,
          "scaleY": 11.8970528,
          "scaleZ": 6.41041374
        }
      },
      {
        "Color": "Purple",
        "Transform": {
          "posX": 51.5785675,
          "posY": 3.29337835,
          "posZ": 11.7324,
          "rotX": 0.0,
          "rotY": 270.0,
          "rotZ": 0.0,
          "scaleX": 15.2028131,
          "scaleY": 11.8970528,
          "scaleZ": 6.41041374
        }
      },
      {
        "Color": "Red",
        "Transform": {
          "posX": -23.6700039,
          "posY": 3.29337835,
          "posZ": -34.42515,
          "rotX": 0.0,
          "rotY": 0.0,
          "rotZ": 0.0,
          "scaleX": 15.3268948,
          "scaleY": 11.8970528,
          "scaleZ": 6.35014534
        }
      },
      {
        "Color": "Teal",
        "Transform": {
          "posX": 0.0,
          "posY": 3.29337835,
          "posZ": 34.4527626,
          "rotX": 0.0,
          "rotY": 179.800049,
          "rotZ": 0.0,
          "scaleX": 15.33673,
          "scaleY": 11.8970528,
          "scaleZ": 6.355031
        }
      },
      {
        "Color": "White",
        "Transform": {
          "posX": 23.6700039,
          "posY": 3.29337835,
          "posZ": -34.2558136,
          "rotX": 0.0,
          "rotY": 0.0,
          "rotZ": 0.0,
          "scaleX": 15.3268747,
          "scaleY": 11.8970547,
          "scaleZ": 6.705048
        }
      },
      {
        "Color": "Yellow",
        "Transform": {
          "posX": -51.6596222,
          "posY": 3.29337835,
          "posZ": 11.7324,
          "rotX": 0.0,
          "rotY": 90.0,
          "rotZ": 0.0,
          "scaleX": 15.2028255,
          "scaleY": 11.8970528,
          "scaleZ": 6.41041374
        }
      }
    ]
  },
  "Turns": {
    "Enable": false,
    "Type": 0,
    "TurnOrder": [],
    "Reverse": false,
    "SkipEmpty": false,
    "DisableInteractions": false,
    "PassTurns": true,
    "TurnColor": ""
  },
  "TabStates": {
    "0": {
      "title": "Rules",
      "body": "",
      "color": "Grey",
      "visibleColor": {
        "r": 0.5,
        "g": 0.5,
        "b": 0.5
      },
      "id": 0
    },
    "1": {
      "title": "White",
      "body": "",
      "color": "White",
      "visibleColor": {
        "r": 1.0,
        "g": 1.0,
        "b": 1.0
      },
      "id": 1
    },
    "2": {
      "title": "Brown",
      "body": "",
      "color": "Brown",
      "visibleColor": {
        "r": 0.443,
        "g": 0.231,
        "b": 0.09
      },
      "id": 2
    },
    "3": {
      "title": "Red",
      "body": "",
      "color": "Red",
      "visibleColor": {
        "r": 0.856,
        "g": 0.1,
        "b": 0.094
      },
      "id": 3
    },
    "4": {
      "title": "Orange",
      "body": "",
      "color": "Orange",
      "visibleColor": {
        "r": 0.956,
        "g": 0.392,
        "b": 0.113
      },
      "id": 4
    },
    "5": {
      "title": "Yellow",
      "body": "",
      "color": "Yellow",
      "visibleColor": {
        "r": 0.905,
        "g": 0.898,
        "b": 0.172
      },
      "id": 5
    },
    "6": {
      "title": "Green",
      "body": "",
      "color": "Green",
      "visibleColor": {
        "r": 0.192,
        "g": 0.701,
        "b": 0.168
      },
      "id": 6
    },
    "7": {
      "title": "Blue",
      "body": "",
      "color": "Blue",
      "visibleColor": {
        "r": 0.118,
        "g": 0.53,
        "b": 1.0
      },
      "id": 7
    },
    "8": {
      "title": "Teal",
      "body": "",
      "color": "Teal",
      "visibleColor": {
        "r": 0.129,
        "g": 0.694,
        "b": 0.607
      },
      "id": 8
    },
    "9": {
      "title": "Purple",
      "body": "",
      "color": "Purple",
      "visibleColor": {
        "r": 0.627,
        "g": 0.125,
        "b": 0.941
      },
      "id": 9
    },
    "10": {
      "title": "Pink",
      "body": "",
      "color": "Pink",
      "visibleColor": {
        "r": 0.96,
        "g": 0.439,
        "b": 0.807
      },
      "id": 10
    },
    "11": {
      "title": "Black",
      "body": "",
      "color": "Black",
      "visibleColor": {
        "r": 0.25,
        "g": 0.25,
        "b": 0.25
      },
      "id": 11
    }
  },
  "DecalPallet": [],
  "ObjectStates": [
    {
      "Name": "Custom_Assetbundle",
      "Transform": {
        "posX": -37.1441956,
        "posY": 0.959998131,
        "posZ": 6.570087,
        "rotX": 7.54580242E-07,
        "rotY": 90.00853,
        "rotZ": 7.54692451E-07,
        "scaleX": 1.0,
        "scaleY": 1.0,
        "scaleZ": 1.0
      },
      "Nickname": "3x3 Tower Block",
      "Description": "",
      "GMNotes": "",
      "ColorDiffuse": {
        "r": 1.0,
        "g": 1.0,
        "b": 1.0
      },
      "Locked": false,
      "Grid": true,
      "Snap": true,
      "IgnoreFoW": false,
      "MeasureMovement": false,
      "DragSelectable": true,
      "Autoraise": true,
      "Sticky": true,
      "Tooltip": true,
      "GridProjection": false,
      "HideWhenFaceDown": false,
      "Hands": false,
      "CustomAssetbundle": {
        "AssetbundleURL": "http://cloud-3.steamusercontent.com/ugc/1053227062939311696/2F27E1162F9B7392D8A571B67322FADAF6C8D4F0/",
        "AssetbundleSecondaryURL": "http://cloud-3.steamusercontent.com/ugc/1053227062939351632/C6C3C32748ECE0ADB33DF9D6F3B74A359DBC89C1/",
        "MaterialIndex": 1,
        "TypeIndex": 1,
        "LoopingEffectIndex": 0
      },
      "LuaScript": "",
      "LuaScriptState": "",
      "XmlUI": "",
      "GUID": "a7c311"
    },
    {
      "Name": "Custom_Assetbundle",
      "Transform": {
        "posX": -40.3113823,
        "posY": 0.960000157,
        "posZ": -2.75211573,
        "rotX": -1.91535524E-12,
        "rotY": 179.996078,
        "rotZ": -5.58621451E-08,
        "scaleX": 1.0,
        "scaleY": 1.0,
        "scaleZ": 1.0
      },
      "Nickname": "3x2 2 Floor Windowed",
      "Description": "",
      "GMNotes": "",
      "ColorDiffuse": {
        "r": 1.0,
        "g": 1.0,
        "b": 1.0
      },
      "Locked": false,
      "Grid": true,
      "Snap": true,
      "IgnoreFoW": false,
      "MeasureMovement": false,
      "DragSelectable": true,
      "Autoraise": true,
      "Sticky": true,
      "Tooltip": true,
      "GridProjection": false,
      "HideWhenFaceDown": false,
      "Hands": false,
      "CustomAssetbundle": {
        "AssetbundleURL": "http://cloud-3.steamusercontent.com/ugc/1053227062939334289/EE5805675E1F6E3F68DE3C3B93323099087CC9C4/",
        "AssetbundleSecondaryURL": "http://cloud-3.steamusercontent.com/ugc/1053227062939351632/C6C3C32748ECE0ADB33DF9D6F3B74A359DBC89C1/",
        "MaterialIndex": 1,
        "TypeIndex": 1,
        "LoopingEffectIndex": 0
      },
      "LuaScript": "",
      "LuaScriptState": "",
      "XmlUI": "",
      "GUID": "e2c53c"
    },
    {
      "Name": "Custom_Assetbundle",
      "Transform": {
        "posX": -17.352066,
        "posY": 0.9600003,
        "posZ": -2.84504318,
        "rotX": 0.0,
        "rotY": 90.01973,
        "rotZ": 0.0,
        "scaleX": 1.0,
        "scaleY": 1.0,
        "scaleZ": 1.0
      },
      "Nickname": "2x2 3 Floor Windowed",
      "Description": "",
      "GMNotes": "",
      "ColorDiffuse": {
        "r": 1.0,
        "g": 1.0,
        "b": 1.0
      },
      "Locked": false,
      "Grid": true,
      "Snap": true,
      "IgnoreFoW": false,
      "MeasureMovement": false,
      "DragSelectable": true,
      "Autoraise": true,
      "Sticky": true,
      "Tooltip": true,
      "GridProjection": false,
      "HideWhenFaceDown": false,
      "Hands": false,
      "CustomAssetbundle": {
        "AssetbundleURL": "http://cloud-3.steamusercontent.com/ugc/1053227062939316049/6D86AABBE50523AB2AB99A3A2047D492C5158D99/",
        "AssetbundleSecondaryURL": "http://cloud-3.steamusercontent.com/ugc/1053227062939351632/C6C3C32748ECE0ADB33DF9D6F3B74A359DBC89C1/",
        "MaterialIndex": 1,
        "TypeIndex": 1,
        "LoopingEffectIndex": 0
      },
      "LuaScript": "",
      "LuaScriptState": "",
      "XmlUI": "",
      "GUID": "469ad7"
    },
    {
      "Name": "Custom_Assetbundle",
      "Transform": {
        "posX": -9.023496,
        "posY": 0.960001,
        "posZ": -2.681234,
        "rotX": -2.11293172E-06,
        "rotY": 89.99365,
        "rotZ": 9.056808E-07,
        "scaleX": 1.0,
        "scaleY": 1.0,
        "scaleZ": 1.0
      },
      "Nickname": "2x2 3 Floor Windowed/Walled",
      "Description": "",
      "GMNotes": "",
      "ColorDiffuse": {
        "r": 1.0,
        "g": 1.0,
        "b": 1.0
      },
      "Locked": false,
      "Grid": true,
      "Snap": true,
      "IgnoreFoW": false,
      "MeasureMovement": false,
      "DragSelectable": true,
      "Autoraise": true,
      "Sticky": true,
      "Tooltip": true,
      "GridProjection": false,
      "HideWhenFaceDown": false,
      "Hands": false,
      "CustomAssetbundle": {
        "AssetbundleURL": "http://cloud-3.steamusercontent.com/ugc/1053227062939317046/640312A6E9ADBA522C72D7445C016EC92CDEC597/",
        "AssetbundleSecondaryURL": "http://cloud-3.steamusercontent.com/ugc/1053227062939351632/C6C3C32748ECE0ADB33DF9D6F3B74A359DBC89C1/",
        "MaterialIndex": 1,
        "TypeIndex": 1,
        "LoopingEffectIndex": 0
      },
      "LuaScript": "",
      "LuaScriptState": "",
      "XmlUI": "",
      "GUID": "c98d2e"
    },
    {
      "Name": "Custom_Assetbundle",
      "Transform": {
        "posX": -1.04367232,
        "posY": 0.9600001,
        "posZ": -2.6608963,
        "rotX": -1.59662477E-07,
        "rotY": 89.99096,
        "rotZ": 4.64251642E-08,
        "scaleX": 1.0,
        "scaleY": 1.0,
        "scaleZ": 1.0
      },
      "Nickname": "2x2 Small Corner Windowed",
      "Description": "",
      "GMNotes": "",
      "ColorDiffuse": {
        "r": 1.0,
        "g": 1.0,
        "b": 1.0
      },
      "Locked": false,
      "Grid": true,
      "Snap": true,
      "IgnoreFoW": false,
      "MeasureMovement": false,
      "DragSelectable": true,
      "Autoraise": true,
      "Sticky": true,
      "Tooltip": true,
      "GridProjection": false,
      "HideWhenFaceDown": false,
      "Hands": false,
      "CustomAssetbundle": {
        "AssetbundleURL": "http://cloud-3.steamusercontent.com/ugc/1053227062939384084/BE1BA1A9BCC8CF16B7110D1F695BADF866E829AA/",
        "AssetbundleSecondaryURL": "http://cloud-3.steamusercontent.com/ugc/1053227062939351632/C6C3C32748ECE0ADB33DF9D6F3B74A359DBC89C1/",
        "MaterialIndex": 1,
        "TypeIndex": 1,
        "LoopingEffectIndex": 0
      },
      "LuaScript": "",
      "LuaScriptState": "",
      "XmlUI": "",
      "GUID": "85fdf1"
    },
    {
      "Name": "Custom_Assetbundle",
      "Transform": {
        "posX": 7.78087234,
        "posY": 0.960000157,
        "posZ": -2.41163254,
        "rotX": 2.04033313E-07,
        "rotY": 89.99511,
        "rotZ": 1.45214329E-08,
        "scaleX": 1.0,
        "scaleY": 1.0,
        "scaleZ": 1.0
      },
      "Nickname": "2x2 Small Walled",
      "Description": "",
      "GMNotes": "",
      "ColorDiffuse": {
        "r": 1.0,
        "g": 1.0,
        "b": 1.0
      },
      "Locked": false,
      "Grid": true,
      "Snap": true,
      "IgnoreFoW": false,
      "MeasureMovement": false,
      "DragSelectable": true,
      "Autoraise": true,
      "Sticky": true,
      "Tooltip": true,
      "GridProjection": false,
      "HideWhenFaceDown": false,
      "Hands": false,
      "CustomAssetbundle": {
        "AssetbundleURL": "http://cloud-3.steamusercontent.com/ugc/1053227062939384660/888C7BFAB375CCE3D88D4C5ADD3823B2A2D8480D/",
        "AssetbundleSecondaryURL": "http://cloud-3.steamusercontent.com/ugc/1053227062939351632/C6C3C32748ECE0ADB33DF9D6F3B74A359DBC89C1/",
        "MaterialIndex": 1,
        "TypeIndex": 1,
        "LoopingEffectIndex": 0
      },
      "LuaScript": "",
      "LuaScriptState": "",
      "XmlUI": "",
      "GUID": "12ab03"
    },
    {
      "Name": "Custom_Assetbundle",
      "Transform": {
        "posX": 16.1065121,
        "posY": 0.9600001,
        "posZ": -2.5388844,
        "rotX": 2.02494448E-07,
        "rotY": 90.0105057,
        "rotZ": 3.855885E-08,
        "scaleX": 1.0,
        "scaleY": 1.0,
        "scaleZ": 1.0
      },
      "Nickname": "2x2 Small Windowed",
      "Description": "",
      "GMNotes": "",
      "ColorDiffuse": {
        "r": 1.0,
        "g": 1.0,
        "b": 1.0
      },
      "Locked": false,
      "Grid": true,
      "Snap": true,
      "IgnoreFoW": false,
      "MeasureMovement": false,
      "DragSelectable": true,
      "Autoraise": true,
      "Sticky": true,
      "Tooltip": true,
      "GridProjection": false,
      "HideWhenFaceDown": false,
      "Hands": false,
      "CustomAssetbundle": {
        "AssetbundleURL": "http://cloud-3.steamusercontent.com/ugc/1053227062939385261/2CF3877AA5C2527C8B5E792F0574B931D30A0275/",
        "AssetbundleSecondaryURL": "http://cloud-3.steamusercontent.com/ugc/1053227062939351632/C6C3C32748ECE0ADB33DF9D6F3B74A359DBC89C1/",
        "MaterialIndex": 1,
        "TypeIndex": 1,
        "LoopingEffectIndex": 0
      },
      "LuaScript": "",
      "LuaScriptState": "",
      "XmlUI": "",
      "GUID": "fb5c23"
    },
    {
      "Name": "Custom_Assetbundle",
      "Transform": {
        "posX": -38.47837,
        "posY": 0.960000038,
        "posZ": -13.3398695,
        "rotX": -1.49804791E-08,
        "rotY": -8.1480465E-07,
        "rotZ": -5.641471E-08,
        "scaleX": 1.0,
        "scaleY": 1.0,
        "scaleZ": 1.0
      },
      "Nickname": "3x3 Walled Town Square",
      "Description": "",
      "GMNotes": "",
      "ColorDiffuse": {
        "r": 1.0,
        "g": 1.0,
        "b": 1.0
      },
      "Locked": false,
      "Grid": true,
      "Snap": true,
      "IgnoreFoW": false,
      "MeasureMovement": false,
      "DragSelectable": true,
      "Autoraise": true,
      "Sticky": true,
      "Tooltip": true,
      "GridProjection": false,
      "HideWhenFaceDown": false,
      "Hands": false,
      "CustomAssetbundle": {
        "AssetbundleURL": "http://cloud-3.steamusercontent.com/ugc/1053227062939352340/8A5068CA4AF6FF477A41E2F2861F63D92D83351F/",
        "AssetbundleSecondaryURL": "http://cloud-3.steamusercontent.com/ugc/1053227062939351632/C6C3C32748ECE0ADB33DF9D6F3B74A359DBC89C1/",
        "MaterialIndex": 1,
        "TypeIndex": 1,
        "LoopingEffectIndex": 0
      },
      "LuaScript": "",
      "LuaScriptState": "",
      "XmlUI": "",
      "GUID": "793e55"
    },
    {
      "Name": "3DText",
      "Transform": {
        "posX": -29.3866024,
        "posY": 0.9611351,
        "posZ": -20.4539452,
        "rotX": 90.0,
        "rotY": 1.16617739,
        "rotZ": 0.0,
        "scaleX": 1.0,
        "scaleY": 1.0,
        "scaleZ": 1.0
      },
      "Nickname": "",
      "Description": "",
      "GMNotes": "",
      "ColorDiffuse": {
        "r": 1.0,
        "g": 1.0,
        "b": 1.0
      },
      "Locked": true,
      "Grid": true,
      "Snap": true,
      "IgnoreFoW": false,
      "MeasureMovement": false,
      "DragSelectable": true,
      "Autoraise": true,
      "Sticky": true,
      "Tooltip": true,
      "GridProjection": false,
      "HideWhenFaceDown": false,
      "Hands": false,
      "Text": {
        "Text": "Dingy Concrete Hab Blocks & Ruins",
        "colorstate": {
          "r": 0.06666667,
          "g": 0.06666667,
          "b": 0.06666667
        },
        "fontSize": 64
      },
      "LuaScript": "",
      "LuaScriptState": "",
      "XmlUI": "",
      "GUID": "ae657d"
    },
    {
      "Name": "3DText",
      "Transform": {
        "posX": -31.3536358,
        "posY": 0.9611351,
        "posZ": -23.2035122,
        "rotX": 90.0,
        "rotY": 1.33277845,
        "rotZ": 0.0,
        "scaleX": 1.0,
        "scaleY": 1.0,
        "scaleZ": 1.0
      },
      "Nickname": "",
      "Description": "",
      "GMNotes": "",
      "ColorDiffuse": {
        "r": 1.0,
        "g": 1.0,
        "b": 1.0
      },
      "Locked": true,
      "Grid": true,
      "Snap": true,
      "IgnoreFoW": false,
      "MeasureMovement": false,
      "DragSelectable": true,
      "Autoraise": true,
      "Sticky": true,
      "Tooltip": true,
      "GridProjection": false,
      "HideWhenFaceDown": false,
      "Hands": false,
      "Text": {
        "Text": "Made by Jorfik on Steam",
        "colorstate": {
          "r": 0.06666667,
          "g": 0.06666667,
          "b": 0.06666667
        },
        "fontSize": 52
      },
      "LuaScript": "",
      "LuaScriptState": "",
      "XmlUI": "",
      "GUID": "0db4bf"
    },
    {
      "Name": "Custom_Assetbundle",
      "Transform": {
        "posX": -28.3205471,
        "posY": 0.960000038,
        "posZ": -13.2065029,
        "rotX": 1.26528937E-06,
        "rotY": 179.834213,
        "rotZ": 5.9975676E-08,
        "scaleX": 1.0,
        "scaleY": 1.0,
        "scaleZ": 1.0
      },
      "Nickname": "2x2 Bunker",
      "Description": "",
      "GMNotes": "",
      "ColorDiffuse": {
        "r": 1.0,
        "g": 1.0,
        "b": 1.0
      },
      "Locked": false,
      "Grid": true,
      "Snap": true,
      "IgnoreFoW": false,
      "MeasureMovement": false,
      "DragSelectable": true,
      "Autoraise": true,
      "Sticky": true,
      "Tooltip": true,
      "GridProjection": false,
      "HideWhenFaceDown": false,
      "Hands": false,
      "CustomAssetbundle": {
        "AssetbundleURL": "http://cloud-3.steamusercontent.com/ugc/1188335243473697833/4456C3DE2F62122599B8EBC0857DD8055E40138C/",
        "AssetbundleSecondaryURL": "http://cloud-3.steamusercontent.com/ugc/1053227062939351632/C6C3C32748ECE0ADB33DF9D6F3B74A359DBC89C1/",
        "MaterialIndex": 1,
        "TypeIndex": 1,
        "LoopingEffectIndex": 0
      },
      "LuaScript": "",
      "LuaScriptState": "",
      "XmlUI": "",
      "GUID": "d97f69"
    },
    {
      "Name": "Custom_Assetbundle",
      "Transform": {
        "posX": -36.7948036,
        "posY": 0.959999561,
        "posZ": 19.7552319,
        "rotX": 2.98859254E-06,
        "rotY": 359.9915,
        "rotZ": 5.17578064E-06,
        "scaleX": 1.0,
        "scaleY": 1.0,
        "scaleZ": 1.0
      },
      "Nickname": "4x2 Hab Tower 1",
      "Description": "",
      "GMNotes": "",
      "ColorDiffuse": {
        "r": 1.0,
        "g": 1.0,
        "b": 1.0
      },
      "Locked": false,
      "Grid": true,
      "Snap": true,
      "IgnoreFoW": false,
      "MeasureMovement": false,
      "DragSelectable": true,
      "Autoraise": true,
      "Sticky": true,
      "Tooltip": true,
      "GridProjection": false,
      "HideWhenFaceDown": false,
      "Hands": false,
      "CustomAssetbundle": {
        "AssetbundleURL": "http://cloud-3.steamusercontent.com/ugc/1188335243473718406/64EFC367033C6F5D1A6A8DBFB5AE6BFF2C995CA6/",
        "AssetbundleSecondaryURL": "http://cloud-3.steamusercontent.com/ugc/1053227062939351632/C6C3C32748ECE0ADB33DF9D6F3B74A359DBC89C1/",
        "MaterialIndex": 1,
        "TypeIndex": 1,
        "LoopingEffectIndex": 0
      },
      "LuaScript": "",
      "LuaScriptState": "",
      "XmlUI": "",
      "GUID": "077520"
    },
    {
      "Name": "Custom_Assetbundle",
      "Transform": {
        "posX": -28.4275379,
        "posY": 0.9600003,
        "posZ": -2.581073,
        "rotX": -2.42356721E-12,
        "rotY": 179.997131,
        "rotZ": -9.70291936E-08,
        "scaleX": 1.0,
        "scaleY": 1.0,
        "scaleZ": 1.0
      },
      "Nickname": "3x2 2 Floor Windowed/Walled",
      "Description": "",
      "GMNotes": "",
      "ColorDiffuse": {
        "r": 1.0,
        "g": 1.0,
        "b": 1.0
      },
      "Locked": false,
      "Grid": true,
      "Snap": true,
      "IgnoreFoW": false,
      "MeasureMovement": false,
      "DragSelectable": true,
      "Autoraise": true,
      "Sticky": true,
      "Tooltip": true,
      "GridProjection": false,
      "HideWhenFaceDown": false,
      "Hands": false,
      "CustomAssetbundle": {
        "AssetbundleURL": "http://cloud-3.steamusercontent.com/ugc/1188335243477759269/681A6264CEFCD12E532E95BDB945A3C359FA130F/",
        "AssetbundleSecondaryURL": "http://cloud-3.steamusercontent.com/ugc/1053227062939351632/C6C3C32748ECE0ADB33DF9D6F3B74A359DBC89C1/",
        "MaterialIndex": 1,
        "TypeIndex": 1,
        "LoopingEffectIndex": 0
      },
      "LuaScript": "",
      "LuaScriptState": "",
      "XmlUI": "",
      "GUID": "8dc1a4"
    },
    {
      "Name": "Custom_Assetbundle",
      "Transform": {
        "posX": 37.98783,
        "posY": 0.960000157,
        "posZ": -1.82504821,
        "rotX": -1.17737193E-06,
        "rotY": 180.0085,
        "rotZ": 1.847479E-08,
        "scaleX": 1.0,
        "scaleY": 1.0,
        "scaleZ": 1.0
      },
      "Nickname": "3x1 Solid Wall Ruin",
      "Description": "",
      "GMNotes": "",
      "ColorDiffuse": {
        "r": 1.0,
        "g": 1.0,
        "b": 1.0
      },
      "Locked": false,
      "Grid": true,
      "Snap": true,
      "IgnoreFoW": false,
      "MeasureMovement": false,
      "DragSelectable": true,
      "Autoraise": true,
      "Sticky": true,
      "Tooltip": true,
      "GridProjection": false,
      "HideWhenFaceDown": false,
      "Hands": false,
      "CustomAssetbundle": {
        "AssetbundleURL": "http://cloud-3.steamusercontent.com/ugc/1188335243477761141/8718B2826B651F3D1685FDF688BADD99EA1EE9DA/",
        "AssetbundleSecondaryURL": "http://cloud-3.steamusercontent.com/ugc/1053227062939351632/C6C3C32748ECE0ADB33DF9D6F3B74A359DBC89C1/",
        "MaterialIndex": 1,
        "TypeIndex": 1,
        "LoopingEffectIndex": 0
      },
      "LuaScript": "",
      "LuaScriptState": "",
      "XmlUI": "",
      "GUID": "ac5128"
    },
    {
      "Name": "Custom_Assetbundle",
      "Transform": {
        "posX": 25.3870888,
        "posY": 0.960000038,
        "posZ": 1.69298482,
        "rotX": 9.421427E-13,
        "rotY": 179.992065,
        "rotZ": 1.36114515E-08,
        "scaleX": 1.0,
        "scaleY": 1.0,
        "scaleZ": 1.0
      },
      "Nickname": "2x1 Windowed Wall Ruin 1",
      "Description": "",
      "GMNotes": "",
      "ColorDiffuse": {
        "r": 1.0,
        "g": 1.0,
        "b": 1.0
      },
      "Locked": false,
      "Grid": true,
      "Snap": true,
      "IgnoreFoW": false,
      "MeasureMovement": false,
      "DragSelectable": true,
      "Autoraise": true,
      "Sticky": true,
      "Tooltip": true,
      "GridProjection": false,
      "HideWhenFaceDown": false,
      "Hands": false,
      "CustomAssetbundle": {
        "AssetbundleURL": "http://cloud-3.steamusercontent.com/ugc/1188335243477761870/C90145527C9974E990C4B2CDE1BE4CC0122681E4/",
        "AssetbundleSecondaryURL": "http://cloud-3.steamusercontent.com/ugc/1053227062939351632/C6C3C32748ECE0ADB33DF9D6F3B74A359DBC89C1/",
        "MaterialIndex": 1,
        "TypeIndex": 1,
        "LoopingEffectIndex": 0
      },
      "LuaScript": "",
      "LuaScriptState": "",
      "XmlUI": "",
      "GUID": "882c48"
    },
    {
      "Name": "Custom_Assetbundle",
      "Transform": {
        "posX": 25.297966,
        "posY": 0.960000157,
        "posZ": -2.7532475,
        "rotX": 3.10722328E-07,
        "rotY": 179.991653,
        "rotZ": -4.52723334E-08,
        "scaleX": 1.0,
        "scaleY": 1.0,
        "scaleZ": 1.0
      },
      "Nickname": "2x1 Windowed Wall Ruin 2",
      "Description": "",
      "GMNotes": "",
      "ColorDiffuse": {
        "r": 1.0,
        "g": 1.0,
        "b": 1.0
      },
      "Locked": false,
      "Grid": true,
      "Snap": true,
      "IgnoreFoW": false,
      "MeasureMovement": false,
      "DragSelectable": true,
      "Autoraise": true,
      "Sticky": true,
      "Tooltip": true,
      "GridProjection": false,
      "HideWhenFaceDown": false,
      "Hands": false,
      "CustomAssetbundle": {
        "AssetbundleURL": "http://cloud-3.steamusercontent.com/ugc/1188335243477762543/0037F4E682DD5CC8E559A6D72D7EB03EB62B77C8/",
        "AssetbundleSecondaryURL": "http://cloud-3.steamusercontent.com/ugc/1053227062939351632/C6C3C32748ECE0ADB33DF9D6F3B74A359DBC89C1/",
        "MaterialIndex": 1,
        "TypeIndex": 1,
        "LoopingEffectIndex": 0
      },
      "LuaScript": "",
      "LuaScriptState": "",
      "XmlUI": "",
      "GUID": "d92cee"
    },
    {
      "Name": "Custom_Assetbundle",
      "Transform": {
        "posX": 38.39823,
        "posY": 0.960000157,
        "posZ": -5.56065,
        "rotX": -3.50482367E-07,
        "rotY": 180.022247,
        "rotZ": 1.10715732E-07,
        "scaleX": 1.0,
        "scaleY": 1.0,
        "scaleZ": 1.0
      },
      "Nickname": "2x1 Solid Wall Ruin",
      "Description": "",
      "GMNotes": "",
      "ColorDiffuse": {
        "r": 1.0,
        "g": 1.0,
        "b": 1.0
      },
      "Locked": false,
      "Grid": true,
      "Snap": true,
      "IgnoreFoW": false,
      "MeasureMovement": false,
      "DragSelectable": true,
      "Autoraise": true,
      "Sticky": true,
      "Tooltip": true,
      "GridProjection": false,
      "HideWhenFaceDown": false,
      "Hands": false,
      "CustomAssetbundle": {
        "AssetbundleURL": "http://cloud-3.steamusercontent.com/ugc/1188335243477788978/E628CC0282AFE0C8CC95B5520A8502F66F418C18/",
        "AssetbundleSecondaryURL": "http://cloud-3.steamusercontent.com/ugc/1053227062939351632/C6C3C32748ECE0ADB33DF9D6F3B74A359DBC89C1/",
        "MaterialIndex": 1,
        "TypeIndex": 1,
        "LoopingEffectIndex": 0
      },
      "LuaScript": "",
      "LuaScriptState": "",
      "XmlUI": "",
      "GUID": "86eeb8"
    },
    {
      "Name": "Custom_Assetbundle",
      "Transform": {
        "posX": -28.3342667,
        "posY": 0.96000123,
        "posZ": 7.19799471,
        "rotX": -1.23763539E-05,
        "rotY": 269.9867,
        "rotZ": -2.71525573E-06,
        "scaleX": 1.0,
        "scaleY": 1.0,
        "scaleZ": 1.0
      },
      "Nickname": "3x3 \"Nova L\"",
      "Description": "",
      "GMNotes": "",
      "ColorDiffuse": {
        "r": 1.0,
        "g": 1.0,
        "b": 1.0
      },
      "Locked": false,
      "Grid": true,
      "Snap": true,
      "IgnoreFoW": false,
      "MeasureMovement": false,
      "DragSelectable": true,
      "Autoraise": true,
      "Sticky": true,
      "Tooltip": true,
      "GridProjection": false,
      "HideWhenFaceDown": false,
      "Hands": false,
      "CustomAssetbundle": {
        "AssetbundleURL": "http://cloud-3.steamusercontent.com/ugc/1188335431780619584/63FC4F797D8964E6DF9D392069B4D41E735A739C/",
        "AssetbundleSecondaryURL": "http://cloud-3.steamusercontent.com/ugc/1053227062939351632/C6C3C32748ECE0ADB33DF9D6F3B74A359DBC89C1/",
        "MaterialIndex": 1,
        "TypeIndex": 1,
        "LoopingEffectIndex": 0
      },
      "LuaScript": "",
      "LuaScriptState": "",
      "XmlUI": "",
      "GUID": "02eb07"
    },
    {
      "Name": "Custom_Assetbundle",
      "Transform": {
        "posX": -13.5727434,
        "posY": 0.959998846,
        "posZ": 7.57335949,
        "rotX": 2.73208316E-05,
        "rotY": 179.998978,
        "rotZ": 8.537492E-06,
        "scaleX": 1.0,
        "scaleY": 1.0,
        "scaleZ": 1.0
      },
      "Nickname": "3x3 \"Nova L\" Windowed",
      "Description": "",
      "GMNotes": "",
      "ColorDiffuse": {
        "r": 1.0,
        "g": 1.0,
        "b": 1.0
      },
      "Locked": false,
      "Grid": true,
      "Snap": true,
      "IgnoreFoW": false,
      "MeasureMovement": false,
      "DragSelectable": true,
      "Autoraise": true,
      "Sticky": true,
      "Tooltip": true,
      "GridProjection": false,
      "HideWhenFaceDown": false,
      "Hands": false,
      "CustomAssetbundle": {
        "AssetbundleURL": "http://cloud-3.steamusercontent.com/ugc/1188335431780620088/76ABFADC75E4343B8AA988037944461511EDA75B/",
        "AssetbundleSecondaryURL": "http://cloud-3.steamusercontent.com/ugc/1053227062939351632/C6C3C32748ECE0ADB33DF9D6F3B74A359DBC89C1/",
        "MaterialIndex": 1,
        "TypeIndex": 1,
        "LoopingEffectIndex": 0
      },
      "LuaScript": "",
      "LuaScriptState": "",
      "XmlUI": "",
      "GUID": "b9bc62"
    },
    {
      "Name": "Custom_Assetbundle",
      "Transform": {
        "posX": -5.06151152,
        "posY": 0.9600003,
        "posZ": 7.46600246,
        "rotX": 3.018079E-07,
        "rotY": 269.99408,
        "rotZ": -9.055793E-07,
        "scaleX": 1.0,
        "scaleY": 1.0,
        "scaleZ": 1.0
      },
      "Nickname": "2x1 Nova Wall",
      "Description": "",
      "GMNotes": "",
      "ColorDiffuse": {
        "r": 1.0,
        "g": 1.0,
        "b": 1.0
      },
      "Locked": false,
      "Grid": true,
      "Snap": true,
      "IgnoreFoW": false,
      "MeasureMovement": false,
      "DragSelectable": true,
      "Autoraise": true,
      "Sticky": true,
      "Tooltip": true,
      "GridProjection": false,
      "HideWhenFaceDown": false,
      "Hands": false,
      "CustomAssetbundle": {
        "AssetbundleURL": "http://cloud-3.steamusercontent.com/ugc/1188335431780620752/633768B77D307AB00A0635C22D1370A60BDBEA43/",
        "AssetbundleSecondaryURL": "",
        "MaterialIndex": 1,
        "TypeIndex": 1,
        "LoopingEffectIndex": 0
      },
      "LuaScript": "",
      "LuaScriptState": "",
      "XmlUI": "",
      "GUID": "04f9a0"
    },
    {
      "Name": "Custom_Assetbundle",
      "Transform": {
        "posX": 35.857975,
        "posY": 0.960000038,
        "posZ": -14.9936342,
        "rotX": -9.592372E-08,
        "rotY": 1.47105357E-05,
        "rotZ": -5.51943646E-09,
        "scaleX": 1.0,
        "scaleY": 1.0,
        "scaleZ": 1.0
      },
      "Nickname": "",
      "Description": "",
      "GMNotes": "",
      "ColorDiffuse": {
        "r": 1.0,
        "g": 1.0,
        "b": 1.0
      },
      "Locked": false,
      "Grid": true,
      "Snap": true,
      "IgnoreFoW": false,
      "MeasureMovement": false,
      "DragSelectable": true,
      "Autoraise": true,
      "Sticky": true,
      "Tooltip": true,
      "GridProjection": false,
      "HideWhenFaceDown": false,
      "Hands": false,
      "CustomAssetbundle": {
        "AssetbundleURL": "http://cloud-3.steamusercontent.com/ugc/1302053624124394226/7E2716A5430123FDBB2AC9B2962670B809B0CF65/",
        "AssetbundleSecondaryURL": "http://cloud-3.steamusercontent.com/ugc/1053227062939351632/C6C3C32748ECE0ADB33DF9D6F3B74A359DBC89C1/",
        "MaterialIndex": 0,
        "TypeIndex": 1,
        "LoopingEffectIndex": 0
      },
      "LuaScript": "",
      "LuaScriptState": "",
      "XmlUI": "",
      "GUID": "be33ed"
    },
    {
      "Name": "Custom_Assetbundle",
      "Transform": {
        "posX": 36.1805153,
        "posY": 0.9600001,
        "posZ": -18.9899616,
        "rotX": -9.646308E-08,
        "rotY": -3.98806469E-06,
        "rotZ": 1.8070196E-07,
        "scaleX": 1.0,
        "scaleY": 1.0,
        "scaleZ": 1.0
      },
      "Nickname": "",
      "Description": "",
      "GMNotes": "",
      "ColorDiffuse": {
        "r": 1.0,
        "g": 1.0,
        "b": 1.0
      },
      "Locked": false,
      "Grid": true,
      "Snap": true,
      "IgnoreFoW": false,
      "MeasureMovement": false,
      "DragSelectable": true,
      "Autoraise": true,
      "Sticky": true,
      "Tooltip": true,
      "GridProjection": false,
      "HideWhenFaceDown": false,
      "Hands": false,
      "CustomAssetbundle": {
        "AssetbundleURL": "http://cloud-3.steamusercontent.com/ugc/1302053624124394699/EA96DAAF5AA7670F37A1DED13DFAF09D8D054749/",
        "AssetbundleSecondaryURL": "http://cloud-3.steamusercontent.com/ugc/1053227062939351632/C6C3C32748ECE0ADB33DF9D6F3B74A359DBC89C1/",
        "MaterialIndex": 0,
        "TypeIndex": 1,
        "LoopingEffectIndex": 0
      },
      "LuaScript": "",
      "LuaScriptState": "",
      "XmlUI": "",
      "GUID": "4e506d"
    },
    {
      "Name": "Custom_Assetbundle",
      "Transform": {
        "posX": 40.1188164,
        "posY": 0.9600001,
        "posZ": -14.8301086,
        "rotX": -7.76761E-08,
        "rotY": -1.05649988E-05,
        "rotZ": 1.15667831E-07,
        "scaleX": 1.0,
        "scaleY": 1.0,
        "scaleZ": 1.0
      },
      "Nickname": "",
      "Description": "",
      "GMNotes": "",
      "ColorDiffuse": {
        "r": 1.0,
        "g": 1.0,
        "b": 1.0
      },
      "Locked": false,
      "Grid": true,
      "Snap": true,
      "IgnoreFoW": false,
      "MeasureMovement": false,
      "DragSelectable": true,
      "Autoraise": true,
      "Sticky": true,
      "Tooltip": true,
      "GridProjection": false,
      "HideWhenFaceDown": false,
      "Hands": false,
      "CustomAssetbundle": {
        "AssetbundleURL": "http://cloud-3.steamusercontent.com/ugc/1302053624124395471/5100DE0089E0E7B5B76665DF4411C3F51086609F/",
        "AssetbundleSecondaryURL": "http://cloud-3.steamusercontent.com/ugc/1053227062939351632/C6C3C32748ECE0ADB33DF9D6F3B74A359DBC89C1/",
        "MaterialIndex": 0,
        "TypeIndex": 1,
        "LoopingEffectIndex": 0
      },
      "LuaScript": "",
      "LuaScriptState": "",
      "XmlUI": "",
      "GUID": "834c71"
    },
    {
      "Name": "Custom_Assetbundle",
      "Transform": {
        "posX": 40.1536827,
        "posY": 0.960000038,
        "posZ": -19.2111435,
        "rotX": -1.92396E-07,
        "rotY": -1.47632036E-05,
        "rotZ": 1.59324415E-07,
        "scaleX": 1.0,
        "scaleY": 1.0,
        "scaleZ": 1.0
      },
      "Nickname": "",
      "Description": "",
      "GMNotes": "",
      "ColorDiffuse": {
        "r": 1.0,
        "g": 1.0,
        "b": 1.0
      },
      "Locked": false,
      "Grid": true,
      "Snap": true,
      "IgnoreFoW": false,
      "MeasureMovement": false,
      "DragSelectable": true,
      "Autoraise": true,
      "Sticky": true,
      "Tooltip": true,
      "GridProjection": false,
      "HideWhenFaceDown": false,
      "Hands": false,
      "CustomAssetbundle": {
        "AssetbundleURL": "http://cloud-3.steamusercontent.com/ugc/1302053624124395861/890EC5EE47400BCB3367CF725011CC20E7D99623/",
        "AssetbundleSecondaryURL": "http://cloud-3.steamusercontent.com/ugc/1053227062939351632/C6C3C32748ECE0ADB33DF9D6F3B74A359DBC89C1/",
        "MaterialIndex": 0,
        "TypeIndex": 1,
        "LoopingEffectIndex": 0
      },
      "LuaScript": "",
      "LuaScriptState": "",
      "XmlUI": "",
      "GUID": "08e048"
    },
    {
      "Name": "Custom_Assetbundle",
      "Transform": {
        "posX": 22.9114552,
        "posY": 0.960000038,
        "posZ": 7.63188171,
        "rotX": -1.43372222E-06,
        "rotY": 89.9879761,
        "rotZ": 8.302505E-07,
        "scaleX": 1.0,
        "scaleY": 1.0,
        "scaleZ": 1.0
      },
      "Nickname": "",
      "Description": "",
      "GMNotes": "",
      "ColorDiffuse": {
        "r": 1.0,
        "g": 1.0,
        "b": 1.0
      },
      "Locked": false,
      "Grid": true,
      "Snap": true,
      "IgnoreFoW": false,
      "MeasureMovement": false,
      "DragSelectable": true,
      "Autoraise": true,
      "Sticky": true,
      "Tooltip": true,
      "GridProjection": false,
      "HideWhenFaceDown": false,
      "Hands": false,
      "CustomAssetbundle": {
        "AssetbundleURL": "http://cloud-3.steamusercontent.com/ugc/1302053624126107710/65F09EC35ED0ED900E3E211DDBEB817AFCA0543E/",
        "AssetbundleSecondaryURL": "http://cloud-3.steamusercontent.com/ugc/1053227062939351632/C6C3C32748ECE0ADB33DF9D6F3B74A359DBC89C1/",
        "MaterialIndex": 0,
        "TypeIndex": 1,
        "LoopingEffectIndex": 0
      },
      "LuaScript": "",
      "LuaScriptState": "",
      "XmlUI": "",
      "GUID": "1b4442"
    },
    {
      "Name": "Custom_Assetbundle",
      "Transform": {
        "posX": 25.541378,
        "posY": 0.960000157,
        "posZ": 13.0146389,
        "rotX": 2.81138774E-08,
        "rotY": 180.003387,
        "rotZ": 5.84750026E-08,
        "scaleX": 1.0,
        "scaleY": 1.0,
        "scaleZ": 1.0
      },
      "Nickname": "",
      "Description": "",
      "GMNotes": "",
      "ColorDiffuse": {
        "r": 1.0,
        "g": 1.0,
        "b": 1.0
      },
      "Locked": false,
      "Grid": true,
      "Snap": true,
      "IgnoreFoW": false,
      "MeasureMovement": false,
      "DragSelectable": true,
      "Autoraise": true,
      "Sticky": true,
      "Tooltip": true,
      "GridProjection": false,
      "HideWhenFaceDown": false,
      "Hands": false,
      "CustomAssetbundle": {
        "AssetbundleURL": "http://cloud-3.steamusercontent.com/ugc/1302053624126108136/35AC13BD2809D261E6B2147783E43CF96A55931C/",
        "AssetbundleSecondaryURL": "http://cloud-3.steamusercontent.com/ugc/1053227062939351632/C6C3C32748ECE0ADB33DF9D6F3B74A359DBC89C1/",
        "MaterialIndex": 0,
        "TypeIndex": 1,
        "LoopingEffectIndex": 0
      },
      "LuaScript": "",
      "LuaScriptState": "",
      "XmlUI": "",
      "GUID": "157399"
    },
    {
      "Name": "Custom_Assetbundle",
      "Transform": {
        "posX": 40.25782,
        "posY": 0.960000038,
        "posZ": -22.1414089,
        "rotX": -1.05354877E-06,
        "rotY": 1.36634287E-06,
        "rotZ": 2.04514933E-07,
        "scaleX": 1.0,
        "scaleY": 1.0,
        "scaleZ": 1.0
      },
      "Nickname": "",
      "Description": "",
      "GMNotes": "",
      "ColorDiffuse": {
        "r": 1.0,
        "g": 1.0,
        "b": 1.0
      },
      "Locked": false,
      "Grid": true,
      "Snap": true,
      "IgnoreFoW": false,
      "MeasureMovement": false,
      "DragSelectable": true,
      "Autoraise": true,
      "Sticky": true,
      "Tooltip": true,
      "GridProjection": false,
      "HideWhenFaceDown": false,
      "Hands": false,
      "CustomAssetbundle": {
        "AssetbundleURL": "http://cloud-3.steamusercontent.com/ugc/1302053624124392742/C485BBA854B4E144DB635D15505CBA27642F519C/",
        "AssetbundleSecondaryURL": "http://cloud-3.steamusercontent.com/ugc/1053227062939351632/C6C3C32748ECE0ADB33DF9D6F3B74A359DBC89C1/",
        "MaterialIndex": 0,
        "TypeIndex": 1,
        "LoopingEffectIndex": 0
      },
      "LuaScript": "",
      "LuaScriptState": "",
      "XmlUI": "",
      "GUID": "c78389"
    },
    {
      "Name": "Custom_Assetbundle",
      "Transform": {
        "posX": 3.72888041,
        "posY": 0.9600215,
        "posZ": 7.88940334,
        "rotX": 0.0001929578,
        "rotY": 269.980225,
        "rotZ": 0.000202548836,
        "scaleX": 1.0,
        "scaleY": 1.0,
        "scaleZ": 1.0
      },
      "Nickname": "",
      "Description": "",
      "GMNotes": "",
      "ColorDiffuse": {
        "r": 1.0,
        "g": 1.0,
        "b": 1.0
      },
      "Locked": false,
      "Grid": true,
      "Snap": true,
      "IgnoreFoW": false,
      "MeasureMovement": false,
      "DragSelectable": true,
      "Autoraise": true,
      "Sticky": true,
      "Tooltip": true,
      "GridProjection": false,
      "HideWhenFaceDown": false,
      "Hands": false,
      "CustomAssetbundle": {
        "AssetbundleURL": "http://cloud-3.steamusercontent.com/ugc/1302053624126664220/94B7786902FEDF4CAEAD95BF87125ED58F603760/",
        "AssetbundleSecondaryURL": "http://cloud-3.steamusercontent.com/ugc/1053227062939351632/C6C3C32748ECE0ADB33DF9D6F3B74A359DBC89C1/",
        "MaterialIndex": 0,
        "TypeIndex": 1,
        "LoopingEffectIndex": 0
      },
      "LuaScript": "",
      "LuaScriptState": "",
      "XmlUI": "",
      "GUID": "593578"
    },
    {
      "Name": "Custom_Assetbundle",
      "Transform": {
        "posX": 3.71583652,
        "posY": 0.960013866,
        "posZ": 14.157629,
        "rotX": 0.000170549174,
        "rotY": 269.997681,
        "rotZ": 6.610272E-05,
        "scaleX": 1.0,
        "scaleY": 1.0,
        "scaleZ": 1.0
      },
      "Nickname": "",
      "Description": "",
      "GMNotes": "",
      "ColorDiffuse": {
        "r": 1.0,
        "g": 1.0,
        "b": 1.0
      },
      "Locked": false,
      "Grid": true,
      "Snap": true,
      "IgnoreFoW": false,
      "MeasureMovement": false,
      "DragSelectable": true,
      "Autoraise": true,
      "Sticky": true,
      "Tooltip": true,
      "GridProjection": false,
      "HideWhenFaceDown": false,
      "Hands": false,
      "CustomAssetbundle": {
        "AssetbundleURL": "http://cloud-3.steamusercontent.com/ugc/1302053624126665041/B485B9EC0DE5AAC872EE58E1B6D9D4C36D624543/",
        "AssetbundleSecondaryURL": "http://cloud-3.steamusercontent.com/ugc/1053227062939351632/C6C3C32748ECE0ADB33DF9D6F3B74A359DBC89C1/",
        "MaterialIndex": 0,
        "TypeIndex": 1,
        "LoopingEffectIndex": 0
      },
      "LuaScript": "",
      "LuaScriptState": "",
      "XmlUI": "",
      "GUID": "b8eeee"
    },
    {
      "Name": "Custom_Assetbundle",
      "Transform": {
        "posX": -4.82871056,
        "posY": 0.9600003,
        "posZ": 14.1557674,
        "rotX": 0.0,
        "rotY": 270.0257,
        "rotZ": 0.0,
        "scaleX": 1.0,
        "scaleY": 1.0,
        "scaleZ": 1.0
      },
      "Nickname": "",
      "Description": "",
      "GMNotes": "",
      "ColorDiffuse": {
        "r": 1.0,
        "g": 1.0,
        "b": 1.0
      },
      "Locked": false,
      "Grid": true,
      "Snap": true,
      "IgnoreFoW": false,
      "MeasureMovement": false,
      "DragSelectable": true,
      "Autoraise": true,
      "Sticky": true,
      "Tooltip": true,
      "GridProjection": false,
      "HideWhenFaceDown": false,
      "Hands": false,
      "CustomAssetbundle": {
        "AssetbundleURL": "http://cloud-3.steamusercontent.com/ugc/1302053624126665795/B312217BCD4855C2DB06D91989D8560F7AF37C9E/",
        "AssetbundleSecondaryURL": "http://cloud-3.steamusercontent.com/ugc/1053227062939351632/C6C3C32748ECE0ADB33DF9D6F3B74A359DBC89C1/",
        "MaterialIndex": 0,
        "TypeIndex": 1,
        "LoopingEffectIndex": 0
      },
      "LuaScript": "",
      "LuaScriptState": "",
      "XmlUI": "",
      "GUID": "2a663b"
    },
    {
      "Name": "Custom_Assetbundle",
      "Transform": {
        "posX": 33.75324,
        "posY": 0.9600001,
        "posZ": -5.71424675,
        "rotX": -8.16822947E-08,
        "rotY": 90.01239,
        "rotZ": -1.26280625E-07,
        "scaleX": 1.0,
        "scaleY": 1.0,
        "scaleZ": 1.0
      },
      "Nickname": "",
      "Description": "",
      "GMNotes": "",
      "ColorDiffuse": {
        "r": 1.0,
        "g": 1.0,
        "b": 1.0
      },
      "Locked": false,
      "Grid": true,
      "Snap": true,
      "IgnoreFoW": false,
      "MeasureMovement": false,
      "DragSelectable": true,
      "Autoraise": true,
      "Sticky": true,
      "Tooltip": true,
      "GridProjection": false,
      "HideWhenFaceDown": false,
      "Hands": false,
      "CustomAssetbundle": {
        "AssetbundleURL": "http://cloud-3.steamusercontent.com/ugc/1302053624126666849/BF9C1D80510B2410BFC40B25614C90CEF9B3B79E/",
        "AssetbundleSecondaryURL": "http://cloud-3.steamusercontent.com/ugc/1053227062939351632/C6C3C32748ECE0ADB33DF9D6F3B74A359DBC89C1/",
        "MaterialIndex": 0,
        "TypeIndex": 1,
        "LoopingEffectIndex": 0
      },
      "LuaScript": "",
      "LuaScriptState": "",
      "XmlUI": "",
      "GUID": "c0f5b0"
    },
    {
      "Name": "Custom_Assetbundle",
      "Transform": {
        "posX": 16.9392967,
        "posY": 0.9600005,
        "posZ": 8.024529,
        "rotX": -2.414879E-06,
        "rotY": 90.00402,
        "rotZ": 1.20733353E-06,
        "scaleX": 1.0,
        "scaleY": 1.0,
        "scaleZ": 1.0
      },
      "Nickname": "",
      "Description": "",
      "GMNotes": "",
      "ColorDiffuse": {
        "r": 1.0,
        "g": 1.0,
        "b": 1.0
      },
      "Locked": false,
      "Grid": true,
      "Snap": true,
      "IgnoreFoW": false,
      "MeasureMovement": false,
      "DragSelectable": true,
      "Autoraise": true,
      "Sticky": true,
      "Tooltip": true,
      "GridProjection": false,
      "HideWhenFaceDown": false,
      "Hands": false,
      "CustomAssetbundle": {
        "AssetbundleURL": "http://cloud-3.steamusercontent.com/ugc/1302053624126672347/12DD952C4C3BB5BFFF790A71775239BB10855EB6/",
        "AssetbundleSecondaryURL": "http://cloud-3.steamusercontent.com/ugc/1053227062939351632/C6C3C32748ECE0ADB33DF9D6F3B74A359DBC89C1/",
        "MaterialIndex": 0,
        "TypeIndex": 1,
        "LoopingEffectIndex": 0
      },
      "LuaScript": "",
      "LuaScriptState": "",
      "XmlUI": "",
      "GUID": "2019ed"
    },
    {
      "Name": "Custom_Assetbundle",
      "Transform": {
        "posX": 38.1792564,
        "posY": 0.9600001,
        "posZ": -22.2124,
        "rotX": -2.55410242E-07,
        "rotY": 179.98381,
        "rotZ": -2.93231864E-07,
        "scaleX": 1.0,
        "scaleY": 1.0,
        "scaleZ": 1.0
      },
      "Nickname": "",
      "Description": "",
      "GMNotes": "",
      "ColorDiffuse": {
        "r": 1.0,
        "g": 1.0,
        "b": 1.0
      },
      "Locked": false,
      "Grid": true,
      "Snap": true,
      "IgnoreFoW": false,
      "MeasureMovement": false,
      "DragSelectable": true,
      "Autoraise": true,
      "Sticky": true,
      "Tooltip": true,
      "GridProjection": false,
      "HideWhenFaceDown": false,
      "Hands": false,
      "CustomAssetbundle": {
        "AssetbundleURL": "http://cloud-3.steamusercontent.com/ugc/1302053624126676309/FA53F06862C5C2BA2212FFDE15305B7716EFA569/",
        "AssetbundleSecondaryURL": "http://cloud-3.steamusercontent.com/ugc/1053227062939351632/C6C3C32748ECE0ADB33DF9D6F3B74A359DBC89C1/",
        "MaterialIndex": 0,
        "TypeIndex": 1,
        "LoopingEffectIndex": 0
      },
      "LuaScript": "",
      "LuaScriptState": "",
      "XmlUI": "",
      "GUID": "a86387"
    },
    {
      "Name": "Custom_Assetbundle",
      "Transform": {
        "posX": 36.18994,
        "posY": 0.96,
        "posZ": -22.1383877,
        "rotX": -3.54108E-07,
        "rotY": 180.007874,
        "rotZ": 1.46450944E-07,
        "scaleX": 1.0,
        "scaleY": 1.0,
        "scaleZ": 1.0
      },
      "Nickname": "",
      "Description": "",
      "GMNotes": "",
      "ColorDiffuse": {
        "r": 1.0,
        "g": 1.0,
        "b": 1.0
      },
      "Locked": false,
      "Grid": true,
      "Snap": true,
      "IgnoreFoW": false,
      "MeasureMovement": false,
      "DragSelectable": true,
      "Autoraise": true,
      "Sticky": true,
      "Tooltip": true,
      "GridProjection": false,
      "HideWhenFaceDown": false,
      "Hands": false,
      "CustomAssetbundle": {
        "AssetbundleURL": "http://cloud-3.steamusercontent.com/ugc/1302053624126676880/318FCBB2CC7163227E12C47C895A3646C923A487/",
        "AssetbundleSecondaryURL": "http://cloud-3.steamusercontent.com/ugc/1053227062939351632/C6C3C32748ECE0ADB33DF9D6F3B74A359DBC89C1/",
        "MaterialIndex": 0,
        "TypeIndex": 1,
        "LoopingEffectIndex": 0
      },
      "LuaScript": "",
      "LuaScriptState": "",
      "XmlUI": "",
      "GUID": "4d875c"
    },
    {
      "Name": "Custom_Assetbundle",
      "Transform": {
        "posX": 9.299717,
        "posY": 0.960000753,
        "posZ": 7.99818945,
        "rotX": 1.50969959E-06,
        "rotY": 89.98527,
        "rotZ": 3.320206E-06,
        "scaleX": 1.0,
        "scaleY": 1.0,
        "scaleZ": 1.0
      },
      "Nickname": "",
      "Description": "",
      "GMNotes": "",
      "ColorDiffuse": {
        "r": 1.0,
        "g": 1.0,
        "b": 1.0
      },
      "Locked": false,
      "Grid": true,
      "Snap": true,
      "IgnoreFoW": false,
      "MeasureMovement": false,
      "DragSelectable": true,
      "Autoraise": true,
      "Sticky": true,
      "Tooltip": true,
      "GridProjection": false,
      "HideWhenFaceDown": false,
      "Hands": false,
      "CustomAssetbundle": {
        "AssetbundleURL": "http://cloud-3.steamusercontent.com/ugc/1302053624126709571/6F14B12F85D4A039842EEA09E2100B0A6220626B/",
        "AssetbundleSecondaryURL": "http://cloud-3.steamusercontent.com/ugc/1053227062939351632/C6C3C32748ECE0ADB33DF9D6F3B74A359DBC89C1/",
        "MaterialIndex": 0,
        "TypeIndex": 1,
        "LoopingEffectIndex": 0
      },
      "LuaScript": "",
      "LuaScriptState": "",
      "XmlUI": "",
      "GUID": "d37ae1"
    }
  ],
  "LuaScript": "--[[ Lua code. See documentation: https://api.tabletopsimulator.com/ --]]\n\n--[[ The onLoad event is called after the game save finishes loading. --]]\nfunction onLoad()\n    --[[ print('onLoad!') --]]\nend\n\n--[[ The onUpdate event is called once per frame. --]]\nfunction onUpdate()\n    --[[ print('onUpdate loop!') --]]\nend",
  "LuaScriptState": "",
  "XmlUI": "<!-- Xml UI. See documentation: https://api.tabletopsimulator.com/ui/introUI/ -->",
  "VersionNumber": "v12.4.3"
}