{
  "SaveName": "Grey Knights",
  "EpochTime": 1629635317,
  "Date": "8/22/2021 8:28:37 AM",
  "VersionNumber": "v13.1.1",
  "GameMode": "Flex Table",
  "GameType": "",
  "GameComplexity": "",
  "Tags": [],
  "Gravity": 0.5,
  "PlayArea": 0.5,
  "Table": "Table_None",
  "Sky": "Sky_Museum",
  "Note": "",
  "TabStates": {
    "0": {
      "title": "Rules",
      "body": "",
      "color": "Grey",
      "visibleColor": {
        "r": 0.5,
        "g": 0.5,
        "b": 0.5
      },
      "id": 0
    },
    "1": {
      "title": "White",
      "body": "",
      "color": "White",
      "visibleColor": {
        "r": 1.0,
        "g": 1.0,
        "b": 1.0
      },
      "id": 1
    },
    "2": {
      "title": "Brown",
      "body": "",
      "color": "Brown",
      "visibleColor": {
        "r": 0.443,
        "g": 0.231,
        "b": 0.09
      },
      "id": 2
    },
    "3": {
      "title": "Red",
      "body": "",
      "color": "Red",
      "visibleColor": {
        "r": 0.856,
        "g": 0.1,
        "b": 0.094
      },
      "id": 3
    },
    "4": {
      "title": "Orange",
      "body": "",
      "color": "Orange",
      "visibleColor": {
        "r": 0.956,
        "g": 0.392,
        "b": 0.113
      },
      "id": 4
    },
    "5": {
      "title": "Yellow",
      "body": "",
      "color": "Yellow",
      "visibleColor": {
        "r": 0.905,
        "g": 0.898,
        "b": 0.172
      },
      "id": 5
    },
    "6": {
      "title": "Green",
      "body": "",
      "color": "Green",
      "visibleColor": {
        "r": 0.192,
        "g": 0.701,
        "b": 0.168
      },
      "id": 6
    },
    "7": {
      "title": "Blue",
      "body": "",
      "color": "Blue",
      "visibleColor": {
        "r": 0.118,
        "g": 0.53,
        "b": 1.0
      },
      "id": 7
    },
    "8": {
      "title": "Teal",
      "body": "",
      "color": "Teal",
      "visibleColor": {
        "r": 0.129,
        "g": 0.694,
        "b": 0.607
      },
      "id": 8
    },
    "9": {
      "title": "Purple",
      "body": "",
      "color": "Purple",
      "visibleColor": {
        "r": 0.627,
        "g": 0.125,
        "b": 0.941
      },
      "id": 9
    },
    "10": {
      "title": "Pink",
      "body": "",
      "color": "Pink",
      "visibleColor": {
        "r": 0.96,
        "g": 0.439,
        "b": 0.807
      },
      "id": 10
    },
    "11": {
      "title": "Black",
      "body": "",
      "color": "Black",
      "visibleColor": {
        "r": 0.25,
        "g": 0.25,
        "b": 0.25
      },
      "id": 11
    }
  },
  "MusicPlayer": {
    "RepeatSong": false,
    "PlaylistEntry": 0,
    "CurrentAudioTitle": "Alien Theme",
    "CurrentAudioURL": "http://cloud-3.steamusercontent.com/ugc/793117274870675404/6DDF8D1FD55F3D176CDEE90085C2900CFCB2DCF6/",
    "AudioLibrary": [
      {
        "Item1": "http://cloud-3.steamusercontent.com/ugc/793117274870675404/6DDF8D1FD55F3D176CDEE90085C2900CFCB2DCF6/",
        "Item2": "Alien Theme"
      }
    ]
  },
  "Grid": {
    "Type": 0,
    "Lines": true,
    "Color": {
      "r": 0.0,
      "g": 0.0,
      "b": 0.0
    },
    "Opacity": 1.0,
    "ThickLines": true,
    "Snapping": false,
    "Offset": true,
    "BothSnapping": false,
    "xSize": 2.0,
    "ySize": 2.0,
    "PosOffset": {
      "x": 0.0,
      "y": 1.0,
      "z": 0.0
    }
  },
  "Lighting": {
    "LightIntensity": 0.30000028,
    "LightColor": {
      "r": 1.0,
      "g": 0.9804,
      "b": 0.8902
    },
    "AmbientIntensity": 1.3,
    "AmbientType": 0,
    "AmbientSkyColor": {
      "r": 0.5,
      "g": 0.5,
      "b": 0.5
    },
    "AmbientEquatorColor": {
      "r": 0.5,
      "g": 0.5,
      "b": 0.5
    },
    "AmbientGroundColor": {
      "r": 0.5,
      "g": 0.5,
      "b": 0.5
    },
    "ReflectionIntensity": 1.0,
    "LutIndex": 0,
    "LutContribution": 1.0,
    "LutURL": ""
  },
  "Hands": {
    "Enable": true,
    "DisableUnused": false,
    "Hiding": 0
  },
  "ComponentTags": {
    "labels": []
  },
  "Turns": {
    "Enable": false,
    "Type": 0,
    "TurnOrder": [],
    "Reverse": false,
    "SkipEmpty": false,
    "DisableInteractions": false,
    "PassTurns": true,
    "TurnColor": ""
  },
  "DecalPallet": [],
  "LuaScript": "--",
  "LuaScriptState": "",
  "XmlUI": "<!-- Xml UI. See documentation: https://api.tabletopsimulator.com/ui/introUI/ -->",
  "ObjectStates": [
    {
      "GUID": "928e54",
      "Name": "HandTrigger",
      "Transform": {
        "posX": 0.0,
        "posY": 5.0,
        "posZ": -10.7499847,
        "rotX": 0.0,
        "rotY": 0.0,
        "rotZ": 0.0,
        "scaleX": 11.8350019,
        "scaleY": 7.002465,
        "scaleZ": 4.04115963
      },
      "Nickname": "",
      "Description": "",
      "GMNotes": "",
      "ColorDiffuse": {
        "r": 1.0,
        "g": 1.0,
        "b": 1.0,
        "a": 0.0
      },
      "LayoutGroupSortIndex": 0,
      "Value": 0,
      "Locked": true,
      "Grid": false,
      "Snap": true,
      "IgnoreFoW": false,
      "MeasureMovement": false,
      "DragSelectable": true,
      "Autoraise": true,
      "Sticky": true,
      "Tooltip": true,
      "GridProjection": false,
      "HideWhenFaceDown": false,
      "Hands": false,
      "FogColor": "White",
      "LuaScript": "",
      "LuaScriptState": "",
      "XmlUI": ""
    },
    {
      "GUID": "d03407",
      "Name": "HandTrigger",
      "Transform": {
        "posX": -10.75,
        "posY": 5.0,
        "posZ": 0.0,
        "rotX": 0.0,
        "rotY": 90.0,
        "rotZ": 0.0,
        "scaleX": 11.74445,
        "scaleY": 7.0,
        "scaleZ": 4.08282375
      },
      "Nickname": "",
      "Description": "",
      "GMNotes": "",
      "ColorDiffuse": {
        "r": 0.856,
        "g": 0.09999997,
        "b": 0.09399996,
        "a": 0.0
      },
      "LayoutGroupSortIndex": 0,
      "Value": 0,
      "Locked": true,
      "Grid": false,
      "Snap": true,
      "IgnoreFoW": false,
      "MeasureMovement": false,
      "DragSelectable": true,
      "Autoraise": true,
      "Sticky": true,
      "Tooltip": true,
      "GridProjection": false,
      "HideWhenFaceDown": false,
      "Hands": false,
      "FogColor": "Red",
      "LuaScript": "",
      "LuaScriptState": "",
      "XmlUI": ""
    },
    {
      "GUID": "4ba445",
      "Name": "HandTrigger",
      "Transform": {
        "posX": 0.0,
        "posY": 5.0,
        "posZ": 10.7499847,
        "rotX": 0.0,
        "rotY": 180.0,
        "rotZ": 0.0,
        "scaleX": 11.8350019,
        "scaleY": 7.0,
        "scaleZ": 4.041209
      },
      "Nickname": "",
      "Description": "",
      "GMNotes": "",
      "ColorDiffuse": {
        "r": 0.191999972,
        "g": 0.701,
        "b": 0.167999953,
        "a": 0.0
      },
      "LayoutGroupSortIndex": 0,
      "Value": 0,
      "Locked": true,
      "Grid": false,
      "Snap": true,
      "IgnoreFoW": false,
      "MeasureMovement": false,
      "DragSelectable": true,
      "Autoraise": true,
      "Sticky": true,
      "Tooltip": true,
      "GridProjection": false,
      "HideWhenFaceDown": false,
      "Hands": false,
      "FogColor": "Green",
      "LuaScript": "",
      "LuaScriptState": "",
      "XmlUI": ""
    },
    {
      "GUID": "2a53d1",
      "Name": "HandTrigger",
      "Transform": {
        "posX": 10.75,
        "posY": 5.0,
        "posZ": 0.0,
        "rotX": 0.0,
        "rotY": 270.0,
        "rotZ": 0.0,
        "scaleX": 11.7442293,
        "scaleY": 7.0,
        "scaleZ": 4.08275127
      },
      "Nickname": "",
      "Description": "",
      "GMNotes": "",
      "ColorDiffuse": {
        "r": 0.117999978,
        "g": 0.53,
        "b": 1.0,
        "a": 0.0
      },
      "LayoutGroupSortIndex": 0,
      "Value": 0,
      "Locked": true,
      "Grid": false,
      "Snap": true,
      "IgnoreFoW": false,
      "MeasureMovement": false,
      "DragSelectable": true,
      "Autoraise": true,
      "Sticky": true,
      "Tooltip": true,
      "GridProjection": false,
      "HideWhenFaceDown": false,
      "Hands": false,
      "FogColor": "Blue",
      "LuaScript": "",
      "LuaScriptState": "",
      "XmlUI": ""
    },
    {
      "GUID": "afc863",
      "Name": "Custom_Assetbundle",
      "Transform": {
        "posX": 9.0,
        "posY": -9.0,
        "posZ": 9.0,
        "rotX": 6.536436E-07,
        "rotY": -2.39176334E-05,
        "rotZ": -3.84849864E-06,
        "scaleX": 1.0,
        "scaleY": 1.0,
        "scaleZ": 1.0
      },
      "Nickname": "",
      "Description": "",
      "GMNotes": "",
      "ColorDiffuse": {
        "r": 1.0,
        "g": 1.0,
        "b": 1.0
      },
      "LayoutGroupSortIndex": 0,
      "Value": 0,
      "Locked": true,
      "Grid": true,
      "Snap": true,
      "IgnoreFoW": false,
      "MeasureMovement": false,
      "DragSelectable": true,
      "Autoraise": true,
      "Sticky": true,
      "Tooltip": true,
      "GridProjection": false,
      "HideWhenFaceDown": false,
      "Hands": false,
      "CustomAssetbundle": {
        "AssetbundleURL": "http://cloud-3.steamusercontent.com/ugc/879750610978795929/723C50F43FAB3DE3DC12CB8460536E8CB34B60A3/",
        "AssetbundleSecondaryURL": "",
        "MaterialIndex": 2,
        "TypeIndex": 4,
        "LoopingEffectIndex": 0
      },
      "LuaScript": "",
      "LuaScriptState": "",
      "XmlUI": ""
    },
    {
      "GUID": "c8edca",
      "Name": "Custom_Assetbundle",
      "Transform": {
        "posX": 9.0,
        "posY": -9.0,
        "posZ": -9.0,
        "rotX": 6.536436E-07,
        "rotY": 90.0,
        "rotZ": -3.84849864E-06,
        "scaleX": 1.0,
        "scaleY": 1.0,
        "scaleZ": 1.0
      },
      "Nickname": "",
      "Description": "",
      "GMNotes": "",
      "ColorDiffuse": {
        "r": 1.0,
        "g": 1.0,
        "b": 1.0
      },
      "LayoutGroupSortIndex": 0,
      "Value": 0,
      "Locked": true,
      "Grid": true,
      "Snap": true,
      "IgnoreFoW": false,
      "MeasureMovement": false,
      "DragSelectable": true,
      "Autoraise": true,
      "Sticky": true,
      "Tooltip": true,
      "GridProjection": false,
      "HideWhenFaceDown": false,
      "Hands": false,
      "CustomAssetbundle": {
        "AssetbundleURL": "http://cloud-3.steamusercontent.com/ugc/879750610978795929/723C50F43FAB3DE3DC12CB8460536E8CB34B60A3/",
        "AssetbundleSecondaryURL": "",
        "MaterialIndex": 2,
        "TypeIndex": 4,
        "LoopingEffectIndex": 0
      },
      "LuaScript": "",
      "LuaScriptState": "",
      "XmlUI": ""
    },
    {
      "GUID": "393bf7",
      "Name": "Custom_Assetbundle",
      "Transform": {
        "posX": -9.0,
        "posY": -9.0,
        "posZ": -9.0,
        "rotX": 6.536436E-07,
        "rotY": 180.0,
        "rotZ": -3.84849864E-06,
        "scaleX": 1.0,
        "scaleY": 1.0,
        "scaleZ": 1.0
      },
      "Nickname": "",
      "Description": "",
      "GMNotes": "",
      "ColorDiffuse": {
        "r": 1.0,
        "g": 1.0,
        "b": 1.0
      },
      "LayoutGroupSortIndex": 0,
      "Value": 0,
      "Locked": true,
      "Grid": true,
      "Snap": true,
      "IgnoreFoW": false,
      "MeasureMovement": false,
      "DragSelectable": true,
      "Autoraise": true,
      "Sticky": true,
      "Tooltip": true,
      "GridProjection": false,
      "HideWhenFaceDown": false,
      "Hands": false,
      "CustomAssetbundle": {
        "AssetbundleURL": "http://cloud-3.steamusercontent.com/ugc/879750610978795929/723C50F43FAB3DE3DC12CB8460536E8CB34B60A3/",
        "AssetbundleSecondaryURL": "",
        "MaterialIndex": 2,
        "TypeIndex": 4,
        "LoopingEffectIndex": 0
      },
      "LuaScript": "",
      "LuaScriptState": "",
      "XmlUI": ""
    },
    {
      "GUID": "12c65e",
      "Name": "Custom_Assetbundle",
      "Transform": {
        "posX": -9.0,
        "posY": -9.0,
        "posZ": 9.0,
        "rotX": 6.536436E-07,
        "rotY": 270.0,
        "rotZ": -3.84849864E-06,
        "scaleX": 1.0,
        "scaleY": 1.0,
        "scaleZ": 1.0
      },
      "Nickname": "",
      "Description": "",
      "GMNotes": "",
      "ColorDiffuse": {
        "r": 1.0,
        "g": 1.0,
        "b": 1.0
      },
      "LayoutGroupSortIndex": 0,
      "Value": 0,
      "Locked": true,
      "Grid": true,
      "Snap": true,
      "IgnoreFoW": false,
      "MeasureMovement": false,
      "DragSelectable": true,
      "Autoraise": true,
      "Sticky": true,
      "Tooltip": true,
      "GridProjection": false,
      "HideWhenFaceDown": false,
      "Hands": false,
      "CustomAssetbundle": {
        "AssetbundleURL": "http://cloud-3.steamusercontent.com/ugc/879750610978795929/723C50F43FAB3DE3DC12CB8460536E8CB34B60A3/",
        "AssetbundleSecondaryURL": "",
        "MaterialIndex": 2,
        "TypeIndex": 4,
        "LoopingEffectIndex": 0
      },
      "LuaScript": "",
      "LuaScriptState": "",
      "XmlUI": ""
    },
    {
      "GUID": "bd69bd",
      "Name": "Chinese_Checkers_Piece",
      "Transform": {
        "posX": 10.1600037,
        "posY": -0.259998322,
        "posZ": -13.1200008,
        "rotX": 0.00190076465,
        "rotY": 180.0,
        "rotZ": 0.000379891542,
        "scaleX": 1.6499995,
        "scaleY": 1.6499995,
        "scaleZ": 1.6499995
      },
      "Nickname": "Flex Table Control",
      "Description": "",
      "GMNotes": "",
      "ColorDiffuse": {
        "r": 1.0,
        "g": 1.0,
        "b": 1.0
      },
      "LayoutGroupSortIndex": 0,
      "Value": 0,
      "Locked": true,
      "Grid": true,
      "Snap": true,
      "IgnoreFoW": false,
      "MeasureMovement": false,
      "DragSelectable": true,
      "Autoraise": true,
      "Sticky": true,
      "Tooltip": false,
      "GridProjection": false,
      "HideWhenFaceDown": false,
      "Hands": false,
      "MaterialIndex": 1,
      "LuaScript": "tableHeightOffset = -9\n\nfunction onSave()\n    saved_data = JSON.encode({tid=tableImageData, cd=checkData})\n    --saved_data = \"\"\n    return saved_data\nend\n\nfunction onload(saved_data)\n    --Loads the tracking for if the game has started yet\n    if saved_data ~= \"\" then\n         local loaded_data = JSON.decode(saved_data)\n         tableImageData = loaded_data.tid\n         checkData = loaded_data.cd\n    else\n        tableImageData = {}\n        checkData = {move=false, scale=false}\n    end\n\n    --Disables interactable status of objects with GUID in list\n    for _, guid in ipairs(ref_noninteractable) do\n        local obj = getObjectFromGUID(guid)\n        if obj then obj.interactable = false end\n    end\n\n    --Establish references to table parts\n    obj_leg1 = getObjectFromGUID(\"afc863\")\n    obj_leg2 = getObjectFromGUID(\"c8edca\")\n    obj_leg3 = getObjectFromGUID(\"393bf7\")\n    obj_leg4 = getObjectFromGUID(\"12c65e\")\n    obj_surface = getObjectFromGUID(\"4ee1f2\")\n    obj_side_top = getObjectFromGUID(\"35b95f\")\n    obj_side_bot = getObjectFromGUID(\"f938a2\")\n    obj_side_lef = getObjectFromGUID(\"9f95fd\")\n    obj_side_rig = getObjectFromGUID(\"5af8f2\")\n\n    controlActive = false\n    createOpenCloseButton()\nend\n\n\n\n--Activation/deactivation of control panel\n\n\n\n--Activated by clicking on\nfunction click_toggleControl(_, color)\n    if permissionCheck(color) then\n        if not controlActive then\n            --Activate control panel\n            controlActive = true\n            self.clearButtons()\n            createOpenCloseButton()\n            createSurfaceInput()\n            createSurfaceButtons()\n            createScaleInput()\n            createScaleButtons()\n        else\n            --Deactivate control panel\n            controlActive = false\n            self.clearButtons()\n            self.clearInputs()\n            createOpenCloseButton()\n\n        end\n    end\nend\n\n\n\n\n--Table surface control\n\n\n\n--Changes table surface\nfunction click_applySurface(_, color)\n    if permissionCheck(color) then\n        updateSurface()\n        broadcastToAll(\"New Table Image Applied\", {0.2,0.9,0.2})\n    end\nend\n\n--Saves table surface\nfunction click_saveSurface(_, color)\n    if permissionCheck(color) then\n        local nickname = self.getInputs()[1].value\n        local url = self.getInputs()[2].value\n        if nickname == \"\" then\n            --No nickname\n            broadcastToAll(\"Please supply a nickname for this save.\", {0.9,0.2,0.2})\n        else\n            --Nickname exists\n\n            if findInImageDataIndex(url, nickname) == nil then\n                --Save doesn't exist already\n                table.insert(tableImageData, {url=url, name=nickname})\n                broadcastToAll(\"Image URL saved to memory.\", {0.2,0.9,0.2})\n                --Refresh buttons\n                self.clearButtons()\n                createOpenCloseButton()\n                createSurfaceButtons()\n                createScaleButtons()\n            else\n                --Save exists already\n                broadcastToAll(\"Memory already contains a save with this Name or URL. Delete it first.\", {0.9,0.2,0.2})\n            end\n        end\n    end\nend\n\n--Loads table surface\nfunction click_loadMemory(_, color, index)\n    if permissionCheck(color) then\n        self.editInput({index=0, value=tableImageData[index].name})\n        self.editInput({index=1, value=tableImageData[index].url})\n        updateSurface()\n        broadcastToAll(\"Table Image Loaded\", {0.2,0.9,0.2})\n    end\nend\n\n--Deletes table surface\nfunction click_deleteMemory(_, color, index)\n    if permissionCheck(color) then\n        table.remove(tableImageData, index)\n        self.clearButtons()\n        createOpenCloseButton()\n        createSurfaceButtons()\n        createScaleButtons()\n        broadcastToAll(\"Element Removed from Memory\", {0.2,0.9,0.2})\n    end\nend\n\n--Updates surface from the values in the input field\nfunction updateSurface()\n    local customInfo = obj_surface.getCustomObject()\n    customInfo.diffuse = self.getInputs()[2].value\n    obj_surface.setCustomObject(customInfo)\n    obj_surface = obj_surface.reload()\nend\n\n\n\n--Table Scale control\n\n\n\n--Applies Scale to table pieces\nfunction click_applyScale(_, color)\n    if permissionCheck(color) then\n        local newWidth = tonumber(self.getInputs()[3].value)\n        local newDepth = tonumber(self.getInputs()[4].value)\n        if type(newWidth) ~= \"number\" then\n            broadcastToAll(\"Invalid Width\", {0.9,0.2,0.2})\n            return\n        elseif type(newDepth) ~= \"number\" then\n            broadcastToAll(\"Invalid Depth\", {0.9,0.2,0.2})\n            return\n        elseif newWidth<0.1 or newDepth<0.1 then\n            broadcastToAll(\"Scale cannot go below 0.1\", {0.9,0.2,0.2})\n            return\n        elseif newWidth>12 or newDepth>12 then\n            broadcastToAll(\"Scale should not go over 12 (world size limitation)\", {0.9,0.2,0.2})\n            return\n        else\n            changeTableScale(math.abs(newWidth), math.abs(newDepth))\n            broadcastToAll(\"Scale applied.\", {0.2,0.9,0.2})\n        end\n    end\nend\n\n--Checks/unchecks move box for hands\nfunction click_checkMove(_, color)\n    if permissionCheck(color) then\n        local find_func = function(o) return o.click_function==\"click_checkMove\" end\n        if checkData.move == true then\n            checkData.move = false\n            local buttonEntry = findButton(self, find_func)\n            self.editButton({index=buttonEntry.index, label=\"\"})\n        else\n            checkData.move = true\n            local buttonEntry = findButton(self, find_func)\n            self.editButton({index=buttonEntry.index, label=string.char(10008)})\n        end\n    end\nend\n\n--Checks/unchecks scale box for hands\n--This button was disabled for technical reasons\n--[[\nfunction click_checkScale(_, color)\n    if permissionCheck(color) then\n        local find_func = function(o) return o.click_function==\"click_checkScale\" end\n        if checkData.scale == true then\n            checkData.scale = false\n            local buttonEntry = findButton(self, find_func)\n            self.editButton({index=buttonEntry.index, label=\"\"})\n        else\n            checkData.scale = true\n            local buttonEntry = findButton(self, find_func)\n            self.editButton({index=buttonEntry.index, label=string.char(10008)})\n        end\n    end\nend\n]]\n\n--Alters scale of elements and moves them\nfunction changeTableScale(width, depth)\n    --Scaling factors used to translate scale to position offset\n    local width2pos = (width-1) * 18\n    local depth2pos = (depth-1) * 18\n\n    --Hand zone movement\n    if checkData.move == true then\n        for _, pc in ipairs(ref_playerColor) do\n            if Player[pc].getHandCount() > 0 then\n                moveHandZone(Player[pc], width2pos, depth2pos)\n            end\n        end\n    end\n    --Hand zone scaling\n    --The button to enable this was disabled for technical reasons\n    if checkData.scale == true then\n        for _, pc in ipairs(ref_playerColor) do\n            if Player[pc].getHandCount() > 0 then\n                scaleHandZone(Player[pc], width, depth)\n            end\n        end\n    end\n\n    --Resizing table elements\n    obj_side_top.setScale({width, 1, 1})\n    obj_side_bot.setScale({width, 1, 1})\n    obj_side_lef.setScale({depth, 1, 1})\n    obj_side_rig.setScale({depth, 1, 1})\n    obj_surface.setScale({width, 1, depth})\n\n    --Moving table elements to accomodate new scale\n    obj_side_lef.setPosition({-width2pos,tableHeightOffset,0})\n    obj_side_rig.setPosition({ width2pos,tableHeightOffset,0})\n    obj_side_top.setPosition({0,tableHeightOffset, depth2pos})\n    obj_side_bot.setPosition({0,tableHeightOffset,-depth2pos})\n    obj_leg1.setPosition({-width2pos,tableHeightOffset,-depth2pos})\n    obj_leg2.setPosition({-width2pos,tableHeightOffset, depth2pos})\n    obj_leg3.setPosition({ width2pos,tableHeightOffset, depth2pos})\n    obj_leg4.setPosition({ width2pos,tableHeightOffset,-depth2pos})\n    self.setPosition(obj_leg4.positionToWorld({-22.12, 8.74,-19.16}))\n    --Only enabled when changing tableHeightOffset\n    --obj_surface.setPosition({0,tableHeightOffset,0})\nend\n\n--Move hand zone, p=player reference, facts are scaling factors\nfunction moveHandZone(p, width2pos, depth2pos)\n    local widthX = obj_side_rig.getPosition().x\n    local depthZ = obj_side_top.getPosition().z\n    for i=1, p.getHandCount() do\n        local handT = p.getHandTransform()\n        local pos = handT.position\n        local y = handT.rotation.y\n\n        if y<45 or y>320 or y>135 and y<225 then\n            if pos.z > 0 then\n                pos.z = pos.z + depth2pos - depthZ\n            else\n                pos.z = pos.z - depth2pos + depthZ\n            end\n        else\n            if pos.x > 0 then\n                pos.x = pos.x + width2pos - widthX\n            else\n                pos.x = pos.x - width2pos + widthX\n            end\n        end\n\n        --Only enabled when changing tableHeightOffset\n        --pos.y = tableHeightOffset + 14\n\n        handT.position = pos\n        p.setHandTransform(handT, i)\n    end\nend\n\n\n---Scales hand zones, p=player reference, facts are scaling factors\nfunction scaleHandZone(p, width, depth)\n    local widthFact = width / obj_side_top.getScale().x\n    local depthFact = depth / obj_side_lef.getScale().x\n    for i=1, p.getHandCount() do\n        local handT = p.getHandTransform()\n        local scale = handT.scale\n        local y = handT.rotation.y\n        if y<45 or y>320 or y>135 and y<225 then\n            scale.x = scale.x * widthFact\n        else\n            scale.x = scale.x * depthFact\n        end\n        handT.scale = scale\n        p.setHandTransform(handT, i)\n    end\nend\n\n\n\n--Information gathering\n\n\n\n--Checks if a color is promoted or host\nfunction permissionCheck(color)\n    if Player[color].host==true or Player[color].promoted==true then\n        return true\n    else\n        return false\n    end\nend\n\n--Locates a string saved within memory file\nfunction findInImageDataIndex(...)\n    for _, str in ipairs({...}) do\n        for i, v in ipairs(tableImageData) do\n            if v.url == str or v.name == str then\n                return i\n            end\n        end\n    end\n    return nil\nend\n\n--Round number (num) to the Nth decimal (dec)\nfunction round(num, dec)\n  local mult = 10^(dec or 0)\n  return math.floor(num * mult + 0.5) / mult\nend\n\n--Locates a button with a helper function\nfunction findButton(obj, func)\n    if func==nil then error(\"No func supplied to findButton\") end\n    for _, v in ipairs(obj.getButtons()) do\n        if func(v) then\n            return v\n        end\n    end\n    return nil\nend\n\n\n\n--Creation of buttons/inputs\n\n\n\nfunction createOpenCloseButton()\n    local tooltip = \"Open Table Control Panel\"\n    if controlActive then\n        tooltip = \"Close Table Control Panel\"\n    end\n    self.createButton({\n        click_function=\"click_toggleControl\", function_owner=self,\n        position={0,0,0}, rotation={-45,0,0}, height=400, width=400,\n        color={1,1,1,0}, tooltip=tooltip\n    })\nend\n\nfunction createSurfaceInput()\n    local currentURL = obj_surface.getCustomObject().diffuse\n    local nickname = \"\"\n    if findInImageDataIndex(currentURL) ~= nil then\n        nickname = tableImageData[findInImageDataIndex(currentURL)].name\n    end\n    self.createInput({\n        label=\"Nickname\", input_function=\"none\", function_owner=self,\n        alignment=3, position={0,0,2}, height=224, width=4000,\n        font_size=200, tooltip=\"Enter nickname for table image (only used for save)\",\n        value=nickname\n    })\n    self.createInput({\n        label=\"URL\", input_function=\"none\", function_owner=self,\n        alignment=3, position={0,0,3}, height=224, width=4000,\n        font_size=200, tooltip=\"Enter URL for tabletop image\",\n        value=currentURL\n    })\nend\n\nfunction createSurfaceButtons()\n    --Label\n    self.createButton({\n        label=\"Tabletop Surface Image\", click_function=\"none\",\n        position={0,0,1}, height=0, width=0, font_size=300, font_color={1,1,1}\n    })\n    --Functional\n    self.createButton({\n        label=\"Apply Image\\nTo Table\", click_function=\"click_applySurface\",\n        function_owner=self, tooltip=\"Apply URL as table image\",\n        position={2,0,4}, height=440, width=1400, font_size=200,\n    })\n    self.createButton({\n        label=\"Save Image\\nTo Memory\", click_function=\"click_saveSurface\",\n        function_owner=self, tooltip=\"Record URL into memory (requires nickname)\",\n        position={-2,0,4}, height=440, width=1400, font_size=200,\n    })\n    --Label\n    self.createButton({\n        label=\"Load From Memory\", click_function=\"none\",\n        position={0,0,5.5}, height=0, width=0, font_size=300, font_color={1,1,1}\n    })\n    --Saves, created dynamically from memory file\n    for i, memoryEntry in ipairs(tableImageData) do\n        --Load\n        local funcName = i..\"loadMemory\"\n        local func = function(x,y) click_loadMemory(x,y,i) end\n        self.setVar(funcName, func)\n        self.createButton({\n            label=memoryEntry.name, click_function=funcName,\n            function_owner=self, tooltip=memoryEntry.url, font_size=200,\n            position={-0.6,0,6.5+0.5*(i-1)}, height=240, width=3300,\n        })\n        --Delete\n        local funcName = i..\"deleteMemory\"\n        local func = function(x,y) click_deleteMemory(x,y,i) end\n        self.setVar(funcName, func)\n        self.createButton({\n            label=\"DELETE\", click_function=funcName,\n            function_owner=self, tooltip=\"\",\n            position={3.6,0,6.5+0.5*(i-1)}, height=240, width=600,\n            font_size=160, font_color={1,0,0}, color={0.8,0.8,0.8}\n        })\n    end\nend\n\nfunction createScaleInput()\n    self.createInput({\n        label=string.char(8644), input_function=\"none\", function_owner=self,\n        alignment=3, position={-8.5,0,2}, height=224, width=400,\n        font_size=200, tooltip=\"Table Width\",\n        value=round(obj_side_top.getScale().x, 1)\n    })\n    self.createInput({\n        label=string.char(8645), input_function=\"none\", function_owner=self,\n        alignment=3, position={-7.5,0,2}, height=224, width=400,\n        font_size=200, tooltip=\"Table Depth\",\n        value=round(obj_side_lef.getScale().x, 1)\n    })\nend\n\nfunction createScaleButtons()\n    --Labels\n    self.createButton({\n        label=\"Table Scale\", click_function=\"none\",\n        position={-8,0,1}, height=0, width=0, font_size=300, font_color={1,1,1}\n    })\n    self.createButton({\n        label=string.char(8644)..\"            \"..string.char(8645),\n        click_function=\"none\",\n        position={-8,0,2}, height=0, width=0, font_size=300, font_color={1,1,1}\n    })\n    self.createButton({\n        label=\"Move Hands:\", click_function=\"none\",\n        position={-8.3,0,3}, height=0, width=0, font_size=200, font_color={1,1,1}\n    })\n    --Disabled due to me removing the feature for technical reasons\n    --[[\n    self.createButton({\n        label=\"Scale Hands:\", click_function=\"none\",\n        position={-8.3,0,4}, height=0, width=0, font_size=200, font_color={1,1,1}\n    })\n    ]]\n    --Checkboxes\n    local label = \"\"\n    if checkData.move == true then label = string.char(10008) end\n    self.createButton({\n        label=label, click_function=\"click_checkMove\",\n        function_owner=self, tooltip=\"Check to move hands when table is rescaled\",\n        position={-6.8,0,3}, height=224, width=224, font_size=200,\n    })\n    --[[\n    local label = \"\"\n    if checkData.scale == true then label = string.char(10008) end\n    self.createButton({\n        label=label, click_function=\"click_checkScale\",\n        function_owner=self, tooltip=\"Check to scale the width of hands when table is rescaled\",\n        position={-6.8,0,4}, height=224, width=224, font_size=200,\n    })\n    ]]\n    --Apply button\n    self.createButton({\n        label=\"Apply Scale\", click_function=\"click_applyScale\",\n        function_owner=self, tooltip=\"Apply width/depth to table\",\n        position={-8,0,4}, height=440, width=1400, font_size=200,\n    })\nend\n\n\n\n\n\n--Data tables\n\n\n\n\nref_noninteractable = {\n    \"afc863\",\"c8edca\",\"393bf7\",\"12c65e\",\"f938a2\",\"9f95fd\",\"35b95f\",\n    \"5af8f2\",\"4ee1f2\",\"bd69bd\"\n}\n\nref_playerColor = {\n    \"White\", \"Brown\", \"Red\", \"Orange\", \"Yellow\",\n    \"Green\", \"Teal\", \"Blue\", \"Purple\", \"Pink\", \"Black\"\n}\n\n--Dummy function, absorbs unwanted triggers\nfunction none() end\n",
      "LuaScriptState": "{\"cd\":{\"move\":true,\"scale\":false},\"tid\":[{\"name\":\"Felt - Green\",\"url\":\"https://i.imgur.com/eHXDjyy.jpg\"},{\"name\":\"Felt - Red\",\"url\":\"https://i.imgur.com/DbPelDi.jpg\"},{\"name\":\"Felt - Grey\",\"url\":\"https://i.imgur.com/N0O6aqj.jpg\"}]}",
      "XmlUI": ""
    },
    {
      "GUID": "f938a2",
      "Name": "Custom_Assetbundle",
      "Transform": {
        "posX": 0.0,
        "posY": -9.0,
        "posZ": 9.0,
        "rotX": -1.01777751E-13,
        "rotY": 0.0,
        "rotZ": 0.0,
        "scaleX": 0.5,
        "scaleY": 1.0,
        "scaleZ": 1.0
      },
      "Nickname": "",
      "Description": "",
      "GMNotes": "",
      "ColorDiffuse": {
        "r": 1.0,
        "g": 1.0,
        "b": 1.0
      },
      "LayoutGroupSortIndex": 0,
      "Value": 0,
      "Locked": true,
      "Grid": true,
      "Snap": true,
      "IgnoreFoW": false,
      "MeasureMovement": false,
      "DragSelectable": true,
      "Autoraise": true,
      "Sticky": true,
      "Tooltip": true,
      "GridProjection": false,
      "HideWhenFaceDown": false,
      "Hands": false,
      "CustomAssetbundle": {
        "AssetbundleURL": "http://cloud-3.steamusercontent.com/ugc/879750610978796471/14ED0DBD593370733A0309B0950004F33EB9FACA/",
        "AssetbundleSecondaryURL": "",
        "MaterialIndex": 1,
        "TypeIndex": 4,
        "LoopingEffectIndex": 0
      },
      "LuaScript": "",
      "LuaScriptState": "",
      "XmlUI": ""
    },
    {
      "GUID": "9f95fd",
      "Name": "Custom_Assetbundle",
      "Transform": {
        "posX": 9.0,
        "posY": -9.0,
        "posZ": 0.0,
        "rotX": 0.0,
        "rotY": 90.0,
        "rotZ": 0.0,
        "scaleX": 0.5,
        "scaleY": 1.0,
        "scaleZ": 1.0
      },
      "Nickname": "",
      "Description": "",
      "GMNotes": "",
      "ColorDiffuse": {
        "r": 1.0,
        "g": 1.0,
        "b": 1.0
      },
      "LayoutGroupSortIndex": 0,
      "Value": 0,
      "Locked": true,
      "Grid": true,
      "Snap": true,
      "IgnoreFoW": false,
      "MeasureMovement": false,
      "DragSelectable": true,
      "Autoraise": true,
      "Sticky": true,
      "Tooltip": true,
      "GridProjection": false,
      "HideWhenFaceDown": false,
      "Hands": false,
      "CustomAssetbundle": {
        "AssetbundleURL": "http://cloud-3.steamusercontent.com/ugc/879750610978796471/14ED0DBD593370733A0309B0950004F33EB9FACA/",
        "AssetbundleSecondaryURL": "",
        "MaterialIndex": 1,
        "TypeIndex": 4,
        "LoopingEffectIndex": 0
      },
      "LuaScript": "",
      "LuaScriptState": "",
      "XmlUI": ""
    },
    {
      "GUID": "35b95f",
      "Name": "Custom_Assetbundle",
      "Transform": {
        "posX": 0.0,
        "posY": -9.0,
        "posZ": -9.0,
        "rotX": -1.01777751E-13,
        "rotY": 180.0,
        "rotZ": 0.0,
        "scaleX": 0.5,
        "scaleY": 1.0,
        "scaleZ": 1.0
      },
      "Nickname": "",
      "Description": "",
      "GMNotes": "",
      "ColorDiffuse": {
        "r": 1.0,
        "g": 1.0,
        "b": 1.0
      },
      "LayoutGroupSortIndex": 0,
      "Value": 0,
      "Locked": true,
      "Grid": true,
      "Snap": true,
      "IgnoreFoW": false,
      "MeasureMovement": false,
      "DragSelectable": true,
      "Autoraise": true,
      "Sticky": true,
      "Tooltip": true,
      "GridProjection": false,
      "HideWhenFaceDown": false,
      "Hands": false,
      "CustomAssetbundle": {
        "AssetbundleURL": "http://cloud-3.steamusercontent.com/ugc/879750610978796471/14ED0DBD593370733A0309B0950004F33EB9FACA/",
        "AssetbundleSecondaryURL": "",
        "MaterialIndex": 1,
        "TypeIndex": 4,
        "LoopingEffectIndex": 0
      },
      "LuaScript": "",
      "LuaScriptState": "",
      "XmlUI": ""
    },
    {
      "GUID": "5af8f2",
      "Name": "Custom_Assetbundle",
      "Transform": {
        "posX": -9.0,
        "posY": -9.0,
        "posZ": 0.0,
        "rotX": 0.0,
        "rotY": 270.0,
        "rotZ": 0.0,
        "scaleX": 0.5,
        "scaleY": 1.0,
        "scaleZ": 1.0
      },
      "Nickname": "",
      "Description": "",
      "GMNotes": "",
      "ColorDiffuse": {
        "r": 1.0,
        "g": 1.0,
        "b": 1.0
      },
      "LayoutGroupSortIndex": 0,
      "Value": 0,
      "Locked": true,
      "Grid": true,
      "Snap": true,
      "IgnoreFoW": false,
      "MeasureMovement": false,
      "DragSelectable": true,
      "Autoraise": true,
      "Sticky": true,
      "Tooltip": true,
      "GridProjection": false,
      "HideWhenFaceDown": false,
      "Hands": false,
      "CustomAssetbundle": {
        "AssetbundleURL": "http://cloud-3.steamusercontent.com/ugc/879750610978796471/14ED0DBD593370733A0309B0950004F33EB9FACA/",
        "AssetbundleSecondaryURL": "",
        "MaterialIndex": 1,
        "TypeIndex": 4,
        "LoopingEffectIndex": 0
      },
      "LuaScript": "",
      "LuaScriptState": "",
      "XmlUI": ""
    },
    {
      "GUID": "4ee1f2",
      "Name": "Custom_Model",
      "Transform": {
        "posX": 0.0,
        "posY": -9.0,
        "posZ": 0.0,
        "rotX": 359.983124,
        "rotY": -0.00189453643,
        "rotZ": 359.920135,
        "scaleX": 0.5,
        "scaleY": 1.0,
        "scaleZ": 0.5
      },
      "Nickname": "",
      "Description": "",
      "GMNotes": "",
      "ColorDiffuse": {
        "r": 1.0,
        "g": 1.0,
        "b": 1.0
      },
      "LayoutGroupSortIndex": 0,
      "Value": 0,
      "Locked": true,
      "Grid": true,
      "Snap": true,
      "IgnoreFoW": false,
      "MeasureMovement": false,
      "DragSelectable": true,
      "Autoraise": true,
      "Sticky": true,
      "Tooltip": true,
      "GridProjection": true,
      "HideWhenFaceDown": false,
      "Hands": false,
      "CustomMesh": {
        "MeshURL": "http://cloud-3.steamusercontent.com/ugc/879750610978796176/4A5A65543B98BCFBF57E910D06EC984208223D38/",
        "DiffuseURL": "https://i.imgur.com/N0O6aqj.jpg",
        "NormalURL": "",
        "ColliderURL": "",
        "Convex": true,
        "MaterialIndex": 1,
        "TypeIndex": 4,
        "CustomShader": {
          "SpecularColor": {
            "r": 1.0,
            "g": 1.0,
            "b": 1.0
          },
          "SpecularIntensity": 0.0,
          "SpecularSharpness": 2.0,
          "FresnelStrength": 0.0
        },
        "CastShadows": true
      },
      "LuaScript": "",
      "LuaScriptState": "",
      "XmlUI": ""
    },
    {
      "GUID": "84915e",
      "Name": "Custom_Model",
      "Transform": {
        "posX": 4.982893,
        "posY": 1.48907733,
        "posZ": 2.99104142,
        "rotX": 0.0168690439,
        "rotY": 180.000046,
        "rotZ": 0.07987878,
        "scaleX": 0.950000048,
        "scaleY": 0.950000048,
        "scaleZ": 0.950000048
      },
      "Nickname": "Grey Knight Warrior",
      "Description": "",
      "GMNotes": "",
      "ColorDiffuse": {
        "r": 0.9999998,
        "g": 0.992160261,
        "b": 0.9999998
      },
      "LayoutGroupSortIndex": 0,
      "Value": 0,
      "Locked": false,
      "Grid": true,
      "Snap": true,
      "IgnoreFoW": false,
      "MeasureMovement": false,
      "DragSelectable": true,
      "Autoraise": true,
      "Sticky": true,
      "Tooltip": true,
      "GridProjection": false,
      "HideWhenFaceDown": false,
      "Hands": false,
      "CustomMesh": {
        "MeshURL": "http://cloud-3.steamusercontent.com/ugc/80340220917312769/D6436AEAE319111FEA8C27D3B53D5CEEBE6FF8EC/",
        "DiffuseURL": "http://cloud-3.steamusercontent.com/ugc/787504189454034548/09482FCD3F7F6FF1ABEF82C48722862621703B9F/",
        "NormalURL": "",
        "ColliderURL": "http://cloud-3.steamusercontent.com/ugc/787504189454001135/584FB18C497C094EB730BFC3AC416126ED9E924B/",
        "Convex": true,
        "MaterialIndex": 3,
        "TypeIndex": 0,
        "CastShadows": true
      },
      "LuaScript": "",
      "LuaScriptState": "",
      "XmlUI": ""
    },
    {
      "GUID": "ce3446",
      "Name": "Custom_Model",
      "Transform": {
        "posX": 2.98379374,
        "posY": 1.49055815,
        "posZ": 0.9915109,
        "rotX": 0.016912451,
        "rotY": 179.975708,
        "rotZ": 0.07986053,
        "scaleX": 0.9000001,
        "scaleY": 0.9000001,
        "scaleZ": 0.9000001
      },
      "Nickname": "Grey Knight Warrior",
      "Description": "",
      "GMNotes": "",
      "ColorDiffuse": {
        "r": 0.9999998,
        "g": 0.992160261,
        "b": 0.9999998
      },
      "LayoutGroupSortIndex": 0,
      "Value": 0,
      "Locked": false,
      "Grid": true,
      "Snap": true,
      "IgnoreFoW": false,
      "MeasureMovement": false,
      "DragSelectable": true,
      "Autoraise": true,
      "Sticky": false,
      "Tooltip": true,
      "GridProjection": false,
      "HideWhenFaceDown": false,
      "Hands": false,
      "CustomMesh": {
        "MeshURL": "http://cloud-3.steamusercontent.com/ugc/769478917104653300/9508C94B27D46EC35275AF9800865652BAD0A7E8/",
        "DiffuseURL": "http://cloud-3.steamusercontent.com/ugc/787504189454034653/176F85AC6CCB7CAEF6BAB47E4232891B793D05B8/",
        "NormalURL": "",
        "ColliderURL": "http://cloud-3.steamusercontent.com/ugc/787504189454001135/584FB18C497C094EB730BFC3AC416126ED9E924B/",
        "Convex": true,
        "MaterialIndex": 3,
        "TypeIndex": 0,
        "CustomShader": {
          "SpecularColor": {
            "r": 1.0,
            "g": 1.0,
            "b": 1.0
          },
          "SpecularIntensity": 0.0,
          "SpecularSharpness": 2.0,
          "FresnelStrength": 0.0
        },
        "CastShadows": true
      },
      "LuaScript": "",
      "LuaScriptState": "",
      "XmlUI": ""
    },
    {
      "GUID": "5ebbb5",
      "Name": "Custom_Model",
      "Transform": {
        "posX": 4.98289061,
        "posY": 1.48848879,
        "posZ": 0.991029263,
        "rotX": 0.01692742,
        "rotY": 179.968857,
        "rotZ": 0.07985509,
        "scaleX": 0.950000048,
        "scaleY": 0.950000048,
        "scaleZ": 0.950000048
      },
      "Nickname": "Grey Knight Warrior",
      "Description": "",
      "GMNotes": "",
      "ColorDiffuse": {
        "r": 0.9999998,
        "g": 0.992160261,
        "b": 0.9999998
      },
      "LayoutGroupSortIndex": 0,
      "Value": 0,
      "Locked": false,
      "Grid": true,
      "Snap": true,
      "IgnoreFoW": false,
      "MeasureMovement": false,
      "DragSelectable": true,
      "Autoraise": true,
      "Sticky": true,
      "Tooltip": true,
      "GridProjection": false,
      "HideWhenFaceDown": false,
      "Hands": false,
      "CustomMesh": {
        "MeshURL": "http://cloud-3.steamusercontent.com/ugc/769478917104898337/EE28FC09D26FB7C4E29B9ADD03F54E5DA01613AC/",
        "DiffuseURL": "http://cloud-3.steamusercontent.com/ugc/769478917104723809/7C65BAE2DD1DB4933ED26A659B6F860FFEE0A455/",
        "NormalURL": "",
        "ColliderURL": "http://cloud-3.steamusercontent.com/ugc/787504189454001135/584FB18C497C094EB730BFC3AC416126ED9E924B/",
        "Convex": true,
        "MaterialIndex": 3,
        "TypeIndex": 0,
        "CustomShader": {
          "SpecularColor": {
            "r": 1.0,
            "g": 1.0,
            "b": 1.0
          },
          "SpecularIntensity": 0.0,
          "SpecularSharpness": 2.0,
          "FresnelStrength": 0.0
        },
        "CastShadows": true
      },
      "LuaScript": "",
      "LuaScriptState": "",
      "XmlUI": ""
    },
    {
      "GUID": "e38a84",
      "Name": "Custom_Model",
      "Transform": {
        "posX": 2.98288727,
        "posY": 1.49186563,
        "posZ": 2.991042,
        "rotX": 0.0168442875,
        "rotY": 180.001175,
        "rotZ": 0.07990307,
        "scaleX": 0.950000048,
        "scaleY": 0.950000048,
        "scaleZ": 0.950000048
      },
      "Nickname": "Grey Knight Warrior",
      "Description": "",
      "GMNotes": "",
      "ColorDiffuse": {
        "r": 0.9999998,
        "g": 0.992160261,
        "b": 0.9999998
      },
      "LayoutGroupSortIndex": 0,
      "Value": 0,
      "Locked": false,
      "Grid": true,
      "Snap": true,
      "IgnoreFoW": false,
      "MeasureMovement": false,
      "DragSelectable": true,
      "Autoraise": true,
      "Sticky": true,
      "Tooltip": true,
      "GridProjection": false,
      "HideWhenFaceDown": false,
      "Hands": false,
      "CustomMesh": {
        "MeshURL": "http://cloud-3.steamusercontent.com/ugc/80340220917312299/5D893AAB99B17629CA2C123BC7F6408EA8BCC6C5/",
        "DiffuseURL": "http://cloud-3.steamusercontent.com/ugc/787504189454034548/09482FCD3F7F6FF1ABEF82C48722862621703B9F/",
        "NormalURL": "",
        "ColliderURL": "http://cloud-3.steamusercontent.com/ugc/787504189454001135/584FB18C497C094EB730BFC3AC416126ED9E924B/",
        "Convex": true,
        "MaterialIndex": 3,
        "TypeIndex": 0,
        "CastShadows": true
      },
      "LuaScript": "",
      "LuaScriptState": "",
      "XmlUI": ""
    },
    {
      "GUID": "a9bb1d",
      "Name": "Custom_Model",
      "Transform": {
        "posX": -1.00642776,
        "posY": 1.49683738,
        "posZ": 0.9860676,
        "rotX": 0.08153345,
        "rotY": 104.999435,
        "rotZ": 0.0044001434,
        "scaleX": 0.950000048,
        "scaleY": 0.950000048,
        "scaleZ": 0.950000048
      },
      "Nickname": "Grey Knight Gunner",
      "Description": "",
      "GMNotes": "",
      "ColorDiffuse": {
        "r": 0.9999998,
        "g": 0.992160261,
        "b": 0.9999998
      },
      "LayoutGroupSortIndex": 0,
      "Value": 0,
      "Locked": false,
      "Grid": true,
      "Snap": true,
      "IgnoreFoW": false,
      "MeasureMovement": false,
      "DragSelectable": true,
      "Autoraise": true,
      "Sticky": false,
      "Tooltip": true,
      "GridProjection": false,
      "HideWhenFaceDown": false,
      "Hands": false,
      "CustomMesh": {
        "MeshURL": "http://cloud-3.steamusercontent.com/ugc/769478917104828767/45B0730D0208BE1394505DD61CA79C85F4B9A134/",
        "DiffuseURL": "http://cloud-3.steamusercontent.com/ugc/787504189454034653/176F85AC6CCB7CAEF6BAB47E4232891B793D05B8/",
        "NormalURL": "",
        "ColliderURL": "http://cloud-3.steamusercontent.com/ugc/787504189454001135/584FB18C497C094EB730BFC3AC416126ED9E924B/",
        "Convex": true,
        "MaterialIndex": 3,
        "TypeIndex": 0,
        "CustomShader": {
          "SpecularColor": {
            "r": 1.0,
            "g": 1.0,
            "b": 1.0
          },
          "SpecularIntensity": 0.0,
          "SpecularSharpness": 2.0,
          "FresnelStrength": 0.0
        },
        "CastShadows": true
      },
      "LuaScript": "",
      "LuaScriptState": "",
      "XmlUI": ""
    },
    {
      "GUID": "283fcd",
      "Name": "Custom_Model",
      "Transform": {
        "posX": 2.98344254,
        "posY": 1.48902249,
        "posZ": -3.00607181,
        "rotX": -0.00434263237,
        "rotY": 194.978363,
        "rotZ": 0.081525974,
        "scaleX": 0.8750001,
        "scaleY": 0.8750001,
        "scaleZ": 0.8750001
      },
      "Nickname": "Grey Knight Justicar",
      "Description": "",
      "GMNotes": "",
      "ColorDiffuse": {
        "r": 0.9999998,
        "g": 0.992160261,
        "b": 0.9999998
      },
      "LayoutGroupSortIndex": 0,
      "Value": 0,
      "Locked": false,
      "Grid": true,
      "Snap": true,
      "IgnoreFoW": false,
      "MeasureMovement": false,
      "DragSelectable": true,
      "Autoraise": true,
      "Sticky": true,
      "Tooltip": true,
      "GridProjection": false,
      "HideWhenFaceDown": false,
      "Hands": false,
      "CustomMesh": {
        "MeshURL": "http://cloud-3.steamusercontent.com/ugc/769478917104738025/FA4CC44CB895C7F465068685F4666D2F9D747D59/",
        "DiffuseURL": "http://cloud-3.steamusercontent.com/ugc/769478917104738460/D0E47377D32DA94D06E47036C335A4679604BBAA/",
        "NormalURL": "",
        "ColliderURL": "http://cloud-3.steamusercontent.com/ugc/787504189454001135/584FB18C497C094EB730BFC3AC416126ED9E924B/",
        "Convex": true,
        "MaterialIndex": 3,
        "TypeIndex": 0,
        "CustomShader": {
          "SpecularColor": {
            "r": 1.0,
            "g": 1.0,
            "b": 1.0
          },
          "SpecularIntensity": 0.0,
          "SpecularSharpness": 2.0,
          "FresnelStrength": 0.0
        },
        "CastShadows": true
      },
      "LuaScript": "",
      "LuaScriptState": "",
      "XmlUI": ""
    },
    {
      "GUID": "cf35c2",
      "Name": "Custom_Model",
      "Transform": {
        "posX": -1.01656747,
        "posY": 1.49459922,
        "posZ": -3.00606728,
        "rotX": -0.004362749,
        "rotY": 194.994308,
        "rotZ": 0.0815255344,
        "scaleX": 0.8750001,
        "scaleY": 0.8750001,
        "scaleZ": 0.8750001
      },
      "Nickname": "Grey Knight Justicar",
      "Description": "",
      "GMNotes": "",
      "ColorDiffuse": {
        "r": 0.9999998,
        "g": 0.992160261,
        "b": 0.9999998
      },
      "LayoutGroupSortIndex": 0,
      "Value": 0,
      "Locked": false,
      "Grid": true,
      "Snap": true,
      "IgnoreFoW": false,
      "MeasureMovement": false,
      "DragSelectable": true,
      "Autoraise": true,
      "Sticky": true,
      "Tooltip": true,
      "GridProjection": false,
      "HideWhenFaceDown": false,
      "Hands": false,
      "CustomMesh": {
        "MeshURL": "http://cloud-3.steamusercontent.com/ugc/80340220917317388/E97F78AD4462423C084D363078D6F65199C5AA05/",
        "DiffuseURL": "http://cloud-3.steamusercontent.com/ugc/787504189454034438/545E9D98EC18EC1A3C89EFC01499B3AC28363B70/",
        "NormalURL": "",
        "ColliderURL": "http://cloud-3.steamusercontent.com/ugc/787504189454001135/584FB18C497C094EB730BFC3AC416126ED9E924B/",
        "Convex": true,
        "MaterialIndex": 3,
        "TypeIndex": 0,
        "CastShadows": true
      },
      "LuaScript": "",
      "LuaScriptState": "",
      "XmlUI": ""
    },
    {
      "GUID": "7e68cc",
      "Name": "Custom_Model",
      "Transform": {
        "posX": 0.985570967,
        "posY": 1.4918071,
        "posZ": -3.01016235,
        "rotX": 0.0370166525,
        "rotY": 164.969284,
        "rotZ": 0.07276838,
        "scaleX": 0.8750001,
        "scaleY": 0.8750001,
        "scaleZ": 0.8750001
      },
      "Nickname": "Grey Knight Justicar",
      "Description": "",
      "GMNotes": "",
      "ColorDiffuse": {
        "r": 0.9999998,
        "g": 0.992160261,
        "b": 0.9999998
      },
      "LayoutGroupSortIndex": 0,
      "Value": 0,
      "Locked": false,
      "Grid": true,
      "Snap": true,
      "IgnoreFoW": false,
      "MeasureMovement": false,
      "DragSelectable": true,
      "Autoraise": true,
      "Sticky": true,
      "Tooltip": true,
      "GridProjection": false,
      "HideWhenFaceDown": false,
      "Hands": false,
      "CustomMesh": {
        "MeshURL": "http://cloud-3.steamusercontent.com/ugc/769478917104648726/5A0B7FA4EC7B7C12A8D4863C8700A1B3539B4163/",
        "DiffuseURL": "http://cloud-3.steamusercontent.com/ugc/787504189454034653/176F85AC6CCB7CAEF6BAB47E4232891B793D05B8/",
        "NormalURL": "",
        "ColliderURL": "http://cloud-3.steamusercontent.com/ugc/787504189454001135/584FB18C497C094EB730BFC3AC416126ED9E924B/",
        "Convex": true,
        "MaterialIndex": 3,
        "TypeIndex": 0,
        "CustomShader": {
          "SpecularColor": {
            "r": 1.0,
            "g": 1.0,
            "b": 1.0
          },
          "SpecularIntensity": 0.0,
          "SpecularSharpness": 2.0,
          "FresnelStrength": 0.0
        },
        "CastShadows": true
      },
      "LuaScript": "",
      "LuaScriptState": "",
      "XmlUI": ""
    },
    {
      "GUID": "c40f69",
      "Name": "Custom_Model",
      "Transform": {
        "posX": -3.00405669,
        "posY": 1.49962211,
        "posZ": 0.9869341,
        "rotX": 0.07988263,
        "rotY": 89.99864,
        "rotZ": 359.983124,
        "scaleX": 0.950000048,
        "scaleY": 0.950000048,
        "scaleZ": 0.950000048
      },
      "Nickname": "Grey Knight Gunner",
      "Description": "",
      "GMNotes": "",
      "ColorDiffuse": {
        "r": 0.9999998,
        "g": 0.992160261,
        "b": 0.9999998
      },
      "LayoutGroupSortIndex": 0,
      "Value": 0,
      "Locked": false,
      "Grid": true,
      "Snap": true,
      "IgnoreFoW": false,
      "MeasureMovement": false,
      "DragSelectable": true,
      "Autoraise": true,
      "Sticky": false,
      "Tooltip": true,
      "GridProjection": false,
      "HideWhenFaceDown": false,
      "Hands": false,
      "CustomMesh": {
        "MeshURL": "http://cloud-3.steamusercontent.com/ugc/769478917104830350/2A1C07F43295F50F9D9571F49A3AFDB2275DD284/",
        "DiffuseURL": "http://cloud-3.steamusercontent.com/ugc/787504189454034653/176F85AC6CCB7CAEF6BAB47E4232891B793D05B8/",
        "NormalURL": "",
        "ColliderURL": "http://cloud-3.steamusercontent.com/ugc/787504189454001135/584FB18C497C094EB730BFC3AC416126ED9E924B/",
        "Convex": true,
        "MaterialIndex": 3,
        "TypeIndex": 0,
        "CustomShader": {
          "SpecularColor": {
            "r": 1.0,
            "g": 1.0,
            "b": 1.0
          },
          "SpecularIntensity": 0.0,
          "SpecularSharpness": 2.0,
          "FresnelStrength": 0.0
        },
        "CastShadows": true
      },
      "LuaScript": "",
      "LuaScriptState": "",
      "XmlUI": ""
    },
    {
      "GUID": "e17455",
      "Name": "Custom_Model",
      "Transform": {
        "posX": -3.01621652,
        "posY": 1.49774528,
        "posZ": -3.0084877,
        "rotX": 0.0168557484,
        "rotY": 180.004639,
        "rotZ": 0.07989607,
        "scaleX": 0.900000036,
        "scaleY": 0.900000036,
        "scaleZ": 0.900000036
      },
      "Nickname": "Grey Knight Justicar",
      "Description": "",
      "GMNotes": "",
      "ColorDiffuse": {
        "r": 0.9999998,
        "g": 0.992160261,
        "b": 0.9999998
      },
      "LayoutGroupSortIndex": 0,
      "Value": 0,
      "Locked": false,
      "Grid": true,
      "Snap": true,
      "IgnoreFoW": false,
      "MeasureMovement": false,
      "DragSelectable": true,
      "Autoraise": true,
      "Sticky": true,
      "Tooltip": true,
      "GridProjection": false,
      "HideWhenFaceDown": false,
      "Hands": false,
      "CustomMesh": {
        "MeshURL": "http://cloud-3.steamusercontent.com/ugc/80340220917317930/F1A8D14DE33A6694422A587CE51D583E75754E1F/",
        "DiffuseURL": "http://cloud-3.steamusercontent.com/ugc/787504189454034438/545E9D98EC18EC1A3C89EFC01499B3AC28363B70/",
        "NormalURL": "",
        "ColliderURL": "http://cloud-3.steamusercontent.com/ugc/787504189454001135/584FB18C497C094EB730BFC3AC416126ED9E924B/",
        "Convex": true,
        "MaterialIndex": 3,
        "TypeIndex": 0,
        "CastShadows": true
      },
      "LuaScript": "",
      "LuaScriptState": "",
      "XmlUI": ""
    },
    {
      "GUID": "9d6796",
      "Name": "Custom_Model",
      "Transform": {
        "posX": -5.000041,
        "posY": 1.50240874,
        "posZ": 1.00000608,
        "rotX": 0.08151728,
        "rotY": 104.991547,
        "rotZ": 0.00435435353,
        "scaleX": 0.950000048,
        "scaleY": 0.950000048,
        "scaleZ": 0.950000048
      },
      "Nickname": "Grey Knight Gunner",
      "Description": "",
      "GMNotes": "",
      "ColorDiffuse": {
        "r": 0.9999998,
        "g": 0.992160261,
        "b": 0.9999998
      },
      "LayoutGroupSortIndex": 0,
      "Value": 0,
      "Locked": false,
      "Grid": true,
      "Snap": true,
      "IgnoreFoW": false,
      "MeasureMovement": false,
      "DragSelectable": true,
      "Autoraise": true,
      "Sticky": false,
      "Tooltip": true,
      "GridProjection": false,
      "HideWhenFaceDown": false,
      "Hands": false,
      "CustomMesh": {
        "MeshURL": "http://cloud-3.steamusercontent.com/ugc/769478917104830985/3B389722CD579D122AA856C13A7A4B13C78E1628/",
        "DiffuseURL": "http://cloud-3.steamusercontent.com/ugc/787504189454034653/176F85AC6CCB7CAEF6BAB47E4232891B793D05B8/",
        "NormalURL": "",
        "ColliderURL": "http://cloud-3.steamusercontent.com/ugc/787504189454001135/584FB18C497C094EB730BFC3AC416126ED9E924B/",
        "Convex": true,
        "MaterialIndex": 3,
        "TypeIndex": 0,
        "CustomShader": {
          "SpecularColor": {
            "r": 1.0,
            "g": 1.0,
            "b": 1.0
          },
          "SpecularIntensity": 0.0,
          "SpecularSharpness": 2.0,
          "FresnelStrength": 0.0
        },
        "CastShadows": true
      },
      "LuaScript": "",
      "LuaScriptState": "",
      "XmlUI": ""
    }
  ]
}