{
  "SaveName": "Drukhari",
  "EpochTime": 1629810888,
  "Date": "8/24/2021 9:14:48 AM",
  "VersionNumber": "v13.1.1",
  "GameMode": "Flex Table",
  "GameType": "",
  "GameComplexity": "",
  "Tags": [],
  "Gravity": 0.5,
  "PlayArea": 0.5,
  "Table": "Table_None",
  "Sky": "Sky_Museum",
  "Note": "",
  "TabStates": {
    "0": {
      "title": "Rules",
      "body": "",
      "color": "Grey",
      "visibleColor": {
        "r": 0.5,
        "g": 0.5,
        "b": 0.5
      },
      "id": 0
    },
    "1": {
      "title": "White",
      "body": "",
      "color": "White",
      "visibleColor": {
        "r": 1.0,
        "g": 1.0,
        "b": 1.0
      },
      "id": 1
    },
    "2": {
      "title": "Brown",
      "body": "",
      "color": "Brown",
      "visibleColor": {
        "r": 0.443,
        "g": 0.231,
        "b": 0.09
      },
      "id": 2
    },
    "3": {
      "title": "Red",
      "body": "",
      "color": "Red",
      "visibleColor": {
        "r": 0.856,
        "g": 0.1,
        "b": 0.094
      },
      "id": 3
    },
    "4": {
      "title": "Orange",
      "body": "",
      "color": "Orange",
      "visibleColor": {
        "r": 0.956,
        "g": 0.392,
        "b": 0.113
      },
      "id": 4
    },
    "5": {
      "title": "Yellow",
      "body": "",
      "color": "Yellow",
      "visibleColor": {
        "r": 0.905,
        "g": 0.898,
        "b": 0.172
      },
      "id": 5
    },
    "6": {
      "title": "Green",
      "body": "",
      "color": "Green",
      "visibleColor": {
        "r": 0.192,
        "g": 0.701,
        "b": 0.168
      },
      "id": 6
    },
    "7": {
      "title": "Blue",
      "body": "",
      "color": "Blue",
      "visibleColor": {
        "r": 0.118,
        "g": 0.53,
        "b": 1.0
      },
      "id": 7
    },
    "8": {
      "title": "Teal",
      "body": "",
      "color": "Teal",
      "visibleColor": {
        "r": 0.129,
        "g": 0.694,
        "b": 0.607
      },
      "id": 8
    },
    "9": {
      "title": "Purple",
      "body": "",
      "color": "Purple",
      "visibleColor": {
        "r": 0.627,
        "g": 0.125,
        "b": 0.941
      },
      "id": 9
    },
    "10": {
      "title": "Pink",
      "body": "",
      "color": "Pink",
      "visibleColor": {
        "r": 0.96,
        "g": 0.439,
        "b": 0.807
      },
      "id": 10
    },
    "11": {
      "title": "Black",
      "body": "",
      "color": "Black",
      "visibleColor": {
        "r": 0.25,
        "g": 0.25,
        "b": 0.25
      },
      "id": 11
    }
  },
  "MusicPlayer": {
    "RepeatSong": false,
    "PlaylistEntry": 0,
    "CurrentAudioTitle": "Alien Theme",
    "CurrentAudioURL": "http://cloud-3.steamusercontent.com/ugc/793117274870675404/6DDF8D1FD55F3D176CDEE90085C2900CFCB2DCF6/",
    "AudioLibrary": [
      {
        "Item1": "http://cloud-3.steamusercontent.com/ugc/793117274870675404/6DDF8D1FD55F3D176CDEE90085C2900CFCB2DCF6/",
        "Item2": "Alien Theme"
      }
    ]
  },
  "Grid": {
    "Type": 0,
    "Lines": true,
    "Color": {
      "r": 0.0,
      "g": 0.0,
      "b": 0.0
    },
    "Opacity": 1.0,
    "ThickLines": true,
    "Snapping": false,
    "Offset": true,
    "BothSnapping": false,
    "xSize": 2.0,
    "ySize": 2.0,
    "PosOffset": {
      "x": 0.0,
      "y": 1.0,
      "z": 0.0
    }
  },
  "Lighting": {
    "LightIntensity": 0.30000028,
    "LightColor": {
      "r": 1.0,
      "g": 0.9804,
      "b": 0.8902
    },
    "AmbientIntensity": 1.3,
    "AmbientType": 0,
    "AmbientSkyColor": {
      "r": 0.5,
      "g": 0.5,
      "b": 0.5
    },
    "AmbientEquatorColor": {
      "r": 0.5,
      "g": 0.5,
      "b": 0.5
    },
    "AmbientGroundColor": {
      "r": 0.5,
      "g": 0.5,
      "b": 0.5
    },
    "ReflectionIntensity": 1.0,
    "LutIndex": 0,
    "LutContribution": 1.0,
    "LutURL": ""
  },
  "Hands": {
    "Enable": true,
    "DisableUnused": false,
    "Hiding": 0
  },
  "ComponentTags": {
    "labels": []
  },
  "Turns": {
    "Enable": false,
    "Type": 0,
    "TurnOrder": [],
    "Reverse": false,
    "SkipEmpty": false,
    "DisableInteractions": false,
    "PassTurns": true,
    "TurnColor": ""
  },
  "DecalPallet": [],
  "LuaScript": "--",
  "LuaScriptState": "",
  "XmlUI": "<!-- Xml UI. See documentation: https://api.tabletopsimulator.com/ui/introUI/ -->",
  "ObjectStates": [
    {
      "GUID": "928e54",
      "Name": "HandTrigger",
      "Transform": {
        "posX": 0.0,
        "posY": 5.0,
        "posZ": -12.549984,
        "rotX": 0.0,
        "rotY": 0.0,
        "rotZ": 0.0,
        "scaleX": 11.8350019,
        "scaleY": 7.002465,
        "scaleZ": 4.04115963
      },
      "Nickname": "",
      "Description": "",
      "GMNotes": "",
      "ColorDiffuse": {
        "r": 1.0,
        "g": 1.0,
        "b": 1.0,
        "a": 0.0
      },
      "LayoutGroupSortIndex": 0,
      "Value": 0,
      "Locked": true,
      "Grid": false,
      "Snap": true,
      "IgnoreFoW": false,
      "MeasureMovement": false,
      "DragSelectable": true,
      "Autoraise": true,
      "Sticky": true,
      "Tooltip": true,
      "GridProjection": false,
      "HideWhenFaceDown": false,
      "Hands": false,
      "FogColor": "White",
      "LuaScript": "",
      "LuaScriptState": "",
      "XmlUI": ""
    },
    {
      "GUID": "d03407",
      "Name": "HandTrigger",
      "Transform": {
        "posX": -19.75,
        "posY": 5.0,
        "posZ": 0.0,
        "rotX": 0.0,
        "rotY": 90.0,
        "rotZ": 0.0,
        "scaleX": 11.74445,
        "scaleY": 7.0,
        "scaleZ": 4.08282375
      },
      "Nickname": "",
      "Description": "",
      "GMNotes": "",
      "ColorDiffuse": {
        "r": 0.856,
        "g": 0.09999997,
        "b": 0.09399996,
        "a": 0.0
      },
      "LayoutGroupSortIndex": 0,
      "Value": 0,
      "Locked": true,
      "Grid": false,
      "Snap": true,
      "IgnoreFoW": false,
      "MeasureMovement": false,
      "DragSelectable": true,
      "Autoraise": true,
      "Sticky": true,
      "Tooltip": true,
      "GridProjection": false,
      "HideWhenFaceDown": false,
      "Hands": false,
      "FogColor": "Red",
      "LuaScript": "",
      "LuaScriptState": "",
      "XmlUI": ""
    },
    {
      "GUID": "4ba445",
      "Name": "HandTrigger",
      "Transform": {
        "posX": 0.0,
        "posY": 5.0,
        "posZ": 12.549984,
        "rotX": 0.0,
        "rotY": 180.0,
        "rotZ": 0.0,
        "scaleX": 11.8350019,
        "scaleY": 7.0,
        "scaleZ": 4.041209
      },
      "Nickname": "",
      "Description": "",
      "GMNotes": "",
      "ColorDiffuse": {
        "r": 0.191999972,
        "g": 0.701,
        "b": 0.167999953,
        "a": 0.0
      },
      "LayoutGroupSortIndex": 0,
      "Value": 0,
      "Locked": true,
      "Grid": false,
      "Snap": true,
      "IgnoreFoW": false,
      "MeasureMovement": false,
      "DragSelectable": true,
      "Autoraise": true,
      "Sticky": true,
      "Tooltip": true,
      "GridProjection": false,
      "HideWhenFaceDown": false,
      "Hands": false,
      "FogColor": "Green",
      "LuaScript": "",
      "LuaScriptState": "",
      "XmlUI": ""
    },
    {
      "GUID": "2a53d1",
      "Name": "HandTrigger",
      "Transform": {
        "posX": 19.75,
        "posY": 5.0,
        "posZ": 0.0,
        "rotX": 0.0,
        "rotY": 270.0,
        "rotZ": 0.0,
        "scaleX": 11.7442293,
        "scaleY": 7.0,
        "scaleZ": 4.08275127
      },
      "Nickname": "",
      "Description": "",
      "GMNotes": "",
      "ColorDiffuse": {
        "r": 0.117999978,
        "g": 0.53,
        "b": 1.0,
        "a": 0.0
      },
      "LayoutGroupSortIndex": 0,
      "Value": 0,
      "Locked": true,
      "Grid": false,
      "Snap": true,
      "IgnoreFoW": false,
      "MeasureMovement": false,
      "DragSelectable": true,
      "Autoraise": true,
      "Sticky": true,
      "Tooltip": true,
      "GridProjection": false,
      "HideWhenFaceDown": false,
      "Hands": false,
      "FogColor": "Blue",
      "LuaScript": "",
      "LuaScriptState": "",
      "XmlUI": ""
    },
    {
      "GUID": "afc863",
      "Name": "Custom_Assetbundle",
      "Transform": {
        "posX": 0.0,
        "posY": -9.0,
        "posZ": 7.2,
        "rotX": 6.536436E-07,
        "rotY": -2.39176334E-05,
        "rotZ": -3.84849864E-06,
        "scaleX": 1.0,
        "scaleY": 1.0,
        "scaleZ": 1.0
      },
      "Nickname": "",
      "Description": "",
      "GMNotes": "",
      "ColorDiffuse": {
        "r": 1.0,
        "g": 1.0,
        "b": 1.0
      },
      "LayoutGroupSortIndex": 0,
      "Value": 0,
      "Locked": true,
      "Grid": true,
      "Snap": true,
      "IgnoreFoW": false,
      "MeasureMovement": false,
      "DragSelectable": true,
      "Autoraise": true,
      "Sticky": true,
      "Tooltip": true,
      "GridProjection": false,
      "HideWhenFaceDown": false,
      "Hands": false,
      "CustomAssetbundle": {
        "AssetbundleURL": "http://cloud-3.steamusercontent.com/ugc/879750610978795929/723C50F43FAB3DE3DC12CB8460536E8CB34B60A3/",
        "AssetbundleSecondaryURL": "",
        "MaterialIndex": 2,
        "TypeIndex": 4,
        "LoopingEffectIndex": 0
      },
      "LuaScript": "",
      "LuaScriptState": "",
      "XmlUI": ""
    },
    {
      "GUID": "c8edca",
      "Name": "Custom_Assetbundle",
      "Transform": {
        "posX": 0.0,
        "posY": -9.0,
        "posZ": -7.2,
        "rotX": 6.536436E-07,
        "rotY": 90.0,
        "rotZ": -3.84849864E-06,
        "scaleX": 1.0,
        "scaleY": 1.0,
        "scaleZ": 1.0
      },
      "Nickname": "",
      "Description": "",
      "GMNotes": "",
      "ColorDiffuse": {
        "r": 1.0,
        "g": 1.0,
        "b": 1.0
      },
      "LayoutGroupSortIndex": 0,
      "Value": 0,
      "Locked": true,
      "Grid": true,
      "Snap": true,
      "IgnoreFoW": false,
      "MeasureMovement": false,
      "DragSelectable": true,
      "Autoraise": true,
      "Sticky": true,
      "Tooltip": true,
      "GridProjection": false,
      "HideWhenFaceDown": false,
      "Hands": false,
      "CustomAssetbundle": {
        "AssetbundleURL": "http://cloud-3.steamusercontent.com/ugc/879750610978795929/723C50F43FAB3DE3DC12CB8460536E8CB34B60A3/",
        "AssetbundleSecondaryURL": "",
        "MaterialIndex": 2,
        "TypeIndex": 4,
        "LoopingEffectIndex": 0
      },
      "LuaScript": "",
      "LuaScriptState": "",
      "XmlUI": ""
    },
    {
      "GUID": "393bf7",
      "Name": "Custom_Assetbundle",
      "Transform": {
        "posX": 0.0,
        "posY": -9.0,
        "posZ": -7.2,
        "rotX": 6.536436E-07,
        "rotY": 180.0,
        "rotZ": -3.84849864E-06,
        "scaleX": 1.0,
        "scaleY": 1.0,
        "scaleZ": 1.0
      },
      "Nickname": "",
      "Description": "",
      "GMNotes": "",
      "ColorDiffuse": {
        "r": 1.0,
        "g": 1.0,
        "b": 1.0
      },
      "LayoutGroupSortIndex": 0,
      "Value": 0,
      "Locked": true,
      "Grid": true,
      "Snap": true,
      "IgnoreFoW": false,
      "MeasureMovement": false,
      "DragSelectable": true,
      "Autoraise": true,
      "Sticky": true,
      "Tooltip": true,
      "GridProjection": false,
      "HideWhenFaceDown": false,
      "Hands": false,
      "CustomAssetbundle": {
        "AssetbundleURL": "http://cloud-3.steamusercontent.com/ugc/879750610978795929/723C50F43FAB3DE3DC12CB8460536E8CB34B60A3/",
        "AssetbundleSecondaryURL": "",
        "MaterialIndex": 2,
        "TypeIndex": 4,
        "LoopingEffectIndex": 0
      },
      "LuaScript": "",
      "LuaScriptState": "",
      "XmlUI": ""
    },
    {
      "GUID": "12c65e",
      "Name": "Custom_Assetbundle",
      "Transform": {
        "posX": 0.0,
        "posY": -9.0,
        "posZ": 7.2,
        "rotX": 6.536436E-07,
        "rotY": 270.0,
        "rotZ": -3.84849864E-06,
        "scaleX": 1.0,
        "scaleY": 1.0,
        "scaleZ": 1.0
      },
      "Nickname": "",
      "Description": "",
      "GMNotes": "",
      "ColorDiffuse": {
        "r": 1.0,
        "g": 1.0,
        "b": 1.0
      },
      "LayoutGroupSortIndex": 0,
      "Value": 0,
      "Locked": true,
      "Grid": true,
      "Snap": true,
      "IgnoreFoW": false,
      "MeasureMovement": false,
      "DragSelectable": true,
      "Autoraise": true,
      "Sticky": true,
      "Tooltip": true,
      "GridProjection": false,
      "HideWhenFaceDown": false,
      "Hands": false,
      "CustomAssetbundle": {
        "AssetbundleURL": "http://cloud-3.steamusercontent.com/ugc/879750610978795929/723C50F43FAB3DE3DC12CB8460536E8CB34B60A3/",
        "AssetbundleSecondaryURL": "",
        "MaterialIndex": 2,
        "TypeIndex": 4,
        "LoopingEffectIndex": 0
      },
      "LuaScript": "",
      "LuaScriptState": "",
      "XmlUI": ""
    },
    {
      "GUID": "bd69bd",
      "Name": "Chinese_Checkers_Piece",
      "Transform": {
        "posX": 19.1600037,
        "posY": -0.259998322,
        "posZ": -14.920001,
        "rotX": 0.00190076465,
        "rotY": 180.0,
        "rotZ": 0.000379891542,
        "scaleX": 1.6499995,
        "scaleY": 1.6499995,
        "scaleZ": 1.6499995
      },
      "Nickname": "Flex Table Control",
      "Description": "",
      "GMNotes": "",
      "ColorDiffuse": {
        "r": 1.0,
        "g": 1.0,
        "b": 1.0
      },
      "LayoutGroupSortIndex": 0,
      "Value": 0,
      "Locked": true,
      "Grid": true,
      "Snap": true,
      "IgnoreFoW": false,
      "MeasureMovement": false,
      "DragSelectable": true,
      "Autoraise": true,
      "Sticky": true,
      "Tooltip": false,
      "GridProjection": false,
      "HideWhenFaceDown": false,
      "Hands": false,
      "MaterialIndex": 1,
      "LuaScript": "tableHeightOffset = -9\n\nfunction onSave()\n    saved_data = JSON.encode({tid=tableImageData, cd=checkData})\n    --saved_data = \"\"\n    return saved_data\nend\n\nfunction onload(saved_data)\n    --Loads the tracking for if the game has started yet\n    if saved_data ~= \"\" then\n         local loaded_data = JSON.decode(saved_data)\n         tableImageData = loaded_data.tid\n         checkData = loaded_data.cd\n    else\n        tableImageData = {}\n        checkData = {move=false, scale=false}\n    end\n\n    --Disables interactable status of objects with GUID in list\n    for _, guid in ipairs(ref_noninteractable) do\n        local obj = getObjectFromGUID(guid)\n        if obj then obj.interactable = false end\n    end\n\n    --Establish references to table parts\n    obj_leg1 = getObjectFromGUID(\"afc863\")\n    obj_leg2 = getObjectFromGUID(\"c8edca\")\n    obj_leg3 = getObjectFromGUID(\"393bf7\")\n    obj_leg4 = getObjectFromGUID(\"12c65e\")\n    obj_surface = getObjectFromGUID(\"4ee1f2\")\n    obj_side_top = getObjectFromGUID(\"35b95f\")\n    obj_side_bot = getObjectFromGUID(\"f938a2\")\n    obj_side_lef = getObjectFromGUID(\"9f95fd\")\n    obj_side_rig = getObjectFromGUID(\"5af8f2\")\n\n    controlActive = false\n    createOpenCloseButton()\nend\n\n\n\n--Activation/deactivation of control panel\n\n\n\n--Activated by clicking on\nfunction click_toggleControl(_, color)\n    if permissionCheck(color) then\n        if not controlActive then\n            --Activate control panel\n            controlActive = true\n            self.clearButtons()\n            createOpenCloseButton()\n            createSurfaceInput()\n            createSurfaceButtons()\n            createScaleInput()\n            createScaleButtons()\n        else\n            --Deactivate control panel\n            controlActive = false\n            self.clearButtons()\n            self.clearInputs()\n            createOpenCloseButton()\n\n        end\n    end\nend\n\n\n\n\n--Table surface control\n\n\n\n--Changes table surface\nfunction click_applySurface(_, color)\n    if permissionCheck(color) then\n        updateSurface()\n        broadcastToAll(\"New Table Image Applied\", {0.2,0.9,0.2})\n    end\nend\n\n--Saves table surface\nfunction click_saveSurface(_, color)\n    if permissionCheck(color) then\n        local nickname = self.getInputs()[1].value\n        local url = self.getInputs()[2].value\n        if nickname == \"\" then\n            --No nickname\n            broadcastToAll(\"Please supply a nickname for this save.\", {0.9,0.2,0.2})\n        else\n            --Nickname exists\n\n            if findInImageDataIndex(url, nickname) == nil then\n                --Save doesn't exist already\n                table.insert(tableImageData, {url=url, name=nickname})\n                broadcastToAll(\"Image URL saved to memory.\", {0.2,0.9,0.2})\n                --Refresh buttons\n                self.clearButtons()\n                createOpenCloseButton()\n                createSurfaceButtons()\n                createScaleButtons()\n            else\n                --Save exists already\n                broadcastToAll(\"Memory already contains a save with this Name or URL. Delete it first.\", {0.9,0.2,0.2})\n            end\n        end\n    end\nend\n\n--Loads table surface\nfunction click_loadMemory(_, color, index)\n    if permissionCheck(color) then\n        self.editInput({index=0, value=tableImageData[index].name})\n        self.editInput({index=1, value=tableImageData[index].url})\n        updateSurface()\n        broadcastToAll(\"Table Image Loaded\", {0.2,0.9,0.2})\n    end\nend\n\n--Deletes table surface\nfunction click_deleteMemory(_, color, index)\n    if permissionCheck(color) then\n        table.remove(tableImageData, index)\n        self.clearButtons()\n        createOpenCloseButton()\n        createSurfaceButtons()\n        createScaleButtons()\n        broadcastToAll(\"Element Removed from Memory\", {0.2,0.9,0.2})\n    end\nend\n\n--Updates surface from the values in the input field\nfunction updateSurface()\n    local customInfo = obj_surface.getCustomObject()\n    customInfo.diffuse = self.getInputs()[2].value\n    obj_surface.setCustomObject(customInfo)\n    obj_surface = obj_surface.reload()\nend\n\n\n\n--Table Scale control\n\n\n\n--Applies Scale to table pieces\nfunction click_applyScale(_, color)\n    if permissionCheck(color) then\n        local newWidth = tonumber(self.getInputs()[3].value)\n        local newDepth = tonumber(self.getInputs()[4].value)\n        if type(newWidth) ~= \"number\" then\n            broadcastToAll(\"Invalid Width\", {0.9,0.2,0.2})\n            return\n        elseif type(newDepth) ~= \"number\" then\n            broadcastToAll(\"Invalid Depth\", {0.9,0.2,0.2})\n            return\n        elseif newWidth<0.1 or newDepth<0.1 then\n            broadcastToAll(\"Scale cannot go below 0.1\", {0.9,0.2,0.2})\n            return\n        elseif newWidth>12 or newDepth>12 then\n            broadcastToAll(\"Scale should not go over 12 (world size limitation)\", {0.9,0.2,0.2})\n            return\n        else\n            changeTableScale(math.abs(newWidth), math.abs(newDepth))\n            broadcastToAll(\"Scale applied.\", {0.2,0.9,0.2})\n        end\n    end\nend\n\n--Checks/unchecks move box for hands\nfunction click_checkMove(_, color)\n    if permissionCheck(color) then\n        local find_func = function(o) return o.click_function==\"click_checkMove\" end\n        if checkData.move == true then\n            checkData.move = false\n            local buttonEntry = findButton(self, find_func)\n            self.editButton({index=buttonEntry.index, label=\"\"})\n        else\n            checkData.move = true\n            local buttonEntry = findButton(self, find_func)\n            self.editButton({index=buttonEntry.index, label=string.char(10008)})\n        end\n    end\nend\n\n--Checks/unchecks scale box for hands\n--This button was disabled for technical reasons\n--[[\nfunction click_checkScale(_, color)\n    if permissionCheck(color) then\n        local find_func = function(o) return o.click_function==\"click_checkScale\" end\n        if checkData.scale == true then\n            checkData.scale = false\n            local buttonEntry = findButton(self, find_func)\n            self.editButton({index=buttonEntry.index, label=\"\"})\n        else\n            checkData.scale = true\n            local buttonEntry = findButton(self, find_func)\n            self.editButton({index=buttonEntry.index, label=string.char(10008)})\n        end\n    end\nend\n]]\n\n--Alters scale of elements and moves them\nfunction changeTableScale(width, depth)\n    --Scaling factors used to translate scale to position offset\n    local width2pos = (width-1) * 18\n    local depth2pos = (depth-1) * 18\n\n    --Hand zone movement\n    if checkData.move == true then\n        for _, pc in ipairs(ref_playerColor) do\n            if Player[pc].getHandCount() > 0 then\n                moveHandZone(Player[pc], width2pos, depth2pos)\n            end\n        end\n    end\n    --Hand zone scaling\n    --The button to enable this was disabled for technical reasons\n    if checkData.scale == true then\n        for _, pc in ipairs(ref_playerColor) do\n            if Player[pc].getHandCount() > 0 then\n                scaleHandZone(Player[pc], width, depth)\n            end\n        end\n    end\n\n    --Resizing table elements\n    obj_side_top.setScale({width, 1, 1})\n    obj_side_bot.setScale({width, 1, 1})\n    obj_side_lef.setScale({depth, 1, 1})\n    obj_side_rig.setScale({depth, 1, 1})\n    obj_surface.setScale({width, 1, depth})\n\n    --Moving table elements to accomodate new scale\n    obj_side_lef.setPosition({-width2pos,tableHeightOffset,0})\n    obj_side_rig.setPosition({ width2pos,tableHeightOffset,0})\n    obj_side_top.setPosition({0,tableHeightOffset, depth2pos})\n    obj_side_bot.setPosition({0,tableHeightOffset,-depth2pos})\n    obj_leg1.setPosition({-width2pos,tableHeightOffset,-depth2pos})\n    obj_leg2.setPosition({-width2pos,tableHeightOffset, depth2pos})\n    obj_leg3.setPosition({ width2pos,tableHeightOffset, depth2pos})\n    obj_leg4.setPosition({ width2pos,tableHeightOffset,-depth2pos})\n    self.setPosition(obj_leg4.positionToWorld({-22.12, 8.74,-19.16}))\n    --Only enabled when changing tableHeightOffset\n    --obj_surface.setPosition({0,tableHeightOffset,0})\nend\n\n--Move hand zone, p=player reference, facts are scaling factors\nfunction moveHandZone(p, width2pos, depth2pos)\n    local widthX = obj_side_rig.getPosition().x\n    local depthZ = obj_side_top.getPosition().z\n    for i=1, p.getHandCount() do\n        local handT = p.getHandTransform()\n        local pos = handT.position\n        local y = handT.rotation.y\n\n        if y<45 or y>320 or y>135 and y<225 then\n            if pos.z > 0 then\n                pos.z = pos.z + depth2pos - depthZ\n            else\n                pos.z = pos.z - depth2pos + depthZ\n            end\n        else\n            if pos.x > 0 then\n                pos.x = pos.x + width2pos - widthX\n            else\n                pos.x = pos.x - width2pos + widthX\n            end\n        end\n\n        --Only enabled when changing tableHeightOffset\n        --pos.y = tableHeightOffset + 14\n\n        handT.position = pos\n        p.setHandTransform(handT, i)\n    end\nend\n\n\n---Scales hand zones, p=player reference, facts are scaling factors\nfunction scaleHandZone(p, width, depth)\n    local widthFact = width / obj_side_top.getScale().x\n    local depthFact = depth / obj_side_lef.getScale().x\n    for i=1, p.getHandCount() do\n        local handT = p.getHandTransform()\n        local scale = handT.scale\n        local y = handT.rotation.y\n        if y<45 or y>320 or y>135 and y<225 then\n            scale.x = scale.x * widthFact\n        else\n            scale.x = scale.x * depthFact\n        end\n        handT.scale = scale\n        p.setHandTransform(handT, i)\n    end\nend\n\n\n\n--Information gathering\n\n\n\n--Checks if a color is promoted or host\nfunction permissionCheck(color)\n    if Player[color].host==true or Player[color].promoted==true then\n        return true\n    else\n        return false\n    end\nend\n\n--Locates a string saved within memory file\nfunction findInImageDataIndex(...)\n    for _, str in ipairs({...}) do\n        for i, v in ipairs(tableImageData) do\n            if v.url == str or v.name == str then\n                return i\n            end\n        end\n    end\n    return nil\nend\n\n--Round number (num) to the Nth decimal (dec)\nfunction round(num, dec)\n  local mult = 10^(dec or 0)\n  return math.floor(num * mult + 0.5) / mult\nend\n\n--Locates a button with a helper function\nfunction findButton(obj, func)\n    if func==nil then error(\"No func supplied to findButton\") end\n    for _, v in ipairs(obj.getButtons()) do\n        if func(v) then\n            return v\n        end\n    end\n    return nil\nend\n\n\n\n--Creation of buttons/inputs\n\n\n\nfunction createOpenCloseButton()\n    local tooltip = \"Open Table Control Panel\"\n    if controlActive then\n        tooltip = \"Close Table Control Panel\"\n    end\n    self.createButton({\n        click_function=\"click_toggleControl\", function_owner=self,\n        position={0,0,0}, rotation={-45,0,0}, height=400, width=400,\n        color={1,1,1,0}, tooltip=tooltip\n    })\nend\n\nfunction createSurfaceInput()\n    local currentURL = obj_surface.getCustomObject().diffuse\n    local nickname = \"\"\n    if findInImageDataIndex(currentURL) ~= nil then\n        nickname = tableImageData[findInImageDataIndex(currentURL)].name\n    end\n    self.createInput({\n        label=\"Nickname\", input_function=\"none\", function_owner=self,\n        alignment=3, position={0,0,2}, height=224, width=4000,\n        font_size=200, tooltip=\"Enter nickname for table image (only used for save)\",\n        value=nickname\n    })\n    self.createInput({\n        label=\"URL\", input_function=\"none\", function_owner=self,\n        alignment=3, position={0,0,3}, height=224, width=4000,\n        font_size=200, tooltip=\"Enter URL for tabletop image\",\n        value=currentURL\n    })\nend\n\nfunction createSurfaceButtons()\n    --Label\n    self.createButton({\n        label=\"Tabletop Surface Image\", click_function=\"none\",\n        position={0,0,1}, height=0, width=0, font_size=300, font_color={1,1,1}\n    })\n    --Functional\n    self.createButton({\n        label=\"Apply Image\\nTo Table\", click_function=\"click_applySurface\",\n        function_owner=self, tooltip=\"Apply URL as table image\",\n        position={2,0,4}, height=440, width=1400, font_size=200,\n    })\n    self.createButton({\n        label=\"Save Image\\nTo Memory\", click_function=\"click_saveSurface\",\n        function_owner=self, tooltip=\"Record URL into memory (requires nickname)\",\n        position={-2,0,4}, height=440, width=1400, font_size=200,\n    })\n    --Label\n    self.createButton({\n        label=\"Load From Memory\", click_function=\"none\",\n        position={0,0,5.5}, height=0, width=0, font_size=300, font_color={1,1,1}\n    })\n    --Saves, created dynamically from memory file\n    for i, memoryEntry in ipairs(tableImageData) do\n        --Load\n        local funcName = i..\"loadMemory\"\n        local func = function(x,y) click_loadMemory(x,y,i) end\n        self.setVar(funcName, func)\n        self.createButton({\n            label=memoryEntry.name, click_function=funcName,\n            function_owner=self, tooltip=memoryEntry.url, font_size=200,\n            position={-0.6,0,6.5+0.5*(i-1)}, height=240, width=3300,\n        })\n        --Delete\n        local funcName = i..\"deleteMemory\"\n        local func = function(x,y) click_deleteMemory(x,y,i) end\n        self.setVar(funcName, func)\n        self.createButton({\n            label=\"DELETE\", click_function=funcName,\n            function_owner=self, tooltip=\"\",\n            position={3.6,0,6.5+0.5*(i-1)}, height=240, width=600,\n            font_size=160, font_color={1,0,0}, color={0.8,0.8,0.8}\n        })\n    end\nend\n\nfunction createScaleInput()\n    self.createInput({\n        label=string.char(8644), input_function=\"none\", function_owner=self,\n        alignment=3, position={-8.5,0,2}, height=224, width=400,\n        font_size=200, tooltip=\"Table Width\",\n        value=round(obj_side_top.getScale().x, 1)\n    })\n    self.createInput({\n        label=string.char(8645), input_function=\"none\", function_owner=self,\n        alignment=3, position={-7.5,0,2}, height=224, width=400,\n        font_size=200, tooltip=\"Table Depth\",\n        value=round(obj_side_lef.getScale().x, 1)\n    })\nend\n\nfunction createScaleButtons()\n    --Labels\n    self.createButton({\n        label=\"Table Scale\", click_function=\"none\",\n        position={-8,0,1}, height=0, width=0, font_size=300, font_color={1,1,1}\n    })\n    self.createButton({\n        label=string.char(8644)..\"            \"..string.char(8645),\n        click_function=\"none\",\n        position={-8,0,2}, height=0, width=0, font_size=300, font_color={1,1,1}\n    })\n    self.createButton({\n        label=\"Move Hands:\", click_function=\"none\",\n        position={-8.3,0,3}, height=0, width=0, font_size=200, font_color={1,1,1}\n    })\n    --Disabled due to me removing the feature for technical reasons\n    --[[\n    self.createButton({\n        label=\"Scale Hands:\", click_function=\"none\",\n        position={-8.3,0,4}, height=0, width=0, font_size=200, font_color={1,1,1}\n    })\n    ]]\n    --Checkboxes\n    local label = \"\"\n    if checkData.move == true then label = string.char(10008) end\n    self.createButton({\n        label=label, click_function=\"click_checkMove\",\n        function_owner=self, tooltip=\"Check to move hands when table is rescaled\",\n        position={-6.8,0,3}, height=224, width=224, font_size=200,\n    })\n    --[[\n    local label = \"\"\n    if checkData.scale == true then label = string.char(10008) end\n    self.createButton({\n        label=label, click_function=\"click_checkScale\",\n        function_owner=self, tooltip=\"Check to scale the width of hands when table is rescaled\",\n        position={-6.8,0,4}, height=224, width=224, font_size=200,\n    })\n    ]]\n    --Apply button\n    self.createButton({\n        label=\"Apply Scale\", click_function=\"click_applyScale\",\n        function_owner=self, tooltip=\"Apply width/depth to table\",\n        position={-8,0,4}, height=440, width=1400, font_size=200,\n    })\nend\n\n\n\n\n\n--Data tables\n\n\n\n\nref_noninteractable = {\n    \"afc863\",\"c8edca\",\"393bf7\",\"12c65e\",\"f938a2\",\"9f95fd\",\"35b95f\",\n    \"5af8f2\",\"4ee1f2\",\"bd69bd\"\n}\n\nref_playerColor = {\n    \"White\", \"Brown\", \"Red\", \"Orange\", \"Yellow\",\n    \"Green\", \"Teal\", \"Blue\", \"Purple\", \"Pink\", \"Black\"\n}\n\n--Dummy function, absorbs unwanted triggers\nfunction none() end\n",
      "LuaScriptState": "{\"cd\":{\"move\":true,\"scale\":false},\"tid\":[{\"name\":\"Felt - Green\",\"url\":\"https://i.imgur.com/eHXDjyy.jpg\"},{\"name\":\"Felt - Red\",\"url\":\"https://i.imgur.com/DbPelDi.jpg\"},{\"name\":\"Felt - Grey\",\"url\":\"https://i.imgur.com/N0O6aqj.jpg\"}]}",
      "XmlUI": ""
    },
    {
      "GUID": "f938a2",
      "Name": "Custom_Assetbundle",
      "Transform": {
        "posX": 0.0,
        "posY": -9.0,
        "posZ": 7.2,
        "rotX": -1.01777751E-13,
        "rotY": 0.0,
        "rotZ": 0.0,
        "scaleX": 1.0,
        "scaleY": 1.0,
        "scaleZ": 1.0
      },
      "Nickname": "",
      "Description": "",
      "GMNotes": "",
      "ColorDiffuse": {
        "r": 1.0,
        "g": 1.0,
        "b": 1.0
      },
      "LayoutGroupSortIndex": 0,
      "Value": 0,
      "Locked": true,
      "Grid": true,
      "Snap": true,
      "IgnoreFoW": false,
      "MeasureMovement": false,
      "DragSelectable": true,
      "Autoraise": true,
      "Sticky": true,
      "Tooltip": true,
      "GridProjection": false,
      "HideWhenFaceDown": false,
      "Hands": false,
      "CustomAssetbundle": {
        "AssetbundleURL": "http://cloud-3.steamusercontent.com/ugc/879750610978796471/14ED0DBD593370733A0309B0950004F33EB9FACA/",
        "AssetbundleSecondaryURL": "",
        "MaterialIndex": 1,
        "TypeIndex": 4,
        "LoopingEffectIndex": 0
      },
      "LuaScript": "",
      "LuaScriptState": "",
      "XmlUI": ""
    },
    {
      "GUID": "9f95fd",
      "Name": "Custom_Assetbundle",
      "Transform": {
        "posX": 0.0,
        "posY": -9.0,
        "posZ": 0.0,
        "rotX": 0.0,
        "rotY": 90.0,
        "rotZ": 0.0,
        "scaleX": 0.6,
        "scaleY": 1.0,
        "scaleZ": 1.0
      },
      "Nickname": "",
      "Description": "",
      "GMNotes": "",
      "ColorDiffuse": {
        "r": 1.0,
        "g": 1.0,
        "b": 1.0
      },
      "LayoutGroupSortIndex": 0,
      "Value": 0,
      "Locked": true,
      "Grid": true,
      "Snap": true,
      "IgnoreFoW": false,
      "MeasureMovement": false,
      "DragSelectable": true,
      "Autoraise": true,
      "Sticky": true,
      "Tooltip": true,
      "GridProjection": false,
      "HideWhenFaceDown": false,
      "Hands": false,
      "CustomAssetbundle": {
        "AssetbundleURL": "http://cloud-3.steamusercontent.com/ugc/879750610978796471/14ED0DBD593370733A0309B0950004F33EB9FACA/",
        "AssetbundleSecondaryURL": "",
        "MaterialIndex": 1,
        "TypeIndex": 4,
        "LoopingEffectIndex": 0
      },
      "LuaScript": "",
      "LuaScriptState": "",
      "XmlUI": ""
    },
    {
      "GUID": "35b95f",
      "Name": "Custom_Assetbundle",
      "Transform": {
        "posX": 0.0,
        "posY": -9.0,
        "posZ": -7.2,
        "rotX": -1.01777751E-13,
        "rotY": 180.0,
        "rotZ": 0.0,
        "scaleX": 1.0,
        "scaleY": 1.0,
        "scaleZ": 1.0
      },
      "Nickname": "",
      "Description": "",
      "GMNotes": "",
      "ColorDiffuse": {
        "r": 1.0,
        "g": 1.0,
        "b": 1.0
      },
      "LayoutGroupSortIndex": 0,
      "Value": 0,
      "Locked": true,
      "Grid": true,
      "Snap": true,
      "IgnoreFoW": false,
      "MeasureMovement": false,
      "DragSelectable": true,
      "Autoraise": true,
      "Sticky": true,
      "Tooltip": true,
      "GridProjection": false,
      "HideWhenFaceDown": false,
      "Hands": false,
      "CustomAssetbundle": {
        "AssetbundleURL": "http://cloud-3.steamusercontent.com/ugc/879750610978796471/14ED0DBD593370733A0309B0950004F33EB9FACA/",
        "AssetbundleSecondaryURL": "",
        "MaterialIndex": 1,
        "TypeIndex": 4,
        "LoopingEffectIndex": 0
      },
      "LuaScript": "",
      "LuaScriptState": "",
      "XmlUI": ""
    },
    {
      "GUID": "5af8f2",
      "Name": "Custom_Assetbundle",
      "Transform": {
        "posX": 0.0,
        "posY": -9.0,
        "posZ": 0.0,
        "rotX": 0.0,
        "rotY": 270.0,
        "rotZ": 0.0,
        "scaleX": 0.6,
        "scaleY": 1.0,
        "scaleZ": 1.0
      },
      "Nickname": "",
      "Description": "",
      "GMNotes": "",
      "ColorDiffuse": {
        "r": 1.0,
        "g": 1.0,
        "b": 1.0
      },
      "LayoutGroupSortIndex": 0,
      "Value": 0,
      "Locked": true,
      "Grid": true,
      "Snap": true,
      "IgnoreFoW": false,
      "MeasureMovement": false,
      "DragSelectable": true,
      "Autoraise": true,
      "Sticky": true,
      "Tooltip": true,
      "GridProjection": false,
      "HideWhenFaceDown": false,
      "Hands": false,
      "CustomAssetbundle": {
        "AssetbundleURL": "http://cloud-3.steamusercontent.com/ugc/879750610978796471/14ED0DBD593370733A0309B0950004F33EB9FACA/",
        "AssetbundleSecondaryURL": "",
        "MaterialIndex": 1,
        "TypeIndex": 4,
        "LoopingEffectIndex": 0
      },
      "LuaScript": "",
      "LuaScriptState": "",
      "XmlUI": ""
    },
    {
      "GUID": "4ee1f2",
      "Name": "Custom_Model",
      "Transform": {
        "posX": 0.0,
        "posY": -9.0,
        "posZ": 0.0,
        "rotX": 359.983124,
        "rotY": -0.00189453643,
        "rotZ": 359.920135,
        "scaleX": 1.0,
        "scaleY": 1.0,
        "scaleZ": 0.6
      },
      "Nickname": "",
      "Description": "",
      "GMNotes": "",
      "ColorDiffuse": {
        "r": 1.0,
        "g": 1.0,
        "b": 1.0
      },
      "LayoutGroupSortIndex": 0,
      "Value": 0,
      "Locked": true,
      "Grid": true,
      "Snap": true,
      "IgnoreFoW": false,
      "MeasureMovement": false,
      "DragSelectable": true,
      "Autoraise": true,
      "Sticky": true,
      "Tooltip": true,
      "GridProjection": true,
      "HideWhenFaceDown": false,
      "Hands": false,
      "CustomMesh": {
        "MeshURL": "http://cloud-3.steamusercontent.com/ugc/879750610978796176/4A5A65543B98BCFBF57E910D06EC984208223D38/",
        "DiffuseURL": "https://i.imgur.com/N0O6aqj.jpg",
        "NormalURL": "",
        "ColliderURL": "",
        "Convex": true,
        "MaterialIndex": 1,
        "TypeIndex": 4,
        "CustomShader": {
          "SpecularColor": {
            "r": 1.0,
            "g": 1.0,
            "b": 1.0
          },
          "SpecularIntensity": 0.0,
          "SpecularSharpness": 2.0,
          "FresnelStrength": 0.0
        },
        "CastShadows": true
      },
      "LuaScript": "",
      "LuaScriptState": "",
      "XmlUI": ""
    },
    {
      "GUID": "89325f",
      "Name": "Custom_Model",
      "Transform": {
        "posX": -4.999953,
        "posY": 1.48576355,
        "posZ": -3.00001049,
        "rotX": -0.004406133,
        "rotY": 195.004959,
        "rotZ": 0.08153194,
        "scaleX": 1.0,
        "scaleY": 1.0,
        "scaleZ": 1.0
      },
      "Nickname": "Hekatrix",
      "Description": "",
      "GMNotes": "",
      "ColorDiffuse": {
        "r": 0.9999998,
        "g": 0.992160857,
        "b": 0.9999998
      },
      "LayoutGroupSortIndex": 0,
      "Value": 0,
      "Locked": false,
      "Grid": true,
      "Snap": true,
      "IgnoreFoW": false,
      "MeasureMovement": true,
      "DragSelectable": true,
      "Autoraise": true,
      "Sticky": true,
      "Tooltip": true,
      "GridProjection": false,
      "HideWhenFaceDown": false,
      "Hands": false,
      "CustomMesh": {
        "MeshURL": "http://cloud-3.steamusercontent.com/ugc/952958387214463170/3DF4EC1F4812CF470305ADB37223F3FDA8D5BF42/",
        "DiffuseURL": "http://cloud-3.steamusercontent.com/ugc/952958387214457132/F1A34EC0442194BA71A2C5C1E37B290723E87679/",
        "NormalURL": "",
        "ColliderURL": "http://cloud-3.steamusercontent.com/ugc/769481639410724294/DE623BD66F73B5BAEA303E463D9ECB77B0FB1687/",
        "Convex": true,
        "MaterialIndex": 1,
        "TypeIndex": 0,
        "CastShadows": true
      },
      "LuaScript": "",
      "LuaScriptState": "",
      "XmlUI": ""
    },
    {
      "GUID": "cdd24d",
      "Name": "Custom_Model",
      "Transform": {
        "posX": -4.999953,
        "posY": 1.4851743,
        "posZ": -5.00001144,
        "rotX": -0.004356564,
        "rotY": 194.998016,
        "rotZ": 0.08151065,
        "scaleX": 1.0,
        "scaleY": 1.0,
        "scaleZ": 1.0
      },
      "Nickname": "Hekatrix",
      "Description": "",
      "GMNotes": "",
      "ColorDiffuse": {
        "r": 0.9999998,
        "g": 0.992160857,
        "b": 0.9999998
      },
      "LayoutGroupSortIndex": 0,
      "Value": 0,
      "Locked": false,
      "Grid": true,
      "Snap": true,
      "IgnoreFoW": false,
      "MeasureMovement": true,
      "DragSelectable": true,
      "Autoraise": true,
      "Sticky": true,
      "Tooltip": true,
      "GridProjection": false,
      "HideWhenFaceDown": false,
      "Hands": false,
      "CustomMesh": {
        "MeshURL": "http://cloud-3.steamusercontent.com/ugc/952958387214499977/974705B5C1150CD85803AAB68A38B83CFAD73119/",
        "DiffuseURL": "http://cloud-3.steamusercontent.com/ugc/952958387214457132/F1A34EC0442194BA71A2C5C1E37B290723E87679/",
        "NormalURL": "",
        "ColliderURL": "http://cloud-3.steamusercontent.com/ugc/769481639410724294/DE623BD66F73B5BAEA303E463D9ECB77B0FB1687/",
        "Convex": true,
        "MaterialIndex": 1,
        "TypeIndex": 0,
        "CastShadows": true
      },
      "LuaScript": "",
      "LuaScriptState": "",
      "XmlUI": ""
    },
    {
      "GUID": "8e1972",
      "Name": "Custom_Model",
      "Transform": {
        "posX": -6.999953,
        "posY": 1.48796272,
        "posZ": -5.00001049,
        "rotX": -0.004419063,
        "rotY": 195.025345,
        "rotZ": 0.08150904,
        "scaleX": 1.0,
        "scaleY": 1.0,
        "scaleZ": 1.0
      },
      "Nickname": "Hekatrix",
      "Description": "",
      "GMNotes": "",
      "ColorDiffuse": {
        "r": 0.9999998,
        "g": 0.992160857,
        "b": 0.9999998
      },
      "LayoutGroupSortIndex": 0,
      "Value": 0,
      "Locked": false,
      "Grid": true,
      "Snap": true,
      "IgnoreFoW": false,
      "MeasureMovement": true,
      "DragSelectable": true,
      "Autoraise": true,
      "Sticky": true,
      "Tooltip": true,
      "GridProjection": false,
      "HideWhenFaceDown": false,
      "Hands": false,
      "CustomMesh": {
        "MeshURL": "http://cloud-3.steamusercontent.com/ugc/952958387214501138/B0FF1822CA1F652025F72FEDE7F03166E54C4C8C/",
        "DiffuseURL": "http://cloud-3.steamusercontent.com/ugc/952958387214457132/F1A34EC0442194BA71A2C5C1E37B290723E87679/",
        "NormalURL": "",
        "ColliderURL": "http://cloud-3.steamusercontent.com/ugc/769481639410724294/DE623BD66F73B5BAEA303E463D9ECB77B0FB1687/",
        "Convex": true,
        "MaterialIndex": 1,
        "TypeIndex": 0,
        "CastShadows": true
      },
      "LuaScript": "",
      "LuaScriptState": "",
      "XmlUI": ""
    },
    {
      "GUID": "4b7fa3",
      "Name": "Custom_Model",
      "Transform": {
        "posX": -6.99995232,
        "posY": 1.48855162,
        "posZ": -3.00001049,
        "rotX": -0.004359474,
        "rotY": 194.987946,
        "rotZ": 0.08155472,
        "scaleX": 1.0,
        "scaleY": 1.0,
        "scaleZ": 1.0
      },
      "Nickname": "Hekatrix",
      "Description": "",
      "GMNotes": "",
      "ColorDiffuse": {
        "r": 0.9999998,
        "g": 0.992160857,
        "b": 0.9999998
      },
      "LayoutGroupSortIndex": 0,
      "Value": 0,
      "Locked": false,
      "Grid": true,
      "Snap": true,
      "IgnoreFoW": false,
      "MeasureMovement": true,
      "DragSelectable": true,
      "Autoraise": true,
      "Sticky": true,
      "Tooltip": true,
      "GridProjection": false,
      "HideWhenFaceDown": false,
      "Hands": false,
      "CustomMesh": {
        "MeshURL": "http://cloud-3.steamusercontent.com/ugc/952958387214498902/18A5A635A54FE885114AD4E0460C74A5EC83FA6D/",
        "DiffuseURL": "http://cloud-3.steamusercontent.com/ugc/952958387214457132/F1A34EC0442194BA71A2C5C1E37B290723E87679/",
        "NormalURL": "",
        "ColliderURL": "http://cloud-3.steamusercontent.com/ugc/769481639410724294/DE623BD66F73B5BAEA303E463D9ECB77B0FB1687/",
        "Convex": true,
        "MaterialIndex": 1,
        "TypeIndex": 0,
        "CastShadows": true
      },
      "LuaScript": "",
      "LuaScriptState": "",
      "XmlUI": ""
    },
    {
      "GUID": "d9afa2",
      "Name": "Custom_Model",
      "Transform": {
        "posX": -8.999953,
        "posY": 1.49133992,
        "posZ": -3.00001025,
        "rotX": -0.00442225859,
        "rotY": 195.022339,
        "rotZ": 0.08150257,
        "scaleX": 1.0,
        "scaleY": 1.0,
        "scaleZ": 1.0
      },
      "Nickname": "Hekatrix",
      "Description": "",
      "GMNotes": "",
      "ColorDiffuse": {
        "r": 0.9999998,
        "g": 0.992160857,
        "b": 0.9999998
      },
      "LayoutGroupSortIndex": 0,
      "Value": 0,
      "Locked": false,
      "Grid": true,
      "Snap": true,
      "IgnoreFoW": false,
      "MeasureMovement": true,
      "DragSelectable": true,
      "Autoraise": true,
      "Sticky": true,
      "Tooltip": true,
      "GridProjection": false,
      "HideWhenFaceDown": false,
      "Hands": false,
      "CustomMesh": {
        "MeshURL": "http://cloud-3.steamusercontent.com/ugc/952958387214497410/9C0629873F14D96C2D2D11F7FAA92A19C3B8898E/",
        "DiffuseURL": "http://cloud-3.steamusercontent.com/ugc/952958387214457132/F1A34EC0442194BA71A2C5C1E37B290723E87679/",
        "NormalURL": "",
        "ColliderURL": "http://cloud-3.steamusercontent.com/ugc/769481639410724294/DE623BD66F73B5BAEA303E463D9ECB77B0FB1687/",
        "Convex": true,
        "MaterialIndex": 1,
        "TypeIndex": 0,
        "CastShadows": true
      },
      "LuaScript": "",
      "LuaScriptState": "",
      "XmlUI": ""
    },
    {
      "GUID": "945621",
      "Name": "Custom_Model",
      "Transform": {
        "posX": -8.999953,
        "posY": 1.49075079,
        "posZ": -5.000011,
        "rotX": -0.00437489664,
        "rotY": 195.006851,
        "rotZ": 0.08153958,
        "scaleX": 1.0,
        "scaleY": 1.0,
        "scaleZ": 1.0
      },
      "Nickname": "Hekatrix",
      "Description": "",
      "GMNotes": "",
      "ColorDiffuse": {
        "r": 0.9999998,
        "g": 0.992160857,
        "b": 0.9999998
      },
      "LayoutGroupSortIndex": 0,
      "Value": 0,
      "Locked": false,
      "Grid": true,
      "Snap": true,
      "IgnoreFoW": false,
      "MeasureMovement": true,
      "DragSelectable": true,
      "Autoraise": true,
      "Sticky": true,
      "Tooltip": true,
      "GridProjection": false,
      "HideWhenFaceDown": false,
      "Hands": false,
      "CustomMesh": {
        "MeshURL": "http://cloud-3.steamusercontent.com/ugc/952958387214500614/626503BE84875C2D1D6AB8F38E9974F941739265/",
        "DiffuseURL": "http://cloud-3.steamusercontent.com/ugc/952958387214457132/F1A34EC0442194BA71A2C5C1E37B290723E87679/",
        "NormalURL": "",
        "ColliderURL": "http://cloud-3.steamusercontent.com/ugc/769481639410724294/DE623BD66F73B5BAEA303E463D9ECB77B0FB1687/",
        "Convex": true,
        "MaterialIndex": 1,
        "TypeIndex": 0,
        "CastShadows": true
      },
      "LuaScript": "",
      "LuaScriptState": "",
      "XmlUI": ""
    },
    {
      "GUID": "e4b217",
      "Name": "Custom_Assetbundle",
      "Transform": {
        "posX": 4.99998426,
        "posY": 1.469128,
        "posZ": -2.99999714,
        "rotX": 359.97467,
        "rotY": 210.000015,
        "rotZ": 0.07761648,
        "scaleX": 0.400000453,
        "scaleY": 0.400000453,
        "scaleZ": 0.400000453
      },
      "Nickname": "Sybarite",
      "Description": "",
      "GMNotes": "",
      "ColorDiffuse": {
        "r": 1.0,
        "g": 1.0,
        "b": 1.0
      },
      "LayoutGroupSortIndex": 0,
      "Value": 0,
      "Locked": false,
      "Grid": true,
      "Snap": true,
      "IgnoreFoW": false,
      "MeasureMovement": true,
      "DragSelectable": true,
      "Autoraise": true,
      "Sticky": true,
      "Tooltip": true,
      "GridProjection": false,
      "HideWhenFaceDown": false,
      "Hands": false,
      "CustomAssetbundle": {
        "AssetbundleURL": "http://cloud-3.steamusercontent.com/ugc/863978888070625875/344E591B3789D8847ACF9772E55F6AF8BB8EF995/",
        "AssetbundleSecondaryURL": "http://cloud-3.steamusercontent.com/ugc/863978888070583020/6CCCF6DBF6FF7A06E76A65F901438F5BCA3477F7/",
        "MaterialIndex": 0,
        "TypeIndex": 1,
        "LoopingEffectIndex": 0
      },
      "LuaScript": "",
      "LuaScriptState": "",
      "XmlUI": ""
    },
    {
      "GUID": "b6a93c",
      "Name": "Custom_Assetbundle",
      "Transform": {
        "posX": 6.99999,
        "posY": 1.46633971,
        "posZ": -2.99999857,
        "rotX": 359.955444,
        "rotY": 224.999924,
        "rotZ": 0.06846779,
        "scaleX": 0.400000453,
        "scaleY": 0.400000453,
        "scaleZ": 0.400000453
      },
      "Nickname": "Sybarite",
      "Description": "",
      "GMNotes": "",
      "ColorDiffuse": {
        "r": 1.0,
        "g": 1.0,
        "b": 1.0
      },
      "LayoutGroupSortIndex": 0,
      "Value": 0,
      "Locked": false,
      "Grid": true,
      "Snap": true,
      "IgnoreFoW": false,
      "MeasureMovement": true,
      "DragSelectable": true,
      "Autoraise": true,
      "Sticky": true,
      "Tooltip": true,
      "GridProjection": false,
      "HideWhenFaceDown": false,
      "Hands": false,
      "CustomAssetbundle": {
        "AssetbundleURL": "http://cloud-3.steamusercontent.com/ugc/863978888070626251/88E8F30F411237F4DBD36E630EEA0A5AEA116E67/",
        "AssetbundleSecondaryURL": "http://cloud-3.steamusercontent.com/ugc/863978888070583020/6CCCF6DBF6FF7A06E76A65F901438F5BCA3477F7/",
        "MaterialIndex": 0,
        "TypeIndex": 1,
        "LoopingEffectIndex": 0
      },
      "LuaScript": "",
      "LuaScriptState": "",
      "XmlUI": ""
    },
    {
      "GUID": "827d3b",
      "Name": "Custom_Assetbundle",
      "Transform": {
        "posX": 2.999996,
        "posY": 1.47191608,
        "posZ": -2.99999952,
        "rotX": 359.955475,
        "rotY": 225.000076,
        "rotZ": 0.06841828,
        "scaleX": 0.400000453,
        "scaleY": 0.400000453,
        "scaleZ": 0.400000453
      },
      "Nickname": "Sybarite",
      "Description": "",
      "GMNotes": "",
      "ColorDiffuse": {
        "r": 1.0,
        "g": 1.0,
        "b": 1.0
      },
      "LayoutGroupSortIndex": 0,
      "Value": 0,
      "Locked": false,
      "Grid": true,
      "Snap": true,
      "IgnoreFoW": false,
      "MeasureMovement": true,
      "DragSelectable": true,
      "Autoraise": true,
      "Sticky": true,
      "Tooltip": true,
      "GridProjection": false,
      "HideWhenFaceDown": false,
      "Hands": false,
      "CustomAssetbundle": {
        "AssetbundleURL": "http://cloud-3.steamusercontent.com/ugc/863978888070623639/CED906D8866EEAB74CCD81DC58D607D71B32CE5B/",
        "AssetbundleSecondaryURL": "http://cloud-3.steamusercontent.com/ugc/863978888070583020/6CCCF6DBF6FF7A06E76A65F901438F5BCA3477F7/",
        "MaterialIndex": 0,
        "TypeIndex": 1,
        "LoopingEffectIndex": 0
      },
      "LuaScript": "",
      "LuaScriptState": "",
      "XmlUI": ""
    },
    {
      "GUID": "3bfc08",
      "Name": "Custom_Model",
      "Transform": {
        "posX": -4.99995232,
        "posY": 1.48816466,
        "posZ": 4.99999,
        "rotX": -0.004378303,
        "rotY": 195.010529,
        "rotZ": 0.08151804,
        "scaleX": 0.975,
        "scaleY": 0.975,
        "scaleZ": 0.975
      },
      "Nickname": "Wych Fighter",
      "Description": "",
      "GMNotes": "",
      "ColorDiffuse": {
        "r": 0.9999998,
        "g": 0.992160857,
        "b": 0.9999998
      },
      "LayoutGroupSortIndex": 0,
      "Value": 0,
      "Locked": false,
      "Grid": true,
      "Snap": true,
      "IgnoreFoW": false,
      "MeasureMovement": true,
      "DragSelectable": true,
      "Autoraise": true,
      "Sticky": true,
      "Tooltip": true,
      "GridProjection": false,
      "HideWhenFaceDown": false,
      "Hands": false,
      "CustomMesh": {
        "MeshURL": "http://cloud-3.steamusercontent.com/ugc/957462346218538031/8005CDED70F49A254A9E1889E1863343A756CBBE/",
        "DiffuseURL": "http://cloud-3.steamusercontent.com/ugc/952958387214708490/51610A73E768B6C0C369CA407F0D1CFC118D05DC/",
        "NormalURL": "",
        "ColliderURL": "http://cloud-3.steamusercontent.com/ugc/769481639410724294/DE623BD66F73B5BAEA303E463D9ECB77B0FB1687/",
        "Convex": true,
        "MaterialIndex": 1,
        "TypeIndex": 0,
        "CastShadows": true
      },
      "LuaScript": "",
      "LuaScriptState": "",
      "XmlUI": ""
    },
    {
      "GUID": "aebce0",
      "Name": "Custom_Assetbundle",
      "Transform": {
        "posX": 2.99998522,
        "posY": 1.47427213,
        "posZ": 5.000004,
        "rotX": 0.0168837346,
        "rotY": 180.000046,
        "rotZ": 0.07986561,
        "scaleX": 0.400000453,
        "scaleY": 0.400000453,
        "scaleZ": 0.400000453
      },
      "Nickname": "Kabalite Gunner",
      "Description": "",
      "GMNotes": "",
      "ColorDiffuse": {
        "r": 1.0,
        "g": 1.0,
        "b": 1.0
      },
      "LayoutGroupSortIndex": 0,
      "Value": 0,
      "Locked": false,
      "Grid": true,
      "Snap": true,
      "IgnoreFoW": false,
      "MeasureMovement": true,
      "DragSelectable": true,
      "Autoraise": true,
      "Sticky": true,
      "Tooltip": true,
      "GridProjection": false,
      "HideWhenFaceDown": false,
      "Hands": false,
      "CustomAssetbundle": {
        "AssetbundleURL": "http://cloud-3.steamusercontent.com/ugc/863978888070614801/6ADE5E3A2D0A05FCD62262705B423B602905E30E/",
        "AssetbundleSecondaryURL": "http://cloud-3.steamusercontent.com/ugc/863978888070583020/6CCCF6DBF6FF7A06E76A65F901438F5BCA3477F7/",
        "MaterialIndex": 0,
        "TypeIndex": 1,
        "LoopingEffectIndex": 0
      },
      "LuaScript": "",
      "LuaScriptState": "",
      "XmlUI": ""
    },
    {
      "GUID": "f549fb",
      "Name": "Custom_Assetbundle",
      "Transform": {
        "posX": 10.9999952,
        "posY": 1.46311879,
        "posZ": 5.00000238,
        "rotX": 0.0168771017,
        "rotY": 179.999954,
        "rotZ": 0.07986544,
        "scaleX": 0.400000453,
        "scaleY": 0.400000453,
        "scaleZ": 0.400000453
      },
      "Nickname": "Kabalite Heavy Gunner",
      "Description": "",
      "GMNotes": "",
      "ColorDiffuse": {
        "r": 1.0,
        "g": 1.0,
        "b": 1.0
      },
      "LayoutGroupSortIndex": 0,
      "Value": 0,
      "Locked": false,
      "Grid": true,
      "Snap": true,
      "IgnoreFoW": false,
      "MeasureMovement": true,
      "DragSelectable": true,
      "Autoraise": true,
      "Sticky": true,
      "Tooltip": true,
      "GridProjection": false,
      "HideWhenFaceDown": false,
      "Hands": false,
      "CustomAssetbundle": {
        "AssetbundleURL": "http://cloud-3.steamusercontent.com/ugc/863978888070617248/B9E88E732B619D99FA27F2F674D3C6158BB1BD78/",
        "AssetbundleSecondaryURL": "http://cloud-3.steamusercontent.com/ugc/863978888070583020/6CCCF6DBF6FF7A06E76A65F901438F5BCA3477F7/",
        "MaterialIndex": 0,
        "TypeIndex": 1,
        "LoopingEffectIndex": 0
      },
      "LuaScript": "",
      "LuaScriptState": "",
      "XmlUI": ""
    },
    {
      "GUID": "d82a51",
      "Name": "Custom_Model",
      "Transform": {
        "posX": -6.99995232,
        "posY": 1.49090719,
        "posZ": 4.99999,
        "rotX": 0.016905278,
        "rotY": 179.994263,
        "rotZ": 0.0798659,
        "scaleX": 1.0,
        "scaleY": 1.0,
        "scaleZ": 1.0
      },
      "Nickname": "Wych Fighter",
      "Description": "",
      "GMNotes": "",
      "ColorDiffuse": {
        "r": 0.9999998,
        "g": 0.992160857,
        "b": 0.9999998
      },
      "LayoutGroupSortIndex": 0,
      "Value": 0,
      "Locked": false,
      "Grid": true,
      "Snap": true,
      "IgnoreFoW": false,
      "MeasureMovement": true,
      "DragSelectable": true,
      "Autoraise": true,
      "Sticky": true,
      "Tooltip": true,
      "GridProjection": false,
      "HideWhenFaceDown": false,
      "Hands": false,
      "CustomMesh": {
        "MeshURL": "http://cloud-3.steamusercontent.com/ugc/952958387214713760/03CF6D0C5DD10B2236D1C471007AFB6AE89FE823/",
        "DiffuseURL": "http://cloud-3.steamusercontent.com/ugc/952958387214708490/51610A73E768B6C0C369CA407F0D1CFC118D05DC/",
        "NormalURL": "",
        "ColliderURL": "http://cloud-3.steamusercontent.com/ugc/769481639410724294/DE623BD66F73B5BAEA303E463D9ECB77B0FB1687/",
        "Convex": true,
        "MaterialIndex": 1,
        "TypeIndex": 0,
        "CastShadows": true
      },
      "LuaScript": "",
      "LuaScriptState": "",
      "XmlUI": ""
    },
    {
      "GUID": "ee5e16",
      "Name": "Custom_Model",
      "Transform": {
        "posX": -6.99995232,
        "posY": 1.48972952,
        "posZ": 0.999989867,
        "rotX": 0.0168898031,
        "rotY": 179.995316,
        "rotZ": 0.07989831,
        "scaleX": 1.0,
        "scaleY": 1.0,
        "scaleZ": 1.0
      },
      "Nickname": "Wych Warrior",
      "Description": "",
      "GMNotes": "",
      "ColorDiffuse": {
        "r": 0.9999998,
        "g": 0.992160857,
        "b": 0.9999998
      },
      "LayoutGroupSortIndex": 0,
      "Value": 0,
      "Locked": false,
      "Grid": true,
      "Snap": true,
      "IgnoreFoW": false,
      "MeasureMovement": true,
      "DragSelectable": true,
      "Autoraise": true,
      "Sticky": true,
      "Tooltip": true,
      "GridProjection": false,
      "HideWhenFaceDown": false,
      "Hands": false,
      "CustomMesh": {
        "MeshURL": "http://cloud-3.steamusercontent.com/ugc/952958387214276982/3407A55020724AC4F517A644703B8CDE753A486C/",
        "DiffuseURL": "http://cloud-3.steamusercontent.com/ugc/952958387209553315/AF959C6DD7FAB72ABA2ED6DE1A093693141F753B/",
        "NormalURL": "",
        "ColliderURL": "http://cloud-3.steamusercontent.com/ugc/769481639410724294/DE623BD66F73B5BAEA303E463D9ECB77B0FB1687/",
        "Convex": true,
        "MaterialIndex": 1,
        "TypeIndex": 0,
        "CastShadows": true
      },
      "LuaScript": "",
      "LuaScriptState": "",
      "XmlUI": ""
    },
    {
      "GUID": "1de305",
      "Name": "Custom_Assetbundle",
      "Transform": {
        "posX": 4.999992,
        "posY": 1.46853912,
        "posZ": -4.999999,
        "rotX": -0.00436118525,
        "rotY": 195.000031,
        "rotZ": 0.08150534,
        "scaleX": 0.400000453,
        "scaleY": 0.400000453,
        "scaleZ": 0.400000453
      },
      "Nickname": "Sybarite",
      "Description": "",
      "GMNotes": "",
      "ColorDiffuse": {
        "r": 1.0,
        "g": 1.0,
        "b": 1.0
      },
      "LayoutGroupSortIndex": 0,
      "Value": 0,
      "Locked": false,
      "Grid": true,
      "Snap": true,
      "IgnoreFoW": false,
      "MeasureMovement": true,
      "DragSelectable": true,
      "Autoraise": true,
      "Sticky": true,
      "Tooltip": true,
      "GridProjection": false,
      "HideWhenFaceDown": false,
      "Hands": false,
      "CustomAssetbundle": {
        "AssetbundleURL": "http://cloud-3.steamusercontent.com/ugc/863978888070630019/B8BC79BE3D6D9B7177B4610B4A9F34FDF34B76AF/",
        "AssetbundleSecondaryURL": "http://cloud-3.steamusercontent.com/ugc/863978888070583020/6CCCF6DBF6FF7A06E76A65F901438F5BCA3477F7/",
        "MaterialIndex": 0,
        "TypeIndex": 1,
        "LoopingEffectIndex": 0
      },
      "LuaScript": "",
      "LuaScriptState": "",
      "XmlUI": ""
    },
    {
      "GUID": "711cdc",
      "Name": "Custom_Assetbundle",
      "Transform": {
        "posX": 6.999989,
        "posY": 1.46575058,
        "posZ": -4.99999857,
        "rotX": -0.0043632756,
        "rotY": 194.999969,
        "rotZ": 0.08150868,
        "scaleX": 0.400000453,
        "scaleY": 0.400000453,
        "scaleZ": 0.400000453
      },
      "Nickname": "Sybarite",
      "Description": "",
      "GMNotes": "",
      "ColorDiffuse": {
        "r": 1.0,
        "g": 1.0,
        "b": 1.0
      },
      "LayoutGroupSortIndex": 0,
      "Value": 0,
      "Locked": false,
      "Grid": true,
      "Snap": true,
      "IgnoreFoW": false,
      "MeasureMovement": true,
      "DragSelectable": true,
      "Autoraise": true,
      "Sticky": true,
      "Tooltip": true,
      "GridProjection": false,
      "HideWhenFaceDown": false,
      "Hands": false,
      "CustomAssetbundle": {
        "AssetbundleURL": "http://cloud-3.steamusercontent.com/ugc/863978888070628628/07D59424A93C96F43B14A94DE4F95B12EF8BD4AE/",
        "AssetbundleSecondaryURL": "http://cloud-3.steamusercontent.com/ugc/863978888070583020/6CCCF6DBF6FF7A06E76A65F901438F5BCA3477F7/",
        "MaterialIndex": 0,
        "TypeIndex": 1,
        "LoopingEffectIndex": 0
      },
      "LuaScript": "",
      "LuaScriptState": "",
      "XmlUI": ""
    },
    {
      "GUID": "9cbdd5",
      "Name": "Custom_Assetbundle",
      "Transform": {
        "posX": 2.99998641,
        "posY": 1.47132766,
        "posZ": -4.999997,
        "rotX": -0.00436944235,
        "rotY": 195.000046,
        "rotZ": 0.08160184,
        "scaleX": 0.400000453,
        "scaleY": 0.400000453,
        "scaleZ": 0.400000453
      },
      "Nickname": "Sybarite",
      "Description": "",
      "GMNotes": "",
      "ColorDiffuse": {
        "r": 1.0,
        "g": 1.0,
        "b": 1.0
      },
      "LayoutGroupSortIndex": 0,
      "Value": 0,
      "Locked": false,
      "Grid": true,
      "Snap": true,
      "IgnoreFoW": false,
      "MeasureMovement": true,
      "DragSelectable": true,
      "Autoraise": true,
      "Sticky": true,
      "Tooltip": true,
      "GridProjection": false,
      "HideWhenFaceDown": false,
      "Hands": false,
      "CustomAssetbundle": {
        "AssetbundleURL": "http://cloud-3.steamusercontent.com/ugc/863978888070625318/BBE13C2F4113AE61C2935628790533F78334DBD9/",
        "AssetbundleSecondaryURL": "http://cloud-3.steamusercontent.com/ugc/863978888070583020/6CCCF6DBF6FF7A06E76A65F901438F5BCA3477F7/",
        "MaterialIndex": 0,
        "TypeIndex": 1,
        "LoopingEffectIndex": 0
      },
      "LuaScript": "",
      "LuaScriptState": "",
      "XmlUI": ""
    },
    {
      "GUID": "56bd03",
      "Name": "Custom_Assetbundle",
      "Transform": {
        "posX": 0.999989867,
        "posY": 1.4770596,
        "posZ": 5.00000238,
        "rotX": 0.03697709,
        "rotY": 165.000031,
        "rotZ": 0.0727581754,
        "scaleX": 0.400000453,
        "scaleY": 0.400000453,
        "scaleZ": 0.400000453
      },
      "Nickname": "Kabalite Gunner",
      "Description": "",
      "GMNotes": "",
      "ColorDiffuse": {
        "r": 1.0,
        "g": 1.0,
        "b": 1.0
      },
      "LayoutGroupSortIndex": 0,
      "Value": 0,
      "Locked": false,
      "Grid": true,
      "Snap": true,
      "IgnoreFoW": false,
      "MeasureMovement": true,
      "DragSelectable": true,
      "Autoraise": true,
      "Sticky": true,
      "Tooltip": true,
      "GridProjection": false,
      "HideWhenFaceDown": false,
      "Hands": false,
      "CustomAssetbundle": {
        "AssetbundleURL": "http://cloud-3.steamusercontent.com/ugc/863978888070616884/E40D7FEB5B1312F9CF05959B4A8460E8B1425408/",
        "AssetbundleSecondaryURL": "http://cloud-3.steamusercontent.com/ugc/863978888070583020/6CCCF6DBF6FF7A06E76A65F901438F5BCA3477F7/",
        "MaterialIndex": 0,
        "TypeIndex": 1,
        "LoopingEffectIndex": 0
      },
      "LuaScript": "",
      "LuaScriptState": "",
      "XmlUI": ""
    },
    {
      "GUID": "36c0ec",
      "Name": "Custom_Assetbundle",
      "Transform": {
        "posX": 8.999994,
        "posY": 1.46590757,
        "posZ": 5.00000238,
        "rotX": 0.0168781523,
        "rotY": 179.999969,
        "rotZ": 0.07986604,
        "scaleX": 0.400000453,
        "scaleY": 0.400000453,
        "scaleZ": 0.400000453
      },
      "Nickname": "Kabalite Heavy Gunner",
      "Description": "",
      "GMNotes": "",
      "ColorDiffuse": {
        "r": 1.0,
        "g": 1.0,
        "b": 1.0
      },
      "LayoutGroupSortIndex": 0,
      "Value": 0,
      "Locked": false,
      "Grid": true,
      "Snap": true,
      "IgnoreFoW": false,
      "MeasureMovement": true,
      "DragSelectable": true,
      "Autoraise": true,
      "Sticky": true,
      "Tooltip": true,
      "GridProjection": false,
      "HideWhenFaceDown": false,
      "Hands": false,
      "CustomAssetbundle": {
        "AssetbundleURL": "http://cloud-3.steamusercontent.com/ugc/863978888070622062/6669E8A5C751A9F5CF1A273EAAF3B3B62135D2E3/",
        "AssetbundleSecondaryURL": "http://cloud-3.steamusercontent.com/ugc/863978888070583020/6CCCF6DBF6FF7A06E76A65F901438F5BCA3477F7/",
        "MaterialIndex": 0,
        "TypeIndex": 1,
        "LoopingEffectIndex": 0
      },
      "LuaScript": "",
      "LuaScriptState": "",
      "XmlUI": ""
    },
    {
      "GUID": "9a6f16",
      "Name": "Custom_Model",
      "Transform": {
        "posX": -8.999953,
        "posY": 1.49369538,
        "posZ": 4.99999,
        "rotX": 0.0168801714,
        "rotY": 179.988937,
        "rotZ": 0.0798785,
        "scaleX": 1.0,
        "scaleY": 1.0,
        "scaleZ": 1.0
      },
      "Nickname": "Wych Fighter",
      "Description": "",
      "GMNotes": "",
      "ColorDiffuse": {
        "r": 0.9999998,
        "g": 0.992160857,
        "b": 0.9999998
      },
      "LayoutGroupSortIndex": 0,
      "Value": 0,
      "Locked": false,
      "Grid": true,
      "Snap": true,
      "IgnoreFoW": false,
      "MeasureMovement": true,
      "DragSelectable": true,
      "Autoraise": true,
      "Sticky": true,
      "Tooltip": true,
      "GridProjection": false,
      "HideWhenFaceDown": false,
      "Hands": false,
      "CustomMesh": {
        "MeshURL": "http://cloud-3.steamusercontent.com/ugc/957462438402202925/22222901D4C0C8AF36F8026541A5574E1ABFE27C/",
        "DiffuseURL": "http://cloud-3.steamusercontent.com/ugc/952958387214708490/51610A73E768B6C0C369CA407F0D1CFC118D05DC/",
        "NormalURL": "",
        "ColliderURL": "http://cloud-3.steamusercontent.com/ugc/769481639410724294/DE623BD66F73B5BAEA303E463D9ECB77B0FB1687/",
        "Convex": true,
        "MaterialIndex": 1,
        "TypeIndex": 0,
        "CastShadows": true
      },
      "LuaScript": "",
      "LuaScriptState": "",
      "XmlUI": ""
    },
    {
      "GUID": "e35f7a",
      "Name": "Custom_Assetbundle",
      "Transform": {
        "posX": 4.99997663,
        "posY": 1.47030616,
        "posZ": 1.000005,
        "rotX": 0.0168830436,
        "rotY": 180.000031,
        "rotZ": 0.07986551,
        "scaleX": 0.400000453,
        "scaleY": 0.400000453,
        "scaleZ": 0.400000453
      },
      "Nickname": "Kabalite Warrior",
      "Description": "",
      "GMNotes": "",
      "ColorDiffuse": {
        "r": 1.0,
        "g": 1.0,
        "b": 1.0
      },
      "LayoutGroupSortIndex": 0,
      "Value": 0,
      "Locked": false,
      "Grid": true,
      "Snap": true,
      "IgnoreFoW": false,
      "MeasureMovement": true,
      "DragSelectable": true,
      "Autoraise": true,
      "Sticky": true,
      "Tooltip": true,
      "GridProjection": false,
      "HideWhenFaceDown": false,
      "Hands": false,
      "CustomAssetbundle": {
        "AssetbundleURL": "http://cloud-3.steamusercontent.com/ugc/863978888070618328/A647DA652750BE2102BA48E3017C9943D0990E99/",
        "AssetbundleSecondaryURL": "http://cloud-3.steamusercontent.com/ugc/863978888070583020/6CCCF6DBF6FF7A06E76A65F901438F5BCA3477F7/",
        "MaterialIndex": 0,
        "TypeIndex": 1,
        "LoopingEffectIndex": 0
      },
      "LuaScript": "",
      "LuaScriptState": "",
      "XmlUI": ""
    }
  ]
}