{
  "SaveName": "Astra Militarum",
  "EpochTime": 1688005321,
  "Date": "6/28/2023 10:22:01 PM",
  "VersionNumber": "v13.2.2",
  "GameMode": "Flex Table",
  "GameType": "",
  "GameComplexity": "",
  "Tags": [],
  "Gravity": 0.5,
  "PlayArea": 0.5,
  "Table": "Table_None",
  "Sky": "Sky_Museum",
  "Note": "",
  "TabStates": {
    "0": {
      "title": "Rules",
      "body": "",
      "color": "Grey",
      "visibleColor": {
        "r": 0.5,
        "g": 0.5,
        "b": 0.5
      },
      "id": 0
    },
    "1": {
      "title": "White",
      "body": "",
      "color": "White",
      "visibleColor": {
        "r": 1.0,
        "g": 1.0,
        "b": 1.0
      },
      "id": 1
    },
    "2": {
      "title": "Brown",
      "body": "",
      "color": "Brown",
      "visibleColor": {
        "r": 0.443,
        "g": 0.231,
        "b": 0.09
      },
      "id": 2
    },
    "3": {
      "title": "Red",
      "body": "",
      "color": "Red",
      "visibleColor": {
        "r": 0.856,
        "g": 0.1,
        "b": 0.094
      },
      "id": 3
    },
    "4": {
      "title": "Orange",
      "body": "",
      "color": "Orange",
      "visibleColor": {
        "r": 0.956,
        "g": 0.392,
        "b": 0.113
      },
      "id": 4
    },
    "5": {
      "title": "Yellow",
      "body": "",
      "color": "Yellow",
      "visibleColor": {
        "r": 0.905,
        "g": 0.898,
        "b": 0.172
      },
      "id": 5
    },
    "6": {
      "title": "Green",
      "body": "",
      "color": "Green",
      "visibleColor": {
        "r": 0.192,
        "g": 0.701,
        "b": 0.168
      },
      "id": 6
    },
    "7": {
      "title": "Blue",
      "body": "",
      "color": "Blue",
      "visibleColor": {
        "r": 0.118,
        "g": 0.53,
        "b": 1.0
      },
      "id": 7
    },
    "8": {
      "title": "Teal",
      "body": "",
      "color": "Teal",
      "visibleColor": {
        "r": 0.129,
        "g": 0.694,
        "b": 0.607
      },
      "id": 8
    },
    "9": {
      "title": "Purple",
      "body": "",
      "color": "Purple",
      "visibleColor": {
        "r": 0.627,
        "g": 0.125,
        "b": 0.941
      },
      "id": 9
    },
    "10": {
      "title": "Pink",
      "body": "",
      "color": "Pink",
      "visibleColor": {
        "r": 0.96,
        "g": 0.439,
        "b": 0.807
      },
      "id": 10
    },
    "11": {
      "title": "Black",
      "body": "",
      "color": "Black",
      "visibleColor": {
        "r": 0.25,
        "g": 0.25,
        "b": 0.25
      },
      "id": 11
    }
  },
  "MusicPlayer": {
    "RepeatSong": false,
    "PlaylistEntry": 0,
    "CurrentAudioTitle": "Alien Theme",
    "CurrentAudioURL": "http://cloud-3.steamusercontent.com/ugc/793117274870675404/6DDF8D1FD55F3D176CDEE90085C2900CFCB2DCF6/",
    "AudioLibrary": [
      {
        "Item1": "http://cloud-3.steamusercontent.com/ugc/793117274870675404/6DDF8D1FD55F3D176CDEE90085C2900CFCB2DCF6/",
        "Item2": "Alien Theme"
      }
    ]
  },
  "Grid": {
    "Type": 0,
    "Lines": true,
    "Color": {
      "r": 0.0,
      "g": 0.0,
      "b": 0.0
    },
    "Opacity": 1.0,
    "ThickLines": true,
    "Snapping": false,
    "Offset": true,
    "BothSnapping": false,
    "xSize": 2.0,
    "ySize": 2.0,
    "PosOffset": {
      "x": 0.0,
      "y": 1.0,
      "z": 0.0
    }
  },
  "Lighting": {
    "LightIntensity": 0.30000028,
    "LightColor": {
      "r": 1.0,
      "g": 0.9804,
      "b": 0.8902
    },
    "AmbientIntensity": 1.3,
    "AmbientType": 0,
    "AmbientSkyColor": {
      "r": 0.5,
      "g": 0.5,
      "b": 0.5
    },
    "AmbientEquatorColor": {
      "r": 0.5,
      "g": 0.5,
      "b": 0.5
    },
    "AmbientGroundColor": {
      "r": 0.5,
      "g": 0.5,
      "b": 0.5
    },
    "ReflectionIntensity": 1.0,
    "LutIndex": 0,
    "LutContribution": 1.0,
    "LutURL": ""
  },
  "Hands": {
    "Enable": true,
    "DisableUnused": false,
    "Hiding": 0
  },
  "ComponentTags": {
    "labels": []
  },
  "Turns": {
    "Enable": false,
    "Type": 0,
    "TurnOrder": [],
    "Reverse": false,
    "SkipEmpty": false,
    "DisableInteractions": false,
    "PassTurns": true,
    "TurnColor": ""
  },
  "DecalPallet": [],
  "LuaScript": "--",
  "LuaScriptState": "",
  "XmlUI": "<!-- Xml UI. See documentation: https://api.tabletopsimulator.com/ui/introUI/ -->",
  "ObjectStates": [
    {
      "GUID": "928e54",
      "Name": "HandTrigger",
      "Transform": {
        "posX": 0.0,
        "posY": 5.0,
        "posZ": -10.7499847,
        "rotX": 0.0,
        "rotY": 0.0,
        "rotZ": 0.0,
        "scaleX": 11.8350019,
        "scaleY": 7.002465,
        "scaleZ": 4.04115963
      },
      "Nickname": "",
      "Description": "",
      "GMNotes": "",
      "AltLookAngle": {
        "x": 0.0,
        "y": 0.0,
        "z": 0.0
      },
      "ColorDiffuse": {
        "r": 1.0,
        "g": 1.0,
        "b": 1.0,
        "a": 0.0
      },
      "LayoutGroupSortIndex": 0,
      "Value": 0,
      "Locked": true,
      "Grid": false,
      "Snap": true,
      "IgnoreFoW": false,
      "MeasureMovement": false,
      "DragSelectable": true,
      "Autoraise": true,
      "Sticky": true,
      "Tooltip": true,
      "GridProjection": false,
      "HideWhenFaceDown": false,
      "Hands": false,
      "FogColor": "White",
      "LuaScript": "",
      "LuaScriptState": "",
      "XmlUI": ""
    },
    {
      "GUID": "d03407",
      "Name": "HandTrigger",
      "Transform": {
        "posX": -19.75,
        "posY": 5.0,
        "posZ": 0.0,
        "rotX": 0.0,
        "rotY": 90.0,
        "rotZ": 0.0,
        "scaleX": 11.74445,
        "scaleY": 7.0,
        "scaleZ": 4.08282375
      },
      "Nickname": "",
      "Description": "",
      "GMNotes": "",
      "AltLookAngle": {
        "x": 0.0,
        "y": 0.0,
        "z": 0.0
      },
      "ColorDiffuse": {
        "r": 0.856,
        "g": 0.09999997,
        "b": 0.09399996,
        "a": 0.0
      },
      "LayoutGroupSortIndex": 0,
      "Value": 0,
      "Locked": true,
      "Grid": false,
      "Snap": true,
      "IgnoreFoW": false,
      "MeasureMovement": false,
      "DragSelectable": true,
      "Autoraise": true,
      "Sticky": true,
      "Tooltip": true,
      "GridProjection": false,
      "HideWhenFaceDown": false,
      "Hands": false,
      "FogColor": "Red",
      "LuaScript": "",
      "LuaScriptState": "",
      "XmlUI": ""
    },
    {
      "GUID": "4ba445",
      "Name": "HandTrigger",
      "Transform": {
        "posX": 0.0,
        "posY": 5.0,
        "posZ": 10.7499847,
        "rotX": 0.0,
        "rotY": 180.0,
        "rotZ": 0.0,
        "scaleX": 11.8350019,
        "scaleY": 7.0,
        "scaleZ": 4.041209
      },
      "Nickname": "",
      "Description": "",
      "GMNotes": "",
      "AltLookAngle": {
        "x": 0.0,
        "y": 0.0,
        "z": 0.0
      },
      "ColorDiffuse": {
        "r": 0.191999972,
        "g": 0.701,
        "b": 0.167999953,
        "a": 0.0
      },
      "LayoutGroupSortIndex": 0,
      "Value": 0,
      "Locked": true,
      "Grid": false,
      "Snap": true,
      "IgnoreFoW": false,
      "MeasureMovement": false,
      "DragSelectable": true,
      "Autoraise": true,
      "Sticky": true,
      "Tooltip": true,
      "GridProjection": false,
      "HideWhenFaceDown": false,
      "Hands": false,
      "FogColor": "Green",
      "LuaScript": "",
      "LuaScriptState": "",
      "XmlUI": ""
    },
    {
      "GUID": "2a53d1",
      "Name": "HandTrigger",
      "Transform": {
        "posX": 19.75,
        "posY": 5.0,
        "posZ": 0.0,
        "rotX": 0.0,
        "rotY": 270.0,
        "rotZ": 0.0,
        "scaleX": 11.7442293,
        "scaleY": 7.0,
        "scaleZ": 4.08275127
      },
      "Nickname": "",
      "Description": "",
      "GMNotes": "",
      "AltLookAngle": {
        "x": 0.0,
        "y": 0.0,
        "z": 0.0
      },
      "ColorDiffuse": {
        "r": 0.117999978,
        "g": 0.53,
        "b": 1.0,
        "a": 0.0
      },
      "LayoutGroupSortIndex": 0,
      "Value": 0,
      "Locked": true,
      "Grid": false,
      "Snap": true,
      "IgnoreFoW": false,
      "MeasureMovement": false,
      "DragSelectable": true,
      "Autoraise": true,
      "Sticky": true,
      "Tooltip": true,
      "GridProjection": false,
      "HideWhenFaceDown": false,
      "Hands": false,
      "FogColor": "Blue",
      "LuaScript": "",
      "LuaScriptState": "",
      "XmlUI": ""
    },
    {
      "GUID": "afc863",
      "Name": "Custom_Assetbundle",
      "Transform": {
        "posX": 0.0,
        "posY": -9.0,
        "posZ": 9.0,
        "rotX": 6.536436E-07,
        "rotY": -2.39176334E-05,
        "rotZ": -3.84849864E-06,
        "scaleX": 1.0,
        "scaleY": 1.0,
        "scaleZ": 1.0
      },
      "Nickname": "",
      "Description": "",
      "GMNotes": "",
      "AltLookAngle": {
        "x": 0.0,
        "y": 0.0,
        "z": 0.0
      },
      "ColorDiffuse": {
        "r": 1.0,
        "g": 1.0,
        "b": 1.0
      },
      "LayoutGroupSortIndex": 0,
      "Value": 0,
      "Locked": true,
      "Grid": true,
      "Snap": true,
      "IgnoreFoW": false,
      "MeasureMovement": false,
      "DragSelectable": true,
      "Autoraise": true,
      "Sticky": true,
      "Tooltip": true,
      "GridProjection": false,
      "HideWhenFaceDown": false,
      "Hands": false,
      "CustomAssetbundle": {
        "AssetbundleURL": "http://cloud-3.steamusercontent.com/ugc/879750610978795929/723C50F43FAB3DE3DC12CB8460536E8CB34B60A3/",
        "AssetbundleSecondaryURL": "",
        "MaterialIndex": 2,
        "TypeIndex": 4,
        "LoopingEffectIndex": 0
      },
      "LuaScript": "",
      "LuaScriptState": "",
      "XmlUI": ""
    },
    {
      "GUID": "c8edca",
      "Name": "Custom_Assetbundle",
      "Transform": {
        "posX": 0.0,
        "posY": -9.0,
        "posZ": -9.0,
        "rotX": 6.536436E-07,
        "rotY": 90.0,
        "rotZ": -3.84849864E-06,
        "scaleX": 1.0,
        "scaleY": 1.0,
        "scaleZ": 1.0
      },
      "Nickname": "",
      "Description": "",
      "GMNotes": "",
      "AltLookAngle": {
        "x": 0.0,
        "y": 0.0,
        "z": 0.0
      },
      "ColorDiffuse": {
        "r": 1.0,
        "g": 1.0,
        "b": 1.0
      },
      "LayoutGroupSortIndex": 0,
      "Value": 0,
      "Locked": true,
      "Grid": true,
      "Snap": true,
      "IgnoreFoW": false,
      "MeasureMovement": false,
      "DragSelectable": true,
      "Autoraise": true,
      "Sticky": true,
      "Tooltip": true,
      "GridProjection": false,
      "HideWhenFaceDown": false,
      "Hands": false,
      "CustomAssetbundle": {
        "AssetbundleURL": "http://cloud-3.steamusercontent.com/ugc/879750610978795929/723C50F43FAB3DE3DC12CB8460536E8CB34B60A3/",
        "AssetbundleSecondaryURL": "",
        "MaterialIndex": 2,
        "TypeIndex": 4,
        "LoopingEffectIndex": 0
      },
      "LuaScript": "",
      "LuaScriptState": "",
      "XmlUI": ""
    },
    {
      "GUID": "393bf7",
      "Name": "Custom_Assetbundle",
      "Transform": {
        "posX": 0.0,
        "posY": -9.0,
        "posZ": -9.0,
        "rotX": 6.536436E-07,
        "rotY": 180.0,
        "rotZ": -3.84849864E-06,
        "scaleX": 1.0,
        "scaleY": 1.0,
        "scaleZ": 1.0
      },
      "Nickname": "",
      "Description": "",
      "GMNotes": "",
      "AltLookAngle": {
        "x": 0.0,
        "y": 0.0,
        "z": 0.0
      },
      "ColorDiffuse": {
        "r": 1.0,
        "g": 1.0,
        "b": 1.0
      },
      "LayoutGroupSortIndex": 0,
      "Value": 0,
      "Locked": true,
      "Grid": true,
      "Snap": true,
      "IgnoreFoW": false,
      "MeasureMovement": false,
      "DragSelectable": true,
      "Autoraise": true,
      "Sticky": true,
      "Tooltip": true,
      "GridProjection": false,
      "HideWhenFaceDown": false,
      "Hands": false,
      "CustomAssetbundle": {
        "AssetbundleURL": "http://cloud-3.steamusercontent.com/ugc/879750610978795929/723C50F43FAB3DE3DC12CB8460536E8CB34B60A3/",
        "AssetbundleSecondaryURL": "",
        "MaterialIndex": 2,
        "TypeIndex": 4,
        "LoopingEffectIndex": 0
      },
      "LuaScript": "",
      "LuaScriptState": "",
      "XmlUI": ""
    },
    {
      "GUID": "12c65e",
      "Name": "Custom_Assetbundle",
      "Transform": {
        "posX": 0.0,
        "posY": -9.0,
        "posZ": 9.0,
        "rotX": 6.536436E-07,
        "rotY": 270.0,
        "rotZ": -3.84849864E-06,
        "scaleX": 1.0,
        "scaleY": 1.0,
        "scaleZ": 1.0
      },
      "Nickname": "",
      "Description": "",
      "GMNotes": "",
      "AltLookAngle": {
        "x": 0.0,
        "y": 0.0,
        "z": 0.0
      },
      "ColorDiffuse": {
        "r": 1.0,
        "g": 1.0,
        "b": 1.0
      },
      "LayoutGroupSortIndex": 0,
      "Value": 0,
      "Locked": true,
      "Grid": true,
      "Snap": true,
      "IgnoreFoW": false,
      "MeasureMovement": false,
      "DragSelectable": true,
      "Autoraise": true,
      "Sticky": true,
      "Tooltip": true,
      "GridProjection": false,
      "HideWhenFaceDown": false,
      "Hands": false,
      "CustomAssetbundle": {
        "AssetbundleURL": "http://cloud-3.steamusercontent.com/ugc/879750610978795929/723C50F43FAB3DE3DC12CB8460536E8CB34B60A3/",
        "AssetbundleSecondaryURL": "",
        "MaterialIndex": 2,
        "TypeIndex": 4,
        "LoopingEffectIndex": 0
      },
      "LuaScript": "",
      "LuaScriptState": "",
      "XmlUI": ""
    },
    {
      "GUID": "bd69bd",
      "Name": "Chinese_Checkers_Piece",
      "Transform": {
        "posX": 19.1600037,
        "posY": -0.259998322,
        "posZ": -13.1200008,
        "rotX": 0.00190076465,
        "rotY": 180.0,
        "rotZ": 0.000379891542,
        "scaleX": 1.6499995,
        "scaleY": 1.6499995,
        "scaleZ": 1.6499995
      },
      "Nickname": "Flex Table Control",
      "Description": "",
      "GMNotes": "",
      "AltLookAngle": {
        "x": 0.0,
        "y": 0.0,
        "z": 0.0
      },
      "ColorDiffuse": {
        "r": 1.0,
        "g": 1.0,
        "b": 1.0
      },
      "LayoutGroupSortIndex": 0,
      "Value": 0,
      "Locked": true,
      "Grid": true,
      "Snap": true,
      "IgnoreFoW": false,
      "MeasureMovement": false,
      "DragSelectable": true,
      "Autoraise": true,
      "Sticky": true,
      "Tooltip": false,
      "GridProjection": false,
      "HideWhenFaceDown": false,
      "Hands": false,
      "MaterialIndex": 1,
      "LuaScript": "tableHeightOffset = -9\n\nfunction onSave()\n    saved_data = JSON.encode({tid=tableImageData, cd=checkData})\n    --saved_data = \"\"\n    return saved_data\nend\n\nfunction onload(saved_data)\n    --Loads the tracking for if the game has started yet\n    if saved_data ~= \"\" then\n         local loaded_data = JSON.decode(saved_data)\n         tableImageData = loaded_data.tid\n         checkData = loaded_data.cd\n    else\n        tableImageData = {}\n        checkData = {move=false, scale=false}\n    end\n\n    --Disables interactable status of objects with GUID in list\n    for _, guid in ipairs(ref_noninteractable) do\n        local obj = getObjectFromGUID(guid)\n        if obj then obj.interactable = false end\n    end\n\n    --Establish references to table parts\n    obj_leg1 = getObjectFromGUID(\"afc863\")\n    obj_leg2 = getObjectFromGUID(\"c8edca\")\n    obj_leg3 = getObjectFromGUID(\"393bf7\")\n    obj_leg4 = getObjectFromGUID(\"12c65e\")\n    obj_surface = getObjectFromGUID(\"4ee1f2\")\n    obj_side_top = getObjectFromGUID(\"35b95f\")\n    obj_side_bot = getObjectFromGUID(\"f938a2\")\n    obj_side_lef = getObjectFromGUID(\"9f95fd\")\n    obj_side_rig = getObjectFromGUID(\"5af8f2\")\n\n    controlActive = false\n    createOpenCloseButton()\nend\n\n\n\n--Activation/deactivation of control panel\n\n\n\n--Activated by clicking on\nfunction click_toggleControl(_, color)\n    if permissionCheck(color) then\n        if not controlActive then\n            --Activate control panel\n            controlActive = true\n            self.clearButtons()\n            createOpenCloseButton()\n            createSurfaceInput()\n            createSurfaceButtons()\n            createScaleInput()\n            createScaleButtons()\n        else\n            --Deactivate control panel\n            controlActive = false\n            self.clearButtons()\n            self.clearInputs()\n            createOpenCloseButton()\n\n        end\n    end\nend\n\n\n\n\n--Table surface control\n\n\n\n--Changes table surface\nfunction click_applySurface(_, color)\n    if permissionCheck(color) then\n        updateSurface()\n        broadcastToAll(\"New Table Image Applied\", {0.2,0.9,0.2})\n    end\nend\n\n--Saves table surface\nfunction click_saveSurface(_, color)\n    if permissionCheck(color) then\n        local nickname = self.getInputs()[1].value\n        local url = self.getInputs()[2].value\n        if nickname == \"\" then\n            --No nickname\n            broadcastToAll(\"Please supply a nickname for this save.\", {0.9,0.2,0.2})\n        else\n            --Nickname exists\n\n            if findInImageDataIndex(url, nickname) == nil then\n                --Save doesn't exist already\n                table.insert(tableImageData, {url=url, name=nickname})\n                broadcastToAll(\"Image URL saved to memory.\", {0.2,0.9,0.2})\n                --Refresh buttons\n                self.clearButtons()\n                createOpenCloseButton()\n                createSurfaceButtons()\n                createScaleButtons()\n            else\n                --Save exists already\n                broadcastToAll(\"Memory already contains a save with this Name or URL. Delete it first.\", {0.9,0.2,0.2})\n            end\n        end\n    end\nend\n\n--Loads table surface\nfunction click_loadMemory(_, color, index)\n    if permissionCheck(color) then\n        self.editInput({index=0, value=tableImageData[index].name})\n        self.editInput({index=1, value=tableImageData[index].url})\n        updateSurface()\n        broadcastToAll(\"Table Image Loaded\", {0.2,0.9,0.2})\n    end\nend\n\n--Deletes table surface\nfunction click_deleteMemory(_, color, index)\n    if permissionCheck(color) then\n        table.remove(tableImageData, index)\n        self.clearButtons()\n        createOpenCloseButton()\n        createSurfaceButtons()\n        createScaleButtons()\n        broadcastToAll(\"Element Removed from Memory\", {0.2,0.9,0.2})\n    end\nend\n\n--Updates surface from the values in the input field\nfunction updateSurface()\n    local customInfo = obj_surface.getCustomObject()\n    customInfo.diffuse = self.getInputs()[2].value\n    obj_surface.setCustomObject(customInfo)\n    obj_surface = obj_surface.reload()\nend\n\n\n\n--Table Scale control\n\n\n\n--Applies Scale to table pieces\nfunction click_applyScale(_, color)\n    if permissionCheck(color) then\n        local newWidth = tonumber(self.getInputs()[3].value)\n        local newDepth = tonumber(self.getInputs()[4].value)\n        if type(newWidth) ~= \"number\" then\n            broadcastToAll(\"Invalid Width\", {0.9,0.2,0.2})\n            return\n        elseif type(newDepth) ~= \"number\" then\n            broadcastToAll(\"Invalid Depth\", {0.9,0.2,0.2})\n            return\n        elseif newWidth<0.1 or newDepth<0.1 then\n            broadcastToAll(\"Scale cannot go below 0.1\", {0.9,0.2,0.2})\n            return\n        elseif newWidth>12 or newDepth>12 then\n            broadcastToAll(\"Scale should not go over 12 (world size limitation)\", {0.9,0.2,0.2})\n            return\n        else\n            changeTableScale(math.abs(newWidth), math.abs(newDepth))\n            broadcastToAll(\"Scale applied.\", {0.2,0.9,0.2})\n        end\n    end\nend\n\n--Checks/unchecks move box for hands\nfunction click_checkMove(_, color)\n    if permissionCheck(color) then\n        local find_func = function(o) return o.click_function==\"click_checkMove\" end\n        if checkData.move == true then\n            checkData.move = false\n            local buttonEntry = findButton(self, find_func)\n            self.editButton({index=buttonEntry.index, label=\"\"})\n        else\n            checkData.move = true\n            local buttonEntry = findButton(self, find_func)\n            self.editButton({index=buttonEntry.index, label=string.char(10008)})\n        end\n    end\nend\n\n--Checks/unchecks scale box for hands\n--This button was disabled for technical reasons\n--[[\nfunction click_checkScale(_, color)\n    if permissionCheck(color) then\n        local find_func = function(o) return o.click_function==\"click_checkScale\" end\n        if checkData.scale == true then\n            checkData.scale = false\n            local buttonEntry = findButton(self, find_func)\n            self.editButton({index=buttonEntry.index, label=\"\"})\n        else\n            checkData.scale = true\n            local buttonEntry = findButton(self, find_func)\n            self.editButton({index=buttonEntry.index, label=string.char(10008)})\n        end\n    end\nend\n]]\n\n--Alters scale of elements and moves them\nfunction changeTableScale(width, depth)\n    --Scaling factors used to translate scale to position offset\n    local width2pos = (width-1) * 18\n    local depth2pos = (depth-1) * 18\n\n    --Hand zone movement\n    if checkData.move == true then\n        for _, pc in ipairs(ref_playerColor) do\n            if Player[pc].getHandCount() > 0 then\n                moveHandZone(Player[pc], width2pos, depth2pos)\n            end\n        end\n    end\n    --Hand zone scaling\n    --The button to enable this was disabled for technical reasons\n    if checkData.scale == true then\n        for _, pc in ipairs(ref_playerColor) do\n            if Player[pc].getHandCount() > 0 then\n                scaleHandZone(Player[pc], width, depth)\n            end\n        end\n    end\n\n    --Resizing table elements\n    obj_side_top.setScale({width, 1, 1})\n    obj_side_bot.setScale({width, 1, 1})\n    obj_side_lef.setScale({depth, 1, 1})\n    obj_side_rig.setScale({depth, 1, 1})\n    obj_surface.setScale({width, 1, depth})\n\n    --Moving table elements to accomodate new scale\n    obj_side_lef.setPosition({-width2pos,tableHeightOffset,0})\n    obj_side_rig.setPosition({ width2pos,tableHeightOffset,0})\n    obj_side_top.setPosition({0,tableHeightOffset, depth2pos})\n    obj_side_bot.setPosition({0,tableHeightOffset,-depth2pos})\n    obj_leg1.setPosition({-width2pos,tableHeightOffset,-depth2pos})\n    obj_leg2.setPosition({-width2pos,tableHeightOffset, depth2pos})\n    obj_leg3.setPosition({ width2pos,tableHeightOffset, depth2pos})\n    obj_leg4.setPosition({ width2pos,tableHeightOffset,-depth2pos})\n    self.setPosition(obj_leg4.positionToWorld({-22.12, 8.74,-19.16}))\n    --Only enabled when changing tableHeightOffset\n    --obj_surface.setPosition({0,tableHeightOffset,0})\nend\n\n--Move hand zone, p=player reference, facts are scaling factors\nfunction moveHandZone(p, width2pos, depth2pos)\n    local widthX = obj_side_rig.getPosition().x\n    local depthZ = obj_side_top.getPosition().z\n    for i=1, p.getHandCount() do\n        local handT = p.getHandTransform()\n        local pos = handT.position\n        local y = handT.rotation.y\n\n        if y<45 or y>320 or y>135 and y<225 then\n            if pos.z > 0 then\n                pos.z = pos.z + depth2pos - depthZ\n            else\n                pos.z = pos.z - depth2pos + depthZ\n            end\n        else\n            if pos.x > 0 then\n                pos.x = pos.x + width2pos - widthX\n            else\n                pos.x = pos.x - width2pos + widthX\n            end\n        end\n\n        --Only enabled when changing tableHeightOffset\n        --pos.y = tableHeightOffset + 14\n\n        handT.position = pos\n        p.setHandTransform(handT, i)\n    end\nend\n\n\n---Scales hand zones, p=player reference, facts are scaling factors\nfunction scaleHandZone(p, width, depth)\n    local widthFact = width / obj_side_top.getScale().x\n    local depthFact = depth / obj_side_lef.getScale().x\n    for i=1, p.getHandCount() do\n        local handT = p.getHandTransform()\n        local scale = handT.scale\n        local y = handT.rotation.y\n        if y<45 or y>320 or y>135 and y<225 then\n            scale.x = scale.x * widthFact\n        else\n            scale.x = scale.x * depthFact\n        end\n        handT.scale = scale\n        p.setHandTransform(handT, i)\n    end\nend\n\n\n\n--Information gathering\n\n\n\n--Checks if a color is promoted or host\nfunction permissionCheck(color)\n    if Player[color].host==true or Player[color].promoted==true then\n        return true\n    else\n        return false\n    end\nend\n\n--Locates a string saved within memory file\nfunction findInImageDataIndex(...)\n    for _, str in ipairs({...}) do\n        for i, v in ipairs(tableImageData) do\n            if v.url == str or v.name == str then\n                return i\n            end\n        end\n    end\n    return nil\nend\n\n--Round number (num) to the Nth decimal (dec)\nfunction round(num, dec)\n  local mult = 10^(dec or 0)\n  return math.floor(num * mult + 0.5) / mult\nend\n\n--Locates a button with a helper function\nfunction findButton(obj, func)\n    if func==nil then error(\"No func supplied to findButton\") end\n    for _, v in ipairs(obj.getButtons()) do\n        if func(v) then\n            return v\n        end\n    end\n    return nil\nend\n\n\n\n--Creation of buttons/inputs\n\n\n\nfunction createOpenCloseButton()\n    local tooltip = \"Open Table Control Panel\"\n    if controlActive then\n        tooltip = \"Close Table Control Panel\"\n    end\n    self.createButton({\n        click_function=\"click_toggleControl\", function_owner=self,\n        position={0,0,0}, rotation={-45,0,0}, height=400, width=400,\n        color={1,1,1,0}, tooltip=tooltip\n    })\nend\n\nfunction createSurfaceInput()\n    local currentURL = obj_surface.getCustomObject().diffuse\n    local nickname = \"\"\n    if findInImageDataIndex(currentURL) ~= nil then\n        nickname = tableImageData[findInImageDataIndex(currentURL)].name\n    end\n    self.createInput({\n        label=\"Nickname\", input_function=\"none\", function_owner=self,\n        alignment=3, position={0,0,2}, height=224, width=4000,\n        font_size=200, tooltip=\"Enter nickname for table image (only used for save)\",\n        value=nickname\n    })\n    self.createInput({\n        label=\"URL\", input_function=\"none\", function_owner=self,\n        alignment=3, position={0,0,3}, height=224, width=4000,\n        font_size=200, tooltip=\"Enter URL for tabletop image\",\n        value=currentURL\n    })\nend\n\nfunction createSurfaceButtons()\n    --Label\n    self.createButton({\n        label=\"Tabletop Surface Image\", click_function=\"none\",\n        position={0,0,1}, height=0, width=0, font_size=300, font_color={1,1,1}\n    })\n    --Functional\n    self.createButton({\n        label=\"Apply Image\\nTo Table\", click_function=\"click_applySurface\",\n        function_owner=self, tooltip=\"Apply URL as table image\",\n        position={2,0,4}, height=440, width=1400, font_size=200,\n    })\n    self.createButton({\n        label=\"Save Image\\nTo Memory\", click_function=\"click_saveSurface\",\n        function_owner=self, tooltip=\"Record URL into memory (requires nickname)\",\n        position={-2,0,4}, height=440, width=1400, font_size=200,\n    })\n    --Label\n    self.createButton({\n        label=\"Load From Memory\", click_function=\"none\",\n        position={0,0,5.5}, height=0, width=0, font_size=300, font_color={1,1,1}\n    })\n    --Saves, created dynamically from memory file\n    for i, memoryEntry in ipairs(tableImageData) do\n        --Load\n        local funcName = i..\"loadMemory\"\n        local func = function(x,y) click_loadMemory(x,y,i) end\n        self.setVar(funcName, func)\n        self.createButton({\n            label=memoryEntry.name, click_function=funcName,\n            function_owner=self, tooltip=memoryEntry.url, font_size=200,\n            position={-0.6,0,6.5+0.5*(i-1)}, height=240, width=3300,\n        })\n        --Delete\n        local funcName = i..\"deleteMemory\"\n        local func = function(x,y) click_deleteMemory(x,y,i) end\n        self.setVar(funcName, func)\n        self.createButton({\n            label=\"DELETE\", click_function=funcName,\n            function_owner=self, tooltip=\"\",\n            position={3.6,0,6.5+0.5*(i-1)}, height=240, width=600,\n            font_size=160, font_color={1,0,0}, color={0.8,0.8,0.8}\n        })\n    end\nend\n\nfunction createScaleInput()\n    self.createInput({\n        label=string.char(8644), input_function=\"none\", function_owner=self,\n        alignment=3, position={-8.5,0,2}, height=224, width=400,\n        font_size=200, tooltip=\"Table Width\",\n        value=round(obj_side_top.getScale().x, 1)\n    })\n    self.createInput({\n        label=string.char(8645), input_function=\"none\", function_owner=self,\n        alignment=3, position={-7.5,0,2}, height=224, width=400,\n        font_size=200, tooltip=\"Table Depth\",\n        value=round(obj_side_lef.getScale().x, 1)\n    })\nend\n\nfunction createScaleButtons()\n    --Labels\n    self.createButton({\n        label=\"Table Scale\", click_function=\"none\",\n        position={-8,0,1}, height=0, width=0, font_size=300, font_color={1,1,1}\n    })\n    self.createButton({\n        label=string.char(8644)..\"            \"..string.char(8645),\n        click_function=\"none\",\n        position={-8,0,2}, height=0, width=0, font_size=300, font_color={1,1,1}\n    })\n    self.createButton({\n        label=\"Move Hands:\", click_function=\"none\",\n        position={-8.3,0,3}, height=0, width=0, font_size=200, font_color={1,1,1}\n    })\n    --Disabled due to me removing the feature for technical reasons\n    --[[\n    self.createButton({\n        label=\"Scale Hands:\", click_function=\"none\",\n        position={-8.3,0,4}, height=0, width=0, font_size=200, font_color={1,1,1}\n    })\n    ]]\n    --Checkboxes\n    local label = \"\"\n    if checkData.move == true then label = string.char(10008) end\n    self.createButton({\n        label=label, click_function=\"click_checkMove\",\n        function_owner=self, tooltip=\"Check to move hands when table is rescaled\",\n        position={-6.8,0,3}, height=224, width=224, font_size=200,\n    })\n    --[[\n    local label = \"\"\n    if checkData.scale == true then label = string.char(10008) end\n    self.createButton({\n        label=label, click_function=\"click_checkScale\",\n        function_owner=self, tooltip=\"Check to scale the width of hands when table is rescaled\",\n        position={-6.8,0,4}, height=224, width=224, font_size=200,\n    })\n    ]]\n    --Apply button\n    self.createButton({\n        label=\"Apply Scale\", click_function=\"click_applyScale\",\n        function_owner=self, tooltip=\"Apply width/depth to table\",\n        position={-8,0,4}, height=440, width=1400, font_size=200,\n    })\nend\n\n\n\n\n\n--Data tables\n\n\n\n\nref_noninteractable = {\n    \"afc863\",\"c8edca\",\"393bf7\",\"12c65e\",\"f938a2\",\"9f95fd\",\"35b95f\",\n    \"5af8f2\",\"4ee1f2\",\"bd69bd\"\n}\n\nref_playerColor = {\n    \"White\", \"Brown\", \"Red\", \"Orange\", \"Yellow\",\n    \"Green\", \"Teal\", \"Blue\", \"Purple\", \"Pink\", \"Black\"\n}\n\n--Dummy function, absorbs unwanted triggers\nfunction none() end\n",
      "LuaScriptState": "{\"cd\":{\"move\":true,\"scale\":false},\"tid\":[{\"name\":\"Felt - Green\",\"url\":\"https://i.imgur.com/eHXDjyy.jpg\"},{\"name\":\"Felt - Red\",\"url\":\"https://i.imgur.com/DbPelDi.jpg\"},{\"name\":\"Felt - Grey\",\"url\":\"https://i.imgur.com/N0O6aqj.jpg\"}]}",
      "XmlUI": ""
    },
    {
      "GUID": "f938a2",
      "Name": "Custom_Assetbundle",
      "Transform": {
        "posX": 0.0,
        "posY": -9.0,
        "posZ": 9.0,
        "rotX": -1.01777751E-13,
        "rotY": 0.0,
        "rotZ": 0.0,
        "scaleX": 1.0,
        "scaleY": 1.0,
        "scaleZ": 1.0
      },
      "Nickname": "",
      "Description": "",
      "GMNotes": "",
      "AltLookAngle": {
        "x": 0.0,
        "y": 0.0,
        "z": 0.0
      },
      "ColorDiffuse": {
        "r": 1.0,
        "g": 1.0,
        "b": 1.0
      },
      "LayoutGroupSortIndex": 0,
      "Value": 0,
      "Locked": true,
      "Grid": true,
      "Snap": true,
      "IgnoreFoW": false,
      "MeasureMovement": false,
      "DragSelectable": true,
      "Autoraise": true,
      "Sticky": true,
      "Tooltip": true,
      "GridProjection": false,
      "HideWhenFaceDown": false,
      "Hands": false,
      "CustomAssetbundle": {
        "AssetbundleURL": "http://cloud-3.steamusercontent.com/ugc/879750610978796471/14ED0DBD593370733A0309B0950004F33EB9FACA/",
        "AssetbundleSecondaryURL": "",
        "MaterialIndex": 1,
        "TypeIndex": 4,
        "LoopingEffectIndex": 0
      },
      "LuaScript": "",
      "LuaScriptState": "",
      "XmlUI": ""
    },
    {
      "GUID": "9f95fd",
      "Name": "Custom_Assetbundle",
      "Transform": {
        "posX": 0.0,
        "posY": -9.0,
        "posZ": 0.0,
        "rotX": 0.0,
        "rotY": 90.0,
        "rotZ": 0.0,
        "scaleX": 0.5,
        "scaleY": 1.0,
        "scaleZ": 1.0
      },
      "Nickname": "",
      "Description": "",
      "GMNotes": "",
      "AltLookAngle": {
        "x": 0.0,
        "y": 0.0,
        "z": 0.0
      },
      "ColorDiffuse": {
        "r": 1.0,
        "g": 1.0,
        "b": 1.0
      },
      "LayoutGroupSortIndex": 0,
      "Value": 0,
      "Locked": true,
      "Grid": true,
      "Snap": true,
      "IgnoreFoW": false,
      "MeasureMovement": false,
      "DragSelectable": true,
      "Autoraise": true,
      "Sticky": true,
      "Tooltip": true,
      "GridProjection": false,
      "HideWhenFaceDown": false,
      "Hands": false,
      "CustomAssetbundle": {
        "AssetbundleURL": "http://cloud-3.steamusercontent.com/ugc/879750610978796471/14ED0DBD593370733A0309B0950004F33EB9FACA/",
        "AssetbundleSecondaryURL": "",
        "MaterialIndex": 1,
        "TypeIndex": 4,
        "LoopingEffectIndex": 0
      },
      "LuaScript": "",
      "LuaScriptState": "",
      "XmlUI": ""
    },
    {
      "GUID": "35b95f",
      "Name": "Custom_Assetbundle",
      "Transform": {
        "posX": 0.0,
        "posY": -9.0,
        "posZ": -9.0,
        "rotX": -1.01777751E-13,
        "rotY": 180.0,
        "rotZ": 0.0,
        "scaleX": 1.0,
        "scaleY": 1.0,
        "scaleZ": 1.0
      },
      "Nickname": "",
      "Description": "",
      "GMNotes": "",
      "AltLookAngle": {
        "x": 0.0,
        "y": 0.0,
        "z": 0.0
      },
      "ColorDiffuse": {
        "r": 1.0,
        "g": 1.0,
        "b": 1.0
      },
      "LayoutGroupSortIndex": 0,
      "Value": 0,
      "Locked": true,
      "Grid": true,
      "Snap": true,
      "IgnoreFoW": false,
      "MeasureMovement": false,
      "DragSelectable": true,
      "Autoraise": true,
      "Sticky": true,
      "Tooltip": true,
      "GridProjection": false,
      "HideWhenFaceDown": false,
      "Hands": false,
      "CustomAssetbundle": {
        "AssetbundleURL": "http://cloud-3.steamusercontent.com/ugc/879750610978796471/14ED0DBD593370733A0309B0950004F33EB9FACA/",
        "AssetbundleSecondaryURL": "",
        "MaterialIndex": 1,
        "TypeIndex": 4,
        "LoopingEffectIndex": 0
      },
      "LuaScript": "",
      "LuaScriptState": "",
      "XmlUI": ""
    },
    {
      "GUID": "5af8f2",
      "Name": "Custom_Assetbundle",
      "Transform": {
        "posX": 0.0,
        "posY": -9.0,
        "posZ": 0.0,
        "rotX": 0.0,
        "rotY": 270.0,
        "rotZ": 0.0,
        "scaleX": 0.5,
        "scaleY": 1.0,
        "scaleZ": 1.0
      },
      "Nickname": "",
      "Description": "",
      "GMNotes": "",
      "AltLookAngle": {
        "x": 0.0,
        "y": 0.0,
        "z": 0.0
      },
      "ColorDiffuse": {
        "r": 1.0,
        "g": 1.0,
        "b": 1.0
      },
      "LayoutGroupSortIndex": 0,
      "Value": 0,
      "Locked": true,
      "Grid": true,
      "Snap": true,
      "IgnoreFoW": false,
      "MeasureMovement": false,
      "DragSelectable": true,
      "Autoraise": true,
      "Sticky": true,
      "Tooltip": true,
      "GridProjection": false,
      "HideWhenFaceDown": false,
      "Hands": false,
      "CustomAssetbundle": {
        "AssetbundleURL": "http://cloud-3.steamusercontent.com/ugc/879750610978796471/14ED0DBD593370733A0309B0950004F33EB9FACA/",
        "AssetbundleSecondaryURL": "",
        "MaterialIndex": 1,
        "TypeIndex": 4,
        "LoopingEffectIndex": 0
      },
      "LuaScript": "",
      "LuaScriptState": "",
      "XmlUI": ""
    },
    {
      "GUID": "4ee1f2",
      "Name": "Custom_Model",
      "Transform": {
        "posX": 0.0,
        "posY": -9.0,
        "posZ": 0.0,
        "rotX": 359.983124,
        "rotY": -0.00189453643,
        "rotZ": 359.920135,
        "scaleX": 1.0,
        "scaleY": 1.0,
        "scaleZ": 0.5
      },
      "Nickname": "",
      "Description": "",
      "GMNotes": "",
      "AltLookAngle": {
        "x": 0.0,
        "y": 0.0,
        "z": 0.0
      },
      "ColorDiffuse": {
        "r": 1.0,
        "g": 1.0,
        "b": 1.0
      },
      "LayoutGroupSortIndex": 0,
      "Value": 0,
      "Locked": true,
      "Grid": true,
      "Snap": true,
      "IgnoreFoW": false,
      "MeasureMovement": false,
      "DragSelectable": true,
      "Autoraise": true,
      "Sticky": true,
      "Tooltip": true,
      "GridProjection": true,
      "HideWhenFaceDown": false,
      "Hands": false,
      "CustomMesh": {
        "MeshURL": "http://cloud-3.steamusercontent.com/ugc/879750610978796176/4A5A65543B98BCFBF57E910D06EC984208223D38/",
        "DiffuseURL": "https://i.imgur.com/N0O6aqj.jpg",
        "NormalURL": "",
        "ColliderURL": "",
        "Convex": true,
        "MaterialIndex": 1,
        "TypeIndex": 4,
        "CustomShader": {
          "SpecularColor": {
            "r": 1.0,
            "g": 1.0,
            "b": 1.0
          },
          "SpecularIntensity": 0.0,
          "SpecularSharpness": 2.0,
          "FresnelStrength": 0.0
        },
        "CastShadows": true
      },
      "LuaScript": "",
      "LuaScriptState": "",
      "XmlUI": ""
    },
    {
      "GUID": "15ab0f",
      "Name": "Custom_Model",
      "Transform": {
        "posX": -8.999966,
        "posY": 1.49251759,
        "posZ": 0.999992669,
        "rotX": 0.0168542173,
        "rotY": 179.990158,
        "rotZ": 0.07990718,
        "scaleX": 1.0,
        "scaleY": 1.0,
        "scaleZ": 1.0
      },
      "Nickname": "Guardsman Gunner",
      "Description": "\r\n",
      "GMNotes": "",
      "AltLookAngle": {
        "x": 0.0,
        "y": 0.0,
        "z": 0.0
      },
      "ColorDiffuse": {
        "r": 0.9999998,
        "g": 0.992160261,
        "b": 0.9999998
      },
      "LayoutGroupSortIndex": 0,
      "Value": 0,
      "Locked": false,
      "Grid": true,
      "Snap": false,
      "IgnoreFoW": false,
      "MeasureMovement": false,
      "DragSelectable": true,
      "Autoraise": true,
      "Sticky": false,
      "Tooltip": true,
      "GridProjection": false,
      "HideWhenFaceDown": false,
      "Hands": false,
      "CustomMesh": {
        "MeshURL": "http://cloud-3.steamusercontent.com/ugc/80340956995766350/37F97BADF2CD9834D944BD5EEC28F0E81D206326/",
        "DiffuseURL": "http://cloud-3.steamusercontent.com/ugc/787504189454194660/A871F7183CDE994EAB7C16EC82EB2C8EDB7657DA/",
        "NormalURL": "",
        "ColliderURL": "http://cloud-3.steamusercontent.com/ugc/769481639410724294/DE623BD66F73B5BAEA303E463D9ECB77B0FB1687/",
        "Convex": true,
        "MaterialIndex": 3,
        "TypeIndex": 0,
        "CastShadows": true
      },
      "LuaScript": "",
      "LuaScriptState": "",
      "XmlUI": ""
    },
    {
      "GUID": "78aa51",
      "Name": "Custom_Model",
      "Transform": {
        "posX": -10.9999714,
        "posY": 1.49471676,
        "posZ": -1.00000823,
        "rotX": 0.0168913957,
        "rotY": 180.0002,
        "rotZ": 0.07986503,
        "scaleX": 1.0,
        "scaleY": 1.0,
        "scaleZ": 1.0
      },
      "Nickname": "Guardsman Gunner",
      "Description": "\r\n",
      "GMNotes": "",
      "AltLookAngle": {
        "x": 0.0,
        "y": 0.0,
        "z": 0.0
      },
      "ColorDiffuse": {
        "r": 0.9999998,
        "g": 0.992160261,
        "b": 0.9999998
      },
      "LayoutGroupSortIndex": 0,
      "Value": 0,
      "Locked": false,
      "Grid": true,
      "Snap": false,
      "IgnoreFoW": false,
      "MeasureMovement": false,
      "DragSelectable": true,
      "Autoraise": true,
      "Sticky": false,
      "Tooltip": true,
      "GridProjection": false,
      "HideWhenFaceDown": false,
      "Hands": false,
      "CustomMesh": {
        "MeshURL": "http://cloud-3.steamusercontent.com/ugc/80340956995765679/73C67AB7189115DB045B5A01A864544D296FEC14/",
        "DiffuseURL": "http://cloud-3.steamusercontent.com/ugc/787504189454194660/A871F7183CDE994EAB7C16EC82EB2C8EDB7657DA/",
        "NormalURL": "",
        "ColliderURL": "http://cloud-3.steamusercontent.com/ugc/769481639410724294/DE623BD66F73B5BAEA303E463D9ECB77B0FB1687/",
        "Convex": true,
        "MaterialIndex": 3,
        "TypeIndex": 0,
        "CastShadows": true
      },
      "LuaScript": "",
      "LuaScriptState": "",
      "XmlUI": ""
    },
    {
      "GUID": "e6a2f5",
      "Name": "Custom_Model",
      "Transform": {
        "posX": -12.9999723,
        "posY": 1.49750519,
        "posZ": -1.00000846,
        "rotX": 0.0168384314,
        "rotY": 180.005249,
        "rotZ": 0.079906,
        "scaleX": 1.0,
        "scaleY": 1.0,
        "scaleZ": 1.0
      },
      "Nickname": "Guardsman Gunner",
      "Description": "\r\n",
      "GMNotes": "",
      "AltLookAngle": {
        "x": 0.0,
        "y": 0.0,
        "z": 0.0
      },
      "ColorDiffuse": {
        "r": 0.9999998,
        "g": 0.992160261,
        "b": 0.9999998
      },
      "LayoutGroupSortIndex": 0,
      "Value": 0,
      "Locked": false,
      "Grid": true,
      "Snap": false,
      "IgnoreFoW": false,
      "MeasureMovement": false,
      "DragSelectable": true,
      "Autoraise": true,
      "Sticky": false,
      "Tooltip": true,
      "GridProjection": false,
      "HideWhenFaceDown": false,
      "Hands": false,
      "CustomMesh": {
        "MeshURL": "http://cloud-3.steamusercontent.com/ugc/80340956995764890/DF360737B4203C62EE72955F9EE145BFB7008367/",
        "DiffuseURL": "http://cloud-3.steamusercontent.com/ugc/787504189454194660/A871F7183CDE994EAB7C16EC82EB2C8EDB7657DA/",
        "NormalURL": "",
        "ColliderURL": "http://cloud-3.steamusercontent.com/ugc/769481639410724294/DE623BD66F73B5BAEA303E463D9ECB77B0FB1687/",
        "Convex": true,
        "MaterialIndex": 3,
        "TypeIndex": 0,
        "CastShadows": true
      },
      "LuaScript": "",
      "LuaScriptState": "",
      "XmlUI": ""
    },
    {
      "GUID": "e3ec30",
      "Name": "Custom_Model",
      "Transform": {
        "posX": -10.9999676,
        "posY": 1.49530554,
        "posZ": 0.9999922,
        "rotX": 0.0169081111,
        "rotY": 179.991226,
        "rotZ": 0.0798611641,
        "scaleX": 1.0,
        "scaleY": 1.0,
        "scaleZ": 1.0
      },
      "Nickname": "Guardsman Gunner",
      "Description": "\r\n",
      "GMNotes": "",
      "AltLookAngle": {
        "x": 0.0,
        "y": 0.0,
        "z": 0.0
      },
      "ColorDiffuse": {
        "r": 0.9999998,
        "g": 0.992160261,
        "b": 0.9999998
      },
      "LayoutGroupSortIndex": 0,
      "Value": 0,
      "Locked": false,
      "Grid": true,
      "Snap": false,
      "IgnoreFoW": false,
      "MeasureMovement": false,
      "DragSelectable": true,
      "Autoraise": true,
      "Sticky": false,
      "Tooltip": true,
      "GridProjection": false,
      "HideWhenFaceDown": false,
      "Hands": false,
      "CustomMesh": {
        "MeshURL": "http://cloud-3.steamusercontent.com/ugc/80340956995764499/CBCC8A7A97C5ED51C499FF78AD8F60D6CAC78193/",
        "DiffuseURL": "http://cloud-3.steamusercontent.com/ugc/787504189454194660/A871F7183CDE994EAB7C16EC82EB2C8EDB7657DA/",
        "NormalURL": "",
        "ColliderURL": "http://cloud-3.steamusercontent.com/ugc/769481639410724294/DE623BD66F73B5BAEA303E463D9ECB77B0FB1687/",
        "Convex": true,
        "MaterialIndex": 3,
        "TypeIndex": 0,
        "CastShadows": true
      },
      "LuaScript": "",
      "LuaScriptState": "",
      "XmlUI": ""
    },
    {
      "GUID": "391a31",
      "Name": "Custom_Model",
      "Transform": {
        "posX": -8.99996948,
        "posY": 1.49192858,
        "posZ": -1.00000858,
        "rotX": 0.0168863665,
        "rotY": 179.9716,
        "rotZ": 0.07988066,
        "scaleX": 1.0,
        "scaleY": 1.0,
        "scaleZ": 1.0
      },
      "Nickname": "Guardsman Gunner",
      "Description": "\r\n",
      "GMNotes": "",
      "AltLookAngle": {
        "x": 0.0,
        "y": 0.0,
        "z": 0.0
      },
      "ColorDiffuse": {
        "r": 0.9999998,
        "g": 0.992160261,
        "b": 0.9999998
      },
      "LayoutGroupSortIndex": 0,
      "Value": 0,
      "Locked": false,
      "Grid": true,
      "Snap": false,
      "IgnoreFoW": false,
      "MeasureMovement": false,
      "DragSelectable": true,
      "Autoraise": true,
      "Sticky": false,
      "Tooltip": true,
      "GridProjection": false,
      "HideWhenFaceDown": false,
      "Hands": false,
      "CustomMesh": {
        "MeshURL": "http://cloud-3.steamusercontent.com/ugc/80340956995766734/32CD94282CCB1BC0B2A9885F7EFC4A765003AA49/",
        "DiffuseURL": "http://cloud-3.steamusercontent.com/ugc/787504189454194660/A871F7183CDE994EAB7C16EC82EB2C8EDB7657DA/",
        "NormalURL": "",
        "ColliderURL": "http://cloud-3.steamusercontent.com/ugc/769481639410724294/DE623BD66F73B5BAEA303E463D9ECB77B0FB1687/",
        "Convex": true,
        "MaterialIndex": 3,
        "TypeIndex": 0,
        "CastShadows": true
      },
      "LuaScript": "",
      "LuaScriptState": "",
      "XmlUI": ""
    },
    {
      "GUID": "b5c6a8",
      "Name": "Custom_Model",
      "Transform": {
        "posX": -4.99996662,
        "posY": 1.48635209,
        "posZ": -1.00000846,
        "rotX": 0.016866101,
        "rotY": 179.995316,
        "rotZ": 0.07988031,
        "scaleX": 1.0,
        "scaleY": 1.0,
        "scaleZ": 1.0
      },
      "Nickname": "Guardsman Trooper",
      "Description": "\r\n",
      "GMNotes": "",
      "AltLookAngle": {
        "x": 0.0,
        "y": 0.0,
        "z": 0.0
      },
      "ColorDiffuse": {
        "r": 0.9999998,
        "g": 0.992160261,
        "b": 0.9999998
      },
      "LayoutGroupSortIndex": 0,
      "Value": 0,
      "Locked": false,
      "Grid": true,
      "Snap": false,
      "IgnoreFoW": false,
      "MeasureMovement": false,
      "DragSelectable": true,
      "Autoraise": true,
      "Sticky": false,
      "Tooltip": true,
      "GridProjection": false,
      "HideWhenFaceDown": false,
      "Hands": false,
      "CustomMesh": {
        "MeshURL": "http://cloud-3.steamusercontent.com/ugc/80340956995766008/911AE58F4C9792A2FFD20A847E31005E03125975/",
        "DiffuseURL": "http://cloud-3.steamusercontent.com/ugc/787504189454194660/A871F7183CDE994EAB7C16EC82EB2C8EDB7657DA/",
        "NormalURL": "",
        "ColliderURL": "http://cloud-3.steamusercontent.com/ugc/769481639410724294/DE623BD66F73B5BAEA303E463D9ECB77B0FB1687/",
        "Convex": true,
        "MaterialIndex": 3,
        "TypeIndex": 0,
        "CastShadows": true
      },
      "LuaScript": "",
      "LuaScriptState": "",
      "XmlUI": ""
    },
    {
      "GUID": "9384bb",
      "Name": "Custom_Model",
      "Transform": {
        "posX": -0.9999631,
        "posY": 1.48077571,
        "posZ": -1.00000823,
        "rotX": 0.016858479,
        "rotY": 179.999878,
        "rotZ": 0.07988538,
        "scaleX": 1.0,
        "scaleY": 1.0,
        "scaleZ": 1.0
      },
      "Nickname": "Guardsman Comms",
      "Description": "\r\n",
      "GMNotes": "",
      "AltLookAngle": {
        "x": 0.0,
        "y": 0.0,
        "z": 0.0
      },
      "ColorDiffuse": {
        "r": 0.9999998,
        "g": 0.992160261,
        "b": 0.9999998
      },
      "LayoutGroupSortIndex": 0,
      "Value": 0,
      "Locked": false,
      "Grid": true,
      "Snap": false,
      "IgnoreFoW": false,
      "MeasureMovement": false,
      "DragSelectable": true,
      "Autoraise": true,
      "Sticky": false,
      "Tooltip": true,
      "GridProjection": false,
      "HideWhenFaceDown": false,
      "Hands": false,
      "CustomMesh": {
        "MeshURL": "http://cloud-3.steamusercontent.com/ugc/80340956995850450/34D872964F13778A1CA21EA315A68C41D002F5AE/",
        "DiffuseURL": "http://cloud-3.steamusercontent.com/ugc/787504189454193763/6CC6008B8509F6A7CC1C3E8666AC03D7C3BFC7F8/",
        "NormalURL": "",
        "ColliderURL": "http://cloud-3.steamusercontent.com/ugc/769481639410724294/DE623BD66F73B5BAEA303E463D9ECB77B0FB1687/",
        "Convex": true,
        "MaterialIndex": 3,
        "TypeIndex": 0,
        "CastShadows": true
      },
      "LuaScript": "",
      "LuaScriptState": "",
      "XmlUI": ""
    },
    {
      "GUID": "a46b6b",
      "Name": "Custom_Model",
      "Transform": {
        "posX": -4.99996471,
        "posY": 1.48517442,
        "posZ": -5.00001,
        "rotX": 0.0168356933,
        "rotY": 180.007751,
        "rotZ": 0.0799117237,
        "scaleX": 1.0,
        "scaleY": 1.0,
        "scaleZ": 1.0
      },
      "Nickname": "Guardsman Sergeant",
      "Description": "\r\n",
      "GMNotes": "",
      "AltLookAngle": {
        "x": 0.0,
        "y": 0.0,
        "z": 0.0
      },
      "ColorDiffuse": {
        "r": 0.9999998,
        "g": 0.992160261,
        "b": 0.9999998
      },
      "LayoutGroupSortIndex": 0,
      "Value": 0,
      "Locked": false,
      "Grid": true,
      "Snap": false,
      "IgnoreFoW": false,
      "MeasureMovement": false,
      "DragSelectable": true,
      "Autoraise": true,
      "Sticky": false,
      "Tooltip": true,
      "GridProjection": false,
      "HideWhenFaceDown": false,
      "Hands": false,
      "CustomMesh": {
        "MeshURL": "http://cloud-3.steamusercontent.com/ugc/80340956995767702/7765A8B7A8056C371E58786C376042AB0F120B77/",
        "DiffuseURL": "http://cloud-3.steamusercontent.com/ugc/787504189454194357/56CDB4949F5877884CE581B4C850F2F98B900080/",
        "NormalURL": "",
        "ColliderURL": "http://cloud-3.steamusercontent.com/ugc/769481639410724294/DE623BD66F73B5BAEA303E463D9ECB77B0FB1687/",
        "Convex": true,
        "MaterialIndex": 3,
        "TypeIndex": 0,
        "CastShadows": true
      },
      "LuaScript": "",
      "LuaScriptState": "",
      "XmlUI": ""
    },
    {
      "GUID": "737887",
      "Name": "Custom_Model",
      "Transform": {
        "posX": -6.999967,
        "posY": 1.48796272,
        "posZ": -5.000009,
        "rotX": 0.0168940388,
        "rotY": 179.966949,
        "rotZ": 0.0798780248,
        "scaleX": 1.0,
        "scaleY": 1.0,
        "scaleZ": 1.0
      },
      "Nickname": "Guardsman Sergeant",
      "Description": "\r\n",
      "GMNotes": "",
      "AltLookAngle": {
        "x": 0.0,
        "y": 0.0,
        "z": 0.0
      },
      "ColorDiffuse": {
        "r": 0.9999998,
        "g": 0.992160261,
        "b": 0.9999998
      },
      "LayoutGroupSortIndex": 0,
      "Value": 0,
      "Locked": false,
      "Grid": true,
      "Snap": false,
      "IgnoreFoW": false,
      "MeasureMovement": false,
      "DragSelectable": true,
      "Autoraise": true,
      "Sticky": false,
      "Tooltip": true,
      "GridProjection": false,
      "HideWhenFaceDown": false,
      "Hands": false,
      "CustomMesh": {
        "MeshURL": "http://cloud-3.steamusercontent.com/ugc/80340956995768108/4AC40253309B9AD1C40F0EDC13D63C4B688094D2/",
        "DiffuseURL": "http://cloud-3.steamusercontent.com/ugc/787504189454194357/56CDB4949F5877884CE581B4C850F2F98B900080/",
        "NormalURL": "",
        "ColliderURL": "http://cloud-3.steamusercontent.com/ugc/769481639410724294/DE623BD66F73B5BAEA303E463D9ECB77B0FB1687/",
        "Convex": true,
        "MaterialIndex": 3,
        "TypeIndex": 0,
        "CastShadows": true
      },
      "LuaScript": "",
      "LuaScriptState": "",
      "XmlUI": ""
    },
    {
      "GUID": "38679f",
      "Name": "Custom_Model",
      "Transform": {
        "posX": -2.999965,
        "posY": 1.482386,
        "posZ": -5.000011,
        "rotX": 0.0168854874,
        "rotY": 179.987076,
        "rotZ": 0.0798750445,
        "scaleX": 1.0,
        "scaleY": 1.0,
        "scaleZ": 1.0
      },
      "Nickname": "Guardsman Sergeant",
      "Description": "\r\n",
      "GMNotes": "",
      "AltLookAngle": {
        "x": 0.0,
        "y": 0.0,
        "z": 0.0
      },
      "ColorDiffuse": {
        "r": 0.9999998,
        "g": 0.992160261,
        "b": 0.9999998
      },
      "LayoutGroupSortIndex": 0,
      "Value": 0,
      "Locked": false,
      "Grid": true,
      "Snap": false,
      "IgnoreFoW": false,
      "MeasureMovement": false,
      "DragSelectable": true,
      "Autoraise": true,
      "Sticky": false,
      "Tooltip": true,
      "GridProjection": false,
      "HideWhenFaceDown": false,
      "Hands": false,
      "CustomMesh": {
        "MeshURL": "http://cloud-3.steamusercontent.com/ugc/80340956995768583/AF4B6817C64C23652609444F01783365150E0C12/",
        "DiffuseURL": "http://cloud-3.steamusercontent.com/ugc/787504189454194357/56CDB4949F5877884CE581B4C850F2F98B900080/",
        "NormalURL": "",
        "ColliderURL": "http://cloud-3.steamusercontent.com/ugc/769481639410724294/DE623BD66F73B5BAEA303E463D9ECB77B0FB1687/",
        "Convex": true,
        "MaterialIndex": 3,
        "TypeIndex": 0,
        "CastShadows": true
      },
      "LuaScript": "",
      "LuaScriptState": "",
      "XmlUI": ""
    },
    {
      "GUID": "37b699",
      "Name": "Custom_Model",
      "Transform": {
        "posX": 2.99996328,
        "posY": 1.47637737,
        "posZ": 3.00000954,
        "rotX": -0.004384665,
        "rotY": 195.000015,
        "rotZ": 0.08153507,
        "scaleX": 1.0,
        "scaleY": 1.0,
        "scaleZ": 1.0
      },
      "Nickname": "Tempestus Scion Gunner",
      "Description": "",
      "GMNotes": "",
      "AltLookAngle": {
        "x": 0.0,
        "y": 0.0,
        "z": 0.0
      },
      "ColorDiffuse": {
        "r": 0.9999998,
        "g": 0.992160261,
        "b": 0.9999998
      },
      "LayoutGroupSortIndex": 0,
      "Value": 0,
      "Locked": false,
      "Grid": true,
      "Snap": false,
      "IgnoreFoW": false,
      "MeasureMovement": false,
      "DragSelectable": true,
      "Autoraise": true,
      "Sticky": false,
      "Tooltip": true,
      "GridProjection": false,
      "HideWhenFaceDown": false,
      "Hands": false,
      "CustomMesh": {
        "MeshURL": "http://cloud-3.steamusercontent.com/ugc/80340956995812363/AEBB10ACAD0FF5D50614F3FC814C291B8599F3C9/",
        "DiffuseURL": "http://cloud-3.steamusercontent.com/ugc/862865608138522345/56DB51537D5FD3BB273C630E00823BEFC6828D42/",
        "NormalURL": "",
        "ColliderURL": "http://cloud-3.steamusercontent.com/ugc/1476570921183856351/DE623BD66F73B5BAEA303E463D9ECB77B0FB1687/",
        "Convex": true,
        "MaterialIndex": 3,
        "TypeIndex": 1,
        "CustomShader": {
          "SpecularColor": {
            "r": 1.0,
            "g": 1.0,
            "b": 1.0
          },
          "SpecularIntensity": 0.0,
          "SpecularSharpness": 2.0,
          "FresnelStrength": 0.0
        },
        "CastShadows": true
      },
      "LuaScript": "",
      "LuaScriptState": "",
      "XmlUI": ""
    },
    {
      "GUID": "c1351c",
      "Name": "Custom_Model",
      "Transform": {
        "posX": 2.99995756,
        "posY": 1.47696638,
        "posZ": 5.00001049,
        "rotX": -0.004397412,
        "rotY": 194.999969,
        "rotZ": 0.08152762,
        "scaleX": 1.0,
        "scaleY": 1.0,
        "scaleZ": 1.0
      },
      "Nickname": "Tempestus Scion Gunner",
      "Description": "",
      "GMNotes": "",
      "AltLookAngle": {
        "x": 0.0,
        "y": 0.0,
        "z": 0.0
      },
      "ColorDiffuse": {
        "r": 0.9999998,
        "g": 0.992160261,
        "b": 0.9999998
      },
      "LayoutGroupSortIndex": 0,
      "Value": 0,
      "Locked": false,
      "Grid": true,
      "Snap": false,
      "IgnoreFoW": false,
      "MeasureMovement": false,
      "DragSelectable": true,
      "Autoraise": true,
      "Sticky": false,
      "Tooltip": true,
      "GridProjection": false,
      "HideWhenFaceDown": false,
      "Hands": false,
      "CustomMesh": {
        "MeshURL": "http://cloud-3.steamusercontent.com/ugc/80340956995811281/A97EF5F21B61C371B6C74416FC722C85D3D83B34/",
        "DiffuseURL": "http://cloud-3.steamusercontent.com/ugc/862865608138522345/56DB51537D5FD3BB273C630E00823BEFC6828D42/",
        "NormalURL": "",
        "ColliderURL": "http://cloud-3.steamusercontent.com/ugc/1476570921183856351/DE623BD66F73B5BAEA303E463D9ECB77B0FB1687/",
        "Convex": true,
        "MaterialIndex": 3,
        "TypeIndex": 1,
        "CustomShader": {
          "SpecularColor": {
            "r": 1.0,
            "g": 1.0,
            "b": 1.0
          },
          "SpecularIntensity": 0.0,
          "SpecularSharpness": 2.0,
          "FresnelStrength": 0.0
        },
        "CastShadows": true
      },
      "LuaScript": "",
      "LuaScriptState": "",
      "XmlUI": ""
    },
    {
      "GUID": "54c276",
      "Name": "Custom_Model",
      "Transform": {
        "posX": 4.99995947,
        "posY": 1.47476709,
        "posZ": 7.000013,
        "rotX": 359.9747,
        "rotY": 210.000076,
        "rotZ": 0.07761272,
        "scaleX": 1.0,
        "scaleY": 1.0,
        "scaleZ": 1.0
      },
      "Nickname": "Tempestus Scion Gunner",
      "Description": "",
      "GMNotes": "",
      "AltLookAngle": {
        "x": 0.0,
        "y": 0.0,
        "z": 0.0
      },
      "ColorDiffuse": {
        "r": 0.9999998,
        "g": 0.992160261,
        "b": 0.9999998
      },
      "LayoutGroupSortIndex": 0,
      "Value": 0,
      "Locked": false,
      "Grid": true,
      "Snap": false,
      "IgnoreFoW": false,
      "MeasureMovement": false,
      "DragSelectable": true,
      "Autoraise": true,
      "Sticky": false,
      "Tooltip": true,
      "GridProjection": false,
      "HideWhenFaceDown": false,
      "Hands": false,
      "CustomMesh": {
        "MeshURL": "http://cloud-3.steamusercontent.com/ugc/80340956995809458/A28C4C809284CFAA8022468BD5CBBDC4487A5FF9/",
        "DiffuseURL": "http://cloud-3.steamusercontent.com/ugc/1476571059978697409/453AA316B2DF507AB203CEB4843DD51408ACBEAB/",
        "NormalURL": "",
        "ColliderURL": "http://cloud-3.steamusercontent.com/ugc/1476570921183856351/DE623BD66F73B5BAEA303E463D9ECB77B0FB1687/",
        "Convex": true,
        "MaterialIndex": 3,
        "TypeIndex": 1,
        "CustomShader": {
          "SpecularColor": {
            "r": 1.0,
            "g": 1.0,
            "b": 1.0
          },
          "SpecularIntensity": 0.0,
          "SpecularSharpness": 2.0,
          "FresnelStrength": 0.0
        },
        "CastShadows": true
      },
      "LuaScript": "",
      "LuaScriptState": "",
      "XmlUI": ""
    },
    {
      "GUID": "5598ab",
      "Name": "Custom_Model",
      "Transform": {
        "posX": 4.99996042,
        "posY": 1.47358942,
        "posZ": 3.00001049,
        "rotX": 359.97464,
        "rotY": 209.999908,
        "rotZ": 0.07761339,
        "scaleX": 1.0,
        "scaleY": 1.0,
        "scaleZ": 1.0
      },
      "Nickname": "Tempestus Scion Gunner",
      "Description": "",
      "GMNotes": "",
      "AltLookAngle": {
        "x": 0.0,
        "y": 0.0,
        "z": 0.0
      },
      "ColorDiffuse": {
        "r": 0.9999998,
        "g": 0.992160261,
        "b": 0.9999998
      },
      "LayoutGroupSortIndex": 0,
      "Value": 0,
      "Locked": false,
      "Grid": true,
      "Snap": false,
      "IgnoreFoW": false,
      "MeasureMovement": false,
      "DragSelectable": true,
      "Autoraise": true,
      "Sticky": false,
      "Tooltip": true,
      "GridProjection": false,
      "HideWhenFaceDown": false,
      "Hands": false,
      "CustomMesh": {
        "MeshURL": "http://cloud-3.steamusercontent.com/ugc/80340956995811992/4F8202C08A1B54845A1F87F5F3B123EC19E8B242/",
        "DiffuseURL": "http://cloud-3.steamusercontent.com/ugc/862865608138522345/56DB51537D5FD3BB273C630E00823BEFC6828D42/",
        "NormalURL": "",
        "ColliderURL": "http://cloud-3.steamusercontent.com/ugc/1476570921183856351/DE623BD66F73B5BAEA303E463D9ECB77B0FB1687/",
        "Convex": true,
        "MaterialIndex": 3,
        "TypeIndex": 1,
        "CustomShader": {
          "SpecularColor": {
            "r": 1.0,
            "g": 1.0,
            "b": 1.0
          },
          "SpecularIntensity": 0.0,
          "SpecularSharpness": 2.0,
          "FresnelStrength": 0.0
        },
        "CastShadows": true
      },
      "LuaScript": "",
      "LuaScriptState": "",
      "XmlUI": ""
    },
    {
      "GUID": "eb56f4",
      "Name": "Custom_Model",
      "Transform": {
        "posX": 7.00004,
        "posY": 1.46962285,
        "posZ": -1.0000087,
        "rotX": 0.01687746,
        "rotY": 179.9792,
        "rotZ": 0.07989603,
        "scaleX": 1.0,
        "scaleY": 1.0,
        "scaleZ": 1.0
      },
      "Nickname": "Tempestor",
      "Description": "",
      "GMNotes": "",
      "AltLookAngle": {
        "x": 0.0,
        "y": 0.0,
        "z": 0.0
      },
      "ColorDiffuse": {
        "r": 0.9999998,
        "g": 0.992160261,
        "b": 0.9999998
      },
      "LayoutGroupSortIndex": 0,
      "Value": 0,
      "Locked": false,
      "Grid": true,
      "Snap": false,
      "IgnoreFoW": false,
      "MeasureMovement": false,
      "DragSelectable": true,
      "Autoraise": true,
      "Sticky": false,
      "Tooltip": true,
      "GridProjection": false,
      "HideWhenFaceDown": false,
      "Hands": false,
      "CustomMesh": {
        "MeshURL": "http://cloud-3.steamusercontent.com/ugc/862865608138529110/4D5E309162FD0F0581255ADC50F1801EE4CD5651/",
        "DiffuseURL": "http://cloud-3.steamusercontent.com/ugc/862865608138522345/56DB51537D5FD3BB273C630E00823BEFC6828D42/",
        "NormalURL": "",
        "ColliderURL": "http://cloud-3.steamusercontent.com/ugc/1476570921183856351/DE623BD66F73B5BAEA303E463D9ECB77B0FB1687/",
        "Convex": true,
        "MaterialIndex": 3,
        "TypeIndex": 0,
        "CastShadows": true
      },
      "LuaScript": "",
      "LuaScriptState": "",
      "XmlUI": ""
    },
    {
      "GUID": "4eeca0",
      "Name": "Custom_Model",
      "Transform": {
        "posX": 7.000041,
        "posY": 1.468445,
        "posZ": -5.00001049,
        "rotX": 0.0168425255,
        "rotY": 180.017578,
        "rotZ": 0.07988098,
        "scaleX": 1.0,
        "scaleY": 1.0,
        "scaleZ": 1.0
      },
      "Nickname": "Tempestor",
      "Description": "",
      "GMNotes": "",
      "AltLookAngle": {
        "x": 0.0,
        "y": 0.0,
        "z": 0.0
      },
      "ColorDiffuse": {
        "r": 0.9999998,
        "g": 0.992160261,
        "b": 0.9999998
      },
      "LayoutGroupSortIndex": 0,
      "Value": 0,
      "Locked": false,
      "Grid": true,
      "Snap": false,
      "IgnoreFoW": false,
      "MeasureMovement": false,
      "DragSelectable": true,
      "Autoraise": true,
      "Sticky": false,
      "Tooltip": true,
      "GridProjection": false,
      "HideWhenFaceDown": false,
      "Hands": false,
      "CustomMesh": {
        "MeshURL": "http://cloud-3.steamusercontent.com/ugc/862865608138511343/F7E678857613B5C4CEA6FA94DA8E32ED311450F9/",
        "DiffuseURL": "http://cloud-3.steamusercontent.com/ugc/862865608138522345/56DB51537D5FD3BB273C630E00823BEFC6828D42/",
        "NormalURL": "",
        "ColliderURL": "http://cloud-3.steamusercontent.com/ugc/1476570921183856351/DE623BD66F73B5BAEA303E463D9ECB77B0FB1687/",
        "Convex": true,
        "MaterialIndex": 3,
        "TypeIndex": 0,
        "CastShadows": true
      },
      "LuaScript": "",
      "LuaScriptState": "",
      "XmlUI": ""
    },
    {
      "GUID": "3e763d",
      "Name": "Custom_Model",
      "Transform": {
        "posX": 7.000041,
        "posY": 1.46903384,
        "posZ": -3.00000978,
        "rotX": 0.0168553814,
        "rotY": 180.014359,
        "rotZ": 0.07987444,
        "scaleX": 1.0,
        "scaleY": 1.0,
        "scaleZ": 1.0
      },
      "Nickname": "Tempestor",
      "Description": "",
      "GMNotes": "",
      "AltLookAngle": {
        "x": 0.0,
        "y": 0.0,
        "z": 0.0
      },
      "ColorDiffuse": {
        "r": 0.9999998,
        "g": 0.992160261,
        "b": 0.9999998
      },
      "LayoutGroupSortIndex": 0,
      "Value": 0,
      "Locked": false,
      "Grid": true,
      "Snap": false,
      "IgnoreFoW": false,
      "MeasureMovement": false,
      "DragSelectable": true,
      "Autoraise": true,
      "Sticky": false,
      "Tooltip": true,
      "GridProjection": false,
      "HideWhenFaceDown": false,
      "Hands": false,
      "CustomMesh": {
        "MeshURL": "http://cloud-3.steamusercontent.com/ugc/862865608138526041/51AFDC282AE444C1452F5B04A615C19B5DDAED3E/",
        "DiffuseURL": "http://cloud-3.steamusercontent.com/ugc/862865608138522345/56DB51537D5FD3BB273C630E00823BEFC6828D42/",
        "NormalURL": "",
        "ColliderURL": "http://cloud-3.steamusercontent.com/ugc/1476570921183856351/DE623BD66F73B5BAEA303E463D9ECB77B0FB1687/",
        "Convex": true,
        "MaterialIndex": 3,
        "TypeIndex": 0,
        "CastShadows": true
      },
      "LuaScript": "",
      "LuaScriptState": "",
      "XmlUI": ""
    },
    {
      "GUID": "15bdfb",
      "Name": "Custom_Model",
      "Transform": {
        "posX": 4.99997473,
        "posY": 1.474178,
        "posZ": 5.00000763,
        "rotX": 359.983124,
        "rotY": -1.42387762E-05,
        "rotZ": 359.920135,
        "scaleX": 1.0,
        "scaleY": 1.0,
        "scaleZ": 1.0
      },
      "Nickname": "Tempestus Scion Gunner",
      "Description": "",
      "GMNotes": "",
      "AltLookAngle": {
        "x": 0.0,
        "y": 0.0,
        "z": 0.0
      },
      "ColorDiffuse": {
        "r": 0.9999998,
        "g": 0.992160261,
        "b": 0.9999998
      },
      "LayoutGroupSortIndex": 0,
      "Value": 0,
      "Locked": false,
      "Grid": true,
      "Snap": false,
      "IgnoreFoW": false,
      "MeasureMovement": false,
      "DragSelectable": true,
      "Autoraise": true,
      "Sticky": false,
      "Tooltip": true,
      "GridProjection": false,
      "HideWhenFaceDown": false,
      "Hands": false,
      "CustomMesh": {
        "MeshURL": "http://cloud-3.steamusercontent.com/ugc/915801223655968054/0B8CA3D513AA1E2378D61B3A847981E026CD619B/",
        "DiffuseURL": "http://cloud-3.steamusercontent.com/ugc/1476571059978697347/781FB0620F7CAC2EBB1A644BFC6EE231F83FF443/",
        "NormalURL": "",
        "ColliderURL": "http://cloud-3.steamusercontent.com/ugc/1476570921183856351/DE623BD66F73B5BAEA303E463D9ECB77B0FB1687/",
        "Convex": true,
        "MaterialIndex": 1,
        "TypeIndex": 1,
        "CustomShader": {
          "SpecularColor": {
            "r": 0.8745098,
            "g": 0.8117647,
            "b": 0.745098054
          },
          "SpecularIntensity": 0.01,
          "SpecularSharpness": 3.0,
          "FresnelStrength": 0.1
        },
        "CastShadows": true
      },
      "LuaScript": "",
      "LuaScriptState": "",
      "XmlUI": ""
    },
    {
      "GUID": "c90b7b",
      "Name": "Custom_Model",
      "Transform": {
        "posX": 12.9999743,
        "posY": 1.46243608,
        "posZ": 3.00000763,
        "rotX": 0.03695411,
        "rotY": 165.0,
        "rotZ": 0.0728054,
        "scaleX": 1.0,
        "scaleY": 1.0,
        "scaleZ": 1.0
      },
      "Nickname": "Tempestus Scion Trooper",
      "Description": "",
      "GMNotes": "",
      "AltLookAngle": {
        "x": 0.0,
        "y": 0.0,
        "z": 0.0
      },
      "ColorDiffuse": {
        "r": 0.9999998,
        "g": 0.992160261,
        "b": 0.9999998
      },
      "LayoutGroupSortIndex": 0,
      "Value": 0,
      "Locked": false,
      "Grid": true,
      "Snap": false,
      "IgnoreFoW": false,
      "MeasureMovement": false,
      "DragSelectable": true,
      "Autoraise": true,
      "Sticky": false,
      "Tooltip": true,
      "GridProjection": false,
      "HideWhenFaceDown": false,
      "Hands": false,
      "CustomMesh": {
        "MeshURL": "http://cloud-3.steamusercontent.com/ugc/80340956995812972/94A5A8FC3FEE0353B25B495A767201FC3DB37B28/",
        "DiffuseURL": "http://cloud-3.steamusercontent.com/ugc/1476571059978697347/781FB0620F7CAC2EBB1A644BFC6EE231F83FF443/",
        "NormalURL": "",
        "ColliderURL": "http://cloud-3.steamusercontent.com/ugc/1476570921183856351/DE623BD66F73B5BAEA303E463D9ECB77B0FB1687/",
        "Convex": true,
        "MaterialIndex": 3,
        "TypeIndex": 1,
        "CustomShader": {
          "SpecularColor": {
            "r": 1.0,
            "g": 1.0,
            "b": 1.0
          },
          "SpecularIntensity": 0.0,
          "SpecularSharpness": 2.0,
          "FresnelStrength": 0.0
        },
        "CastShadows": true
      },
      "LuaScript": "",
      "LuaScriptState": "",
      "XmlUI": ""
    },
    {
      "GUID": "c88ae3",
      "Name": "Custom_Model",
      "Transform": {
        "posX": 9.000039,
        "posY": 1.46683455,
        "posZ": -1.00000823,
        "rotX": 0.0168459639,
        "rotY": 180.004486,
        "rotZ": 0.07989499,
        "scaleX": 1.0,
        "scaleY": 1.0,
        "scaleZ": 1.0
      },
      "Nickname": "Tempestor",
      "Description": "",
      "GMNotes": "",
      "AltLookAngle": {
        "x": 0.0,
        "y": 0.0,
        "z": 0.0
      },
      "ColorDiffuse": {
        "r": 0.9999998,
        "g": 0.992160261,
        "b": 0.9999998
      },
      "LayoutGroupSortIndex": 0,
      "Value": 0,
      "Locked": false,
      "Grid": true,
      "Snap": false,
      "IgnoreFoW": false,
      "MeasureMovement": false,
      "DragSelectable": true,
      "Autoraise": true,
      "Sticky": false,
      "Tooltip": true,
      "GridProjection": false,
      "HideWhenFaceDown": false,
      "Hands": false,
      "CustomMesh": {
        "MeshURL": "http://cloud-3.steamusercontent.com/ugc/862865608138530382/AE8CF6EDB033274B6190A19673A70129636ED2E1/",
        "DiffuseURL": "http://cloud-3.steamusercontent.com/ugc/862865608138522345/56DB51537D5FD3BB273C630E00823BEFC6828D42/",
        "NormalURL": "",
        "ColliderURL": "http://cloud-3.steamusercontent.com/ugc/1476570921183856351/DE623BD66F73B5BAEA303E463D9ECB77B0FB1687/",
        "Convex": true,
        "MaterialIndex": 3,
        "TypeIndex": 0,
        "CastShadows": true
      },
      "LuaScript": "",
      "LuaScriptState": "",
      "XmlUI": ""
    },
    {
      "GUID": "49419c",
      "Name": "Custom_Model",
      "Transform": {
        "posX": 9.00004,
        "posY": 1.46565735,
        "posZ": -5.00001049,
        "rotX": 0.0168486368,
        "rotY": 180.034531,
        "rotZ": 0.07987345,
        "scaleX": 1.0,
        "scaleY": 1.0,
        "scaleZ": 1.0
      },
      "Nickname": "Tempestor",
      "Description": "",
      "GMNotes": "",
      "AltLookAngle": {
        "x": 0.0,
        "y": 0.0,
        "z": 0.0
      },
      "ColorDiffuse": {
        "r": 0.9999998,
        "g": 0.992160261,
        "b": 0.9999998
      },
      "LayoutGroupSortIndex": 0,
      "Value": 0,
      "Locked": false,
      "Grid": true,
      "Snap": false,
      "IgnoreFoW": false,
      "MeasureMovement": false,
      "DragSelectable": true,
      "Autoraise": true,
      "Sticky": false,
      "Tooltip": true,
      "GridProjection": false,
      "HideWhenFaceDown": false,
      "Hands": false,
      "CustomMesh": {
        "MeshURL": "http://cloud-3.steamusercontent.com/ugc/862865608138524351/FB00D6E836EEFF09986FDE5382E996D2F2A3DEB5/",
        "DiffuseURL": "http://cloud-3.steamusercontent.com/ugc/862865608138522345/56DB51537D5FD3BB273C630E00823BEFC6828D42/",
        "NormalURL": "",
        "ColliderURL": "http://cloud-3.steamusercontent.com/ugc/1476570921183856351/DE623BD66F73B5BAEA303E463D9ECB77B0FB1687/",
        "Convex": true,
        "MaterialIndex": 3,
        "TypeIndex": 0,
        "CastShadows": true
      },
      "LuaScript": "",
      "LuaScriptState": "",
      "XmlUI": ""
    },
    {
      "GUID": "06beb5",
      "Name": "Custom_Model",
      "Transform": {
        "posX": 9.000044,
        "posY": 1.46624577,
        "posZ": -3.0000093,
        "rotX": 0.0168019589,
        "rotY": 180.0244,
        "rotZ": 0.07992051,
        "scaleX": 1.0,
        "scaleY": 1.0,
        "scaleZ": 1.0
      },
      "Nickname": "Tempestor",
      "Description": "",
      "GMNotes": "",
      "AltLookAngle": {
        "x": 0.0,
        "y": 0.0,
        "z": 0.0
      },
      "ColorDiffuse": {
        "r": 0.9999998,
        "g": 0.992160261,
        "b": 0.9999998
      },
      "LayoutGroupSortIndex": 0,
      "Value": 0,
      "Locked": false,
      "Grid": true,
      "Snap": false,
      "IgnoreFoW": false,
      "MeasureMovement": false,
      "DragSelectable": true,
      "Autoraise": true,
      "Sticky": false,
      "Tooltip": true,
      "GridProjection": false,
      "HideWhenFaceDown": false,
      "Hands": false,
      "CustomMesh": {
        "MeshURL": "http://cloud-3.steamusercontent.com/ugc/862865608138527743/B7C5A71BCDBD6A1BD209B48159FB3D6C633133A7/",
        "DiffuseURL": "http://cloud-3.steamusercontent.com/ugc/862865608138522345/56DB51537D5FD3BB273C630E00823BEFC6828D42/",
        "NormalURL": "",
        "ColliderURL": "http://cloud-3.steamusercontent.com/ugc/1476570921183856351/DE623BD66F73B5BAEA303E463D9ECB77B0FB1687/",
        "Convex": true,
        "MaterialIndex": 3,
        "TypeIndex": 0,
        "CastShadows": true
      },
      "LuaScript": "",
      "LuaScriptState": "",
      "XmlUI": ""
    },
    {
      "GUID": "aff1f9",
      "Name": "Custom_Model",
      "Transform": {
        "posX": 11.0000381,
        "posY": 1.4640466,
        "posZ": -1.00000823,
        "rotX": 0.01684835,
        "rotY": 179.999954,
        "rotZ": 0.0799156353,
        "scaleX": 1.0,
        "scaleY": 1.0,
        "scaleZ": 1.0
      },
      "Nickname": "Tempestor",
      "Description": "",
      "GMNotes": "",
      "AltLookAngle": {
        "x": 0.0,
        "y": 0.0,
        "z": 0.0
      },
      "ColorDiffuse": {
        "r": 0.9999998,
        "g": 0.992160261,
        "b": 0.9999998
      },
      "LayoutGroupSortIndex": 0,
      "Value": 0,
      "Locked": false,
      "Grid": true,
      "Snap": false,
      "IgnoreFoW": false,
      "MeasureMovement": false,
      "DragSelectable": true,
      "Autoraise": true,
      "Sticky": false,
      "Tooltip": true,
      "GridProjection": false,
      "HideWhenFaceDown": false,
      "Hands": false,
      "CustomMesh": {
        "MeshURL": "http://cloud-3.steamusercontent.com/ugc/862865608138529500/9AE4EABC04D52E3E6B954357D2B7506CF0CF2A85/",
        "DiffuseURL": "http://cloud-3.steamusercontent.com/ugc/862865608138522345/56DB51537D5FD3BB273C630E00823BEFC6828D42/",
        "NormalURL": "",
        "ColliderURL": "http://cloud-3.steamusercontent.com/ugc/1476570921183856351/DE623BD66F73B5BAEA303E463D9ECB77B0FB1687/",
        "Convex": true,
        "MaterialIndex": 3,
        "TypeIndex": 0,
        "CastShadows": true
      },
      "LuaScript": "",
      "LuaScriptState": "",
      "XmlUI": ""
    },
    {
      "GUID": "ed71c3",
      "Name": "Custom_Model",
      "Transform": {
        "posX": 9.000041,
        "posY": 1.4679209,
        "posZ": 2.999994,
        "rotX": 0.0168892648,
        "rotY": 179.995026,
        "rotZ": 0.079869166,
        "scaleX": 1.05,
        "scaleY": 1.05,
        "scaleZ": 1.05
      },
      "Nickname": "Tempestus Scion Comms",
      "Description": "",
      "GMNotes": "",
      "AltLookAngle": {
        "x": 0.0,
        "y": 0.0,
        "z": 0.0
      },
      "ColorDiffuse": {
        "r": 0.9999998,
        "g": 0.992160261,
        "b": 0.9999998
      },
      "LayoutGroupSortIndex": 0,
      "Value": 0,
      "Locked": false,
      "Grid": true,
      "Snap": false,
      "IgnoreFoW": false,
      "MeasureMovement": false,
      "DragSelectable": true,
      "Autoraise": true,
      "Sticky": false,
      "Tooltip": true,
      "GridProjection": false,
      "HideWhenFaceDown": false,
      "Hands": false,
      "CustomMesh": {
        "MeshURL": "http://cloud-3.steamusercontent.com/ugc/1689373435968865997/34D872964F13778A1CA21EA315A68C41D002F5AE/",
        "DiffuseURL": "http://cloud-3.steamusercontent.com/ugc/787504189454193763/6CC6008B8509F6A7CC1C3E8666AC03D7C3BFC7F8/",
        "NormalURL": "",
        "ColliderURL": "http://cloud-3.steamusercontent.com/ugc/769481639410724294/DE623BD66F73B5BAEA303E463D9ECB77B0FB1687/",
        "Convex": true,
        "MaterialIndex": 3,
        "TypeIndex": 0,
        "CustomShader": {
          "SpecularColor": {
            "r": 1.0,
            "g": 1.0,
            "b": 1.0
          },
          "SpecularIntensity": 0.0,
          "SpecularSharpness": 2.0,
          "FresnelStrength": 0.0
        },
        "CastShadows": true
      },
      "LuaScript": "",
      "LuaScriptState": "",
      "XmlUI": ""
    },
    {
      "GUID": "bc72b0",
      "Name": "Custom_Model",
      "Transform": {
        "posX": 11.0000439,
        "posY": 1.46286845,
        "posZ": -5.00001049,
        "rotX": 0.0168731678,
        "rotY": 179.985077,
        "rotZ": 0.0798953548,
        "scaleX": 1.0,
        "scaleY": 1.0,
        "scaleZ": 1.0
      },
      "Nickname": "Tempestor",
      "Description": "",
      "GMNotes": "",
      "AltLookAngle": {
        "x": 0.0,
        "y": 0.0,
        "z": 0.0
      },
      "ColorDiffuse": {
        "r": 0.9999998,
        "g": 0.992160261,
        "b": 0.9999998
      },
      "LayoutGroupSortIndex": 0,
      "Value": 0,
      "Locked": false,
      "Grid": true,
      "Snap": false,
      "IgnoreFoW": false,
      "MeasureMovement": false,
      "DragSelectable": true,
      "Autoraise": true,
      "Sticky": false,
      "Tooltip": true,
      "GridProjection": false,
      "HideWhenFaceDown": false,
      "Hands": false,
      "CustomMesh": {
        "MeshURL": "http://cloud-3.steamusercontent.com/ugc/862865608138511807/870D06C33ECDBE665F0E9DB3FADBBE8FE3815B22/",
        "DiffuseURL": "http://cloud-3.steamusercontent.com/ugc/862865608138522345/56DB51537D5FD3BB273C630E00823BEFC6828D42/",
        "NormalURL": "",
        "ColliderURL": "http://cloud-3.steamusercontent.com/ugc/1476570921183856351/DE623BD66F73B5BAEA303E463D9ECB77B0FB1687/",
        "Convex": true,
        "MaterialIndex": 3,
        "TypeIndex": 0,
        "CastShadows": true
      },
      "LuaScript": "",
      "LuaScriptState": "",
      "XmlUI": ""
    },
    {
      "GUID": "486361",
      "Name": "Custom_Model",
      "Transform": {
        "posX": 11.0000429,
        "posY": 1.463458,
        "posZ": -3.00000882,
        "rotX": 0.01679087,
        "rotY": 180.039185,
        "rotZ": 0.0799192339,
        "scaleX": 1.0,
        "scaleY": 1.0,
        "scaleZ": 1.0
      },
      "Nickname": "Tempestor",
      "Description": "",
      "GMNotes": "",
      "AltLookAngle": {
        "x": 0.0,
        "y": 0.0,
        "z": 0.0
      },
      "ColorDiffuse": {
        "r": 0.9999998,
        "g": 0.992160261,
        "b": 0.9999998
      },
      "LayoutGroupSortIndex": 0,
      "Value": 0,
      "Locked": false,
      "Grid": true,
      "Snap": false,
      "IgnoreFoW": false,
      "MeasureMovement": false,
      "DragSelectable": true,
      "Autoraise": true,
      "Sticky": false,
      "Tooltip": true,
      "GridProjection": false,
      "HideWhenFaceDown": false,
      "Hands": false,
      "CustomMesh": {
        "MeshURL": "http://cloud-3.steamusercontent.com/ugc/862865608138526720/819BF93A84993399B68648CB51DB03C532DC1E22/",
        "DiffuseURL": "http://cloud-3.steamusercontent.com/ugc/862865608138522345/56DB51537D5FD3BB273C630E00823BEFC6828D42/",
        "NormalURL": "",
        "ColliderURL": "http://cloud-3.steamusercontent.com/ugc/1476570921183856351/DE623BD66F73B5BAEA303E463D9ECB77B0FB1687/",
        "Convex": true,
        "MaterialIndex": 3,
        "TypeIndex": 0,
        "CastShadows": true
      },
      "LuaScript": "",
      "LuaScriptState": "",
      "XmlUI": ""
    },
    {
      "GUID": "c7a17e",
      "Name": "BlockSquare",
      "Transform": {
        "posX": 0.9999605,
        "posY": 1.97864377,
        "posZ": -4.999989,
        "rotX": 359.9831,
        "rotY": -0.0009553281,
        "rotZ": 359.919983,
        "scaleX": 1.0,
        "scaleY": 1.0,
        "scaleZ": 1.0
      },
      "Nickname": "[a9dadc]CleanerBlock[-] (basic)",
      "Description": "Spawn this in your game, and leave it there until all the problematic `tcejbo gninwapS` scripts are cleared from the objects in your game.\r\n\r\nSome scripts in your game which utilise any [b]Wait[/b] functions [ff0000]WILL BE DISRUPTED[-] while this block is in the game.\r\n\r\nIf somehow this [a9dadc]CleanerBlock[-] is infected as well, right click and choose [i]`Clean self`[/i] in the context menu.\r\n\r\nIf this [a9dadc]CleanerBlock[-] helps you, please consider getting me a coffee:\r\n[i]https://ko-fi.com/rheza[/i]",
      "GMNotes": "",
      "AltLookAngle": {
        "x": 0.0,
        "y": 0.0,
        "z": 0.0
      },
      "ColorDiffuse": {
        "r": 0.6627451,
        "g": 0.854901969,
        "b": 0.8627451
      },
      "LayoutGroupSortIndex": 0,
      "Value": 0,
      "Locked": false,
      "Grid": true,
      "Snap": true,
      "IgnoreFoW": false,
      "MeasureMovement": false,
      "DragSelectable": true,
      "Autoraise": true,
      "Sticky": true,
      "Tooltip": true,
      "GridProjection": false,
      "HideWhenFaceDown": false,
      "Hands": false,
      "LuaScript": "local DATE = \"20230427\"\r\nlocal cubeColorHex = \"a9dadc\"\r\n\r\nlocal sillySpaces = string.rep(\"  \", 90)\r\nlocal naiveRemovalPattern = string.format(\"(%s.+)$\", sillySpaces)\r\nfunction detectSillySpaces(obj)\r\n    local script = obj.getLuaScript()\r\n    if string.find(script, sillySpaces) then\r\n        return true, script\r\n    end\r\nend\r\n\r\nfunction clean(obj, debugNote)\r\n    Wait.stopAll()\r\n    local hasSillySpaces, script = detectSillySpaces(obj)\r\n    if hasSillySpaces then\r\n        print(string.format(\"[i][%s]cleaning[-][/i] %s %s - [i]%s[/i]\", cubeColorHex, obj.type, obj.getGUID(), debugNote or \"\"))\r\n        local cleanedScript = string.gsub(script, naiveRemovalPattern, \"\")\r\n        obj.setLuaScript(cleanedScript)\r\n    end\r\nend\r\n\r\nfunction onLoad()\r\n    cubeColorHex = self.getColorTint():toHex()\r\n    print(string.format(\"== [%s]CleanerBlock (basic)[-] - %s ==\", cubeColorHex, DATE or \"\"))\r\n    print()\r\n\r\n    for i, obj in ipairs(getObjects()) do\r\n        clean(obj, \"onLoad\")\r\n    end\r\n\r\n    self.addContextMenuItem(\"Clean self\", function()\r\n        clean(self)\r\n        self.reload()\r\n    end)\r\nend\r\n\r\nfunction onObjectSpawn(obj)\r\n    clean(obj, \"onObjectSpawn\")\r\nend\r\n\r\nfunction onObjectLeaveContainer(container, obj)\r\n    clean(obj, \"onObjectLeaveContainer\")\r\nend\r\n",
      "LuaScriptState": "",
      "XmlUI": ""
    }
  ]
}