[
  {
    "Directory": "C:\\Users\\Malice\\Documents//My Games//Tabletop Simulator//Saves\\Eldar\\TS_Save_37.json",
    "Name": "37 - Dark Eldar - 3/30/2020 6:57:21 PM",
    "UpdateTime": 1585609042
  },
  {
    "Directory": "C:\\Users\\Malice\\Documents//My Games//Tabletop Simulator//Saves\\Eldar\\TS_Save_37.json",
    "Name": "37 - Dark Eldar - 3/30/2020 6:57:21 PM",
    "UpdateTime": 1585609042
  },
  {
    "Directory": "C:\\Users\\Malice\\Documents//My Games//Tabletop Simulator//Saves\\Eldar\\TS_Save_40.json",
    "Name": "40 - Eldar 2 - 3/13/2020 2:38:32 PM",
    "UpdateTime": 1584124714
  },
  {
    "Directory": "C:\\Users\\Malice\\Documents//My Games//Tabletop Simulator//Saves\\Eldar\\TS_Save_40.json",
    "Name": "40 - Eldar 2 - 3/13/2020 2:38:32 PM",
    "UpdateTime": 1584124714
  },
  {
    "Directory": "C:\\Users\\Malice\\Documents//My Games//Tabletop Simulator//Saves\\Maps, Tools, and Terrain\\Terrain\\TS_Save_112.json",
    "Name": "112 - Ultimate Terrain Collection - 4/25/2020 9:17:49 PM",
    "UpdateTime": 1588120946
  },
  {
    "Directory": "C:\\Users\\Malice\\Documents//My Games//Tabletop Simulator//Saves\\Maps, Tools, and Terrain\\Terrain\\TS_Save_113.json",
    "Name": "113 - Battlefield Terrain Objects 1 - 3/1/2020 12:20:40 AM",
    "UpdateTime": 1583043642
  },
  {
    "Directory": "C:\\Users\\Malice\\Documents//My Games//Tabletop Simulator//Saves\\Maps, Tools, and Terrain\\Terrain\\TS_Save_114.json",
    "Name": "114 - Battlefield Terrain Objects 2 - 3/1/2020 12:22:27 AM",
    "UpdateTime": 1583043748
  },
  {
    "Directory": "C:\\Users\\Malice\\Documents//My Games//Tabletop Simulator//Saves\\Maps, Tools, and Terrain\\Terrain\\TS_Save_115.json",
    "Name": "115 - Battlefield Terrain Objects 4 - 3/1/2020 12:24:27 AM",
    "UpdateTime": 1583043868
  },
  {
    "Directory": "C:\\Users\\Malice\\Documents//My Games//Tabletop Simulator//Saves\\Maps, Tools, and Terrain\\Terrain\\TS_Save_117.json",
    "Name": "117 - Battlefield Terrain Objects 5 - 3/1/2020 12:25:39 AM",
    "UpdateTime": 1583043940
  },
  {
    "Directory": "C:\\Users\\Malice\\Documents//My Games//Tabletop Simulator//Saves\\Maps, Tools, and Terrain\\Terrain\\TS_Save_118.json",
    "Name": "118 - Imperial Guard Buildings - 3/1/2020 12:26:57 AM",
    "UpdateTime": 1583044018
  },
  {
    "Directory": "C:\\Users\\Malice\\Documents//My Games//Tabletop Simulator//Saves\\Maps, Tools, and Terrain\\Terrain\\TS_Save_112.json",
    "Name": "112 - Ultimate Terrain Collection - 4/25/2020 9:17:49 PM",
    "UpdateTime": 1588120946
  },
  {
    "Directory": "C:\\Users\\Malice\\Documents//My Games//Tabletop Simulator//Saves\\Maps, Tools, and Terrain\\Terrain\\TS_Save_119.json",
    "Name": "119 - Dark Eldar Buildings - 3/1/2020 12:27:36 AM",
    "UpdateTime": 1583044058
  },
  {
    "Directory": "C:\\Users\\Malice\\Documents//My Games//Tabletop Simulator//Saves\\Maps, Tools, and Terrain\\Terrain\\TS_Save_119.json",
    "Name": "119 - Dark Eldar Buildings - 3/1/2020 12:27:36 AM",
    "UpdateTime": 1583044058
  },
  {
    "Directory": "C:\\Users\\Malice\\Documents//My Games//Tabletop Simulator//Saves\\Maps, Tools, and Terrain\\Terrain\\TS_Save_120.json",
    "Name": "120 - Ecclesiarchy Buildings - 3/1/2020 12:28:42 AM",
    "UpdateTime": 1583044124
  },
  {
    "Directory": "C:\\Users\\Malice\\Documents//My Games//Tabletop Simulator//Saves\\Maps, Tools, and Terrain\\Terrain\\TS_Save_120.json",
    "Name": "120 - Ecclesiarchy Buildings - 3/1/2020 12:28:42 AM",
    "UpdateTime": 1583044124
  },
  {
    "Directory": "C:\\Users\\Malice\\Documents//My Games//Tabletop Simulator//Saves\\Maps, Tools, and Terrain\\Terrain\\TS_Save_121.json",
    "Name": "121 - Fortifications - 3/1/2020 12:32:41 AM",
    "UpdateTime": 1583044362
  },
  {
    "Directory": "C:\\Users\\Malice\\Documents//My Games//Tabletop Simulator//Saves\\Maps, Tools, and Terrain\\Terrain\\TS_Save_112.json",
    "Name": "112 - Ultimate Terrain Collection - 4/25/2020 9:17:49 PM",
    "UpdateTime": 1588120946
  },
  {
    "Directory": "C:\\Users\\Malice\\Documents//My Games//Tabletop Simulator//Saves\\Maps, Tools, and Terrain\\Terrain\\TS_Save_112.json",
    "Name": "112 - Ultimate Terrain Collection - 4/25/2020 9:17:49 PM",
    "UpdateTime": 1588120946
  },
  {
    "Directory": "C:\\Users\\Malice\\Documents//My Games//Tabletop Simulator//Saves\\Maps, Tools, and Terrain\\Terrain\\TS_Save_112.json",
    "Name": "112 - Ultimate Terrain Collection - 4/25/2020 9:17:49 PM",
    "UpdateTime": 1588120946
  },
  {
    "Directory": "C:\\Users\\Malice\\Documents//My Games//Tabletop Simulator//Saves\\Maps, Tools, and Terrain\\Terrain\\TS_Save_121.json",
    "Name": "121 - Fortifications - 3/1/2020 12:32:41 AM",
    "UpdateTime": 1583044362
  },
  {
    "Directory": "C:\\Users\\Malice\\Documents//My Games//Tabletop Simulator//Saves\\Maps, Tools, and Terrain\\Terrain\\TS_Save_122.json",
    "Name": "122 - Ruins - 3/1/2020 12:34:18 AM",
    "UpdateTime": 1583044460
  },
  {
    "Directory": "C:\\Users\\Malice\\Documents//My Games//Tabletop Simulator//Saves\\Maps, Tools, and Terrain\\Terrain\\TS_Save_122.json",
    "Name": "122 - Ruins - 3/1/2020 12:34:18 AM",
    "UpdateTime": 1583044460
  },
  {
    "Directory": "C:\\Users\\Malice\\Documents//My Games//Tabletop Simulator//Saves\\Maps, Tools, and Terrain\\Terrain\\TS_Save_122.json",
    "Name": "122 - Ruins - 3/1/2020 12:34:18 AM",
    "UpdateTime": 1583044460
  },
  {
    "Directory": "C:\\Users\\Malice\\Documents//My Games//Tabletop Simulator//Saves\\Maps, Tools, and Terrain\\Terrain\\TS_Save_122.json",
    "Name": "122 - Ruins - 3/1/2020 12:34:18 AM",
    "UpdateTime": 1583044460
  },
  {
    "Directory": "C:\\Users\\Malice\\Documents//My Games//Tabletop Simulator//Saves\\Maps, Tools, and Terrain\\Terrain\\TS_Save_123.json",
    "Name": "123 - Desert and Ruins - 3/1/2020 12:35:11 AM",
    "UpdateTime": 1583044512
  },
  {
    "Directory": "C:\\Users\\Malice\\Documents//My Games//Tabletop Simulator//Saves\\Maps, Tools, and Terrain\\Terrain\\TS_Save_122.json",
    "Name": "122 - Ruins - 3/1/2020 12:34:18 AM",
    "UpdateTime": 1583044460
  },
  {
    "Directory": "C:\\Users\\Malice\\Documents//My Games//Tabletop Simulator//Saves\\Maps, Tools, and Terrain\\Terrain\\TS_Save_123.json",
    "Name": "123 - Desert and Ruins - 3/1/2020 12:35:11 AM",
    "UpdateTime": 1583044512
  },
  {
    "Directory": "C:\\Users\\Malice\\Documents//My Games//Tabletop Simulator//Saves\\Maps, Tools, and Terrain\\Terrain\\TS_Save_125.json",
    "Name": "125 - Assorted Buildings - 3/1/2020 12:40:20 AM",
    "UpdateTime": 1583044822
  },
  {
    "Directory": "C:\\Users\\Malice\\Documents//My Games//Tabletop Simulator//Saves\\Maps, Tools, and Terrain\\Terrain\\TS_Save_123.json",
    "Name": "123 - Desert and Ruins - 3/1/2020 12:35:11 AM",
    "UpdateTime": 1583044512
  },
  {
    "Directory": "C:\\Users\\Malice\\Documents//My Games//Tabletop Simulator//Saves\\Maps, Tools, and Terrain\\Terrain\\TS_Save_125.json",
    "Name": "125 - Assorted Buildings - 3/1/2020 12:40:20 AM",
    "UpdateTime": 1583044822
  },
  {
    "Directory": "C:\\Users\\Malice\\Documents//My Games//Tabletop Simulator//Saves\\Maps, Tools, and Terrain\\Terrain\\TS_Save_123.json",
    "Name": "123 - Desert and Ruins - 3/1/2020 12:35:11 AM",
    "UpdateTime": 1583044512
  },
  {
    "Directory": "C:\\Users\\Malice\\Documents//My Games//Tabletop Simulator//Saves\\Maps, Tools, and Terrain\\Terrain\\TS_Save_125.json",
    "Name": "125 - Assorted Buildings - 3/1/2020 12:40:20 AM",
    "UpdateTime": 1583044822
  },
  {
    "Directory": "C:\\Users\\Malice\\Documents//My Games//Tabletop Simulator//Saves\\Maps, Tools, and Terrain\\Terrain\\TS_Save_144.json",
    "Name": "144 - Fortifications 2 - 4/3/2020 10:21:21 PM",
    "UpdateTime": 1585966882
  },
  {
    "Directory": "C:\\Users\\Malice\\Documents//My Games//Tabletop Simulator//Saves\\Maps, Tools, and Terrain\\Terrain\\TS_Save_144.json",
    "Name": "144 - Fortifications 2 - 4/3/2020 10:21:21 PM",
    "UpdateTime": 1585966882
  },
  {
    "Directory": "C:\\Users\\Malice\\Documents//My Games//Tabletop Simulator//Saves\\Maps, Tools, and Terrain\\Terrain\\TS_Save_144.json",
    "Name": "144 - Fortifications 2 - 4/3/2020 10:21:21 PM",
    "UpdateTime": 1585966882
  },
  {
    "Directory": "C:\\Users\\Malice\\Documents//My Games//Tabletop Simulator//Saves\\Maps, Tools, and Terrain\\Terrain\\TS_Save_144.json",
    "Name": "144 - Fortifications 2 - 4/3/2020 10:21:21 PM",
    "UpdateTime": 1585966882
  },
  {
    "Directory": "C:\\Users\\Malice\\Documents//My Games//Tabletop Simulator//Saves\\Maps, Tools, and Terrain\\Terrain\\TS_Save_144.json",
    "Name": "144 - Fortifications 2 - 4/3/2020 10:21:21 PM",
    "UpdateTime": 1585966882
  },
  {
    "Directory": "C:\\Users\\Malice\\Documents//My Games//Tabletop Simulator//Saves\\Maps, Tools, and Terrain\\Terrain\\TS_Save_2128.json",
    "Name": "2128 - Xenos and Imperium Terrain - 6/1/2020 9:50:11 PM",
    "UpdateTime": 1591062612
  },
  {
    "Directory": "C:\\Users\\Malice\\Documents//My Games//Tabletop Simulator//Saves\\Maps, Tools, and Terrain\\Terrain\\TS_Save_2128.json",
    "Name": "2128 - Xenos and Imperium Terrain - 6/1/2020 9:50:11 PM",
    "UpdateTime": 1591062612
  },
  {
    "Directory": "C:\\Users\\Malice\\Documents//My Games//Tabletop Simulator//Saves\\Maps, Tools, and Terrain\\Terrain\\TS_Save_2128.json",
    "Name": "2128 - Xenos and Imperium Terrain - 6/1/2020 9:50:11 PM",
    "UpdateTime": 1591062612
  },
  {
    "Directory": "C:\\Users\\Malice\\Documents//My Games//Tabletop Simulator//Saves\\Maps, Tools, and Terrain\\Terrain\\TS_Save_2128.json",
    "Name": "2128 - Xenos and Imperium Terrain - 6/1/2020 9:50:11 PM",
    "UpdateTime": 1591062612
  },
  {
    "Directory": "C:\\Users\\Malice\\Documents//My Games//Tabletop Simulator//Saves\\Maps, Tools, and Terrain\\Terrain\\TS_Save_2128.json",
    "Name": "2128 - Xenos and Imperium Terrain - 6/1/2020 9:50:11 PM",
    "UpdateTime": 1591062612
  },
  {
    "Directory": "C:\\Users\\Malice\\Documents//My Games//Tabletop Simulator//Saves\\Maps, Tools, and Terrain\\Terrain\\TS_Save_2134.json",
    "Name": "2134 - Hab Blocks Terrain - 7/31/2020 2:03:07 PM",
    "UpdateTime": 1596218588
  },
  {
    "Directory": "C:\\Users\\Malice\\Documents//My Games//Tabletop Simulator//Saves\\Maps, Tools, and Terrain\\Terrain\\TS_Save_2134.json",
    "Name": "2134 - Hab Blocks Terrain - 7/31/2020 2:03:07 PM",
    "UpdateTime": 1596218588
  },
  {
    "Directory": "C:\\Users\\Malice\\Documents//My Games//Tabletop Simulator//Saves\\Maps, Tools, and Terrain\\Terrain\\TS_Save_2134.json",
    "Name": "2134 - Hab Blocks Terrain - 7/31/2020 2:03:07 PM",
    "UpdateTime": 1596218588
  },
  {
    "Directory": "C:\\Users\\Malice\\Documents//My Games//Tabletop Simulator//Saves\\Maps, Tools, and Terrain\\Terrain\\TS_Save_2134.json",
    "Name": "2134 - Hab Blocks Terrain - 7/31/2020 2:03:07 PM",
    "UpdateTime": 1596218588
  },
  {
    "Directory": "C:\\Users\\Malice\\Documents//My Games//Tabletop Simulator//Saves\\Maps, Tools, and Terrain\\Terrain\\TS_Save_2134.json",
    "Name": "2134 - Hab Blocks Terrain - 7/31/2020 2:03:07 PM",
    "UpdateTime": 1596218588
  },
  {
    "Directory": "C:\\Users\\Malice\\Documents//My Games//Tabletop Simulator//Saves\\Maps, Tools, and Terrain\\Terrain\\TS_Save_2136.json",
    "Name": "2136 - Ork Terrain - 8/5/2020 3:57:12 PM",
    "UpdateTime": 1596657434
  },
  {
    "Directory": "C:\\Users\\Malice\\Documents//My Games//Tabletop Simulator//Saves\\Maps, Tools, and Terrain\\Terrain\\TS_Save_2136.json",
    "Name": "2136 - Ork Terrain - 8/5/2020 3:57:12 PM",
    "UpdateTime": 1596657434
  },
  {
    "Directory": "C:\\Users\\Malice\\Documents//My Games//Tabletop Simulator//Saves\\Maps, Tools, and Terrain\\Terrain\\TS_Save_2136.json",
    "Name": "2136 - Ork Terrain - 8/5/2020 3:57:12 PM",
    "UpdateTime": 1596657434
  },
  {
    "Directory": "C:\\Users\\Malice\\Documents//My Games//Tabletop Simulator//Saves\\Maps, Tools, and Terrain\\Terrain\\TS_Save_2136.json",
    "Name": "2136 - Ork Terrain - 8/5/2020 3:57:12 PM",
    "UpdateTime": 1596657434
  },
  {
    "Directory": "C:\\Users\\Malice\\Documents//My Games//Tabletop Simulator//Saves\\Maps, Tools, and Terrain\\Terrain\\TS_Save_2136.json",
    "Name": "2136 - Ork Terrain - 8/5/2020 3:57:12 PM",
    "UpdateTime": 1596657434
  },
  {
    "Directory": "C:\\Users\\Malice\\Documents//My Games//Tabletop Simulator//Saves\\Maps, Tools, and Terrain\\Tools\\TS_Save_101.json",
    "Name": "101 - Battlescribe2TTS - 5/29/2020 9:01:02 PM",
    "UpdateTime": 1590800464
  },
  {
    "Directory": "C:\\Users\\Malice\\Documents//My Games//Tabletop Simulator//Saves\\Maps, Tools, and Terrain\\Tools\\TS_Save_101.json",
    "Name": "101 - Battlescribe2TTS - 5/29/2020 9:01:02 PM",
    "UpdateTime": 1590800464
  },
  {
    "Directory": "C:\\Users\\Malice\\Documents//My Games//Tabletop Simulator//Saves\\Maps, Tools, and Terrain\\Tools\\TS_Save_101.json",
    "Name": "101 - Battlescribe2TTS - 5/29/2020 9:01:02 PM",
    "UpdateTime": 1590800464
  },
  {
    "Directory": "C:\\Users\\Malice\\Documents//My Games//Tabletop Simulator//Saves\\Maps, Tools, and Terrain\\Tools\\TS_Save_101.json",
    "Name": "101 - Battlescribe2TTS - 5/29/2020 9:01:02 PM",
    "UpdateTime": 1590800464
  },
  {
    "Directory": "C:\\Users\\Malice\\Documents//My Games//Tabletop Simulator//Saves\\Maps, Tools, and Terrain\\Tools\\TS_Save_101.json",
    "Name": "101 - Battlescribe2TTS - 5/29/2020 9:01:02 PM",
    "UpdateTime": 1590800464
  },
  {
    "Directory": "C:\\Users\\Malice\\Documents//My Games//Tabletop Simulator//Saves\\Maps, Tools, and Terrain\\Tools\\TS_Save_109.json",
    "Name": "109 - Realistic Fire - 3/1/2020 12:12:56 AM",
    "UpdateTime": 1583043178
  },
  {
    "Directory": "C:\\Users\\Malice\\Documents//My Games//Tabletop Simulator//Saves\\Maps, Tools, and Terrain\\Tools\\TS_Save_110.json",
    "Name": "110 - Realistic Smoke - 3/1/2020 12:13:45 AM",
    "UpdateTime": 1583043226
  },
  {
    "Directory": "C:\\Users\\Malice\\Documents//My Games//Tabletop Simulator//Saves\\Maps, Tools, and Terrain\\Tools\\TS_Save_109.json",
    "Name": "109 - Realistic Fire - 3/1/2020 12:12:56 AM",
    "UpdateTime": 1583043178
  },
  {
    "Directory": "C:\\Users\\Malice\\Documents//My Games//Tabletop Simulator//Saves\\Maps, Tools, and Terrain\\Tools\\TS_Save_109.json",
    "Name": "109 - Realistic Fire - 3/1/2020 12:12:56 AM",
    "UpdateTime": 1583043178
  },
  {
    "Directory": "C:\\Users\\Malice\\Documents//My Games//Tabletop Simulator//Saves\\Maps, Tools, and Terrain\\Tools\\TS_Save_109.json",
    "Name": "109 - Realistic Fire - 3/1/2020 12:12:56 AM",
    "UpdateTime": 1583043178
  },
  {
    "Directory": "C:\\Users\\Malice\\Documents//My Games//Tabletop Simulator//Saves\\Maps, Tools, and Terrain\\Tools\\TS_Save_109.json",
    "Name": "109 - Realistic Fire - 3/1/2020 12:12:56 AM",
    "UpdateTime": 1583043178
  },
  {
    "Directory": "C:\\Users\\Malice\\Documents//My Games//Tabletop Simulator//Saves\\Maps, Tools, and Terrain\\Tools\\TS_Save_111.json",
    "Name": "111 - Base Size Chart - 3/1/2020 12:14:27 AM",
    "UpdateTime": 1583043268
  },
  {
    "Directory": "C:\\Users\\Malice\\Documents//My Games//Tabletop Simulator//Saves\\Maps, Tools, and Terrain\\Tools\\TS_Save_111.json",
    "Name": "111 - Base Size Chart - 3/1/2020 12:14:27 AM",
    "UpdateTime": 1583043268
  },
  {
    "Directory": "C:\\Users\\Malice\\Documents//My Games//Tabletop Simulator//Saves\\Maps, Tools, and Terrain\\Tools\\TS_Save_111.json",
    "Name": "111 - Base Size Chart - 3/1/2020 12:14:27 AM",
    "UpdateTime": 1583043268
  },
  {
    "Directory": "C:\\Users\\Malice\\Documents//My Games//Tabletop Simulator//Saves\\Maps, Tools, and Terrain\\Tools\\TS_Save_111.json",
    "Name": "111 - Base Size Chart - 3/1/2020 12:14:27 AM",
    "UpdateTime": 1583043268
  },
  {
    "Directory": "C:\\Users\\Malice\\Documents//My Games//Tabletop Simulator//Saves\\Maps, Tools, and Terrain\\Tools\\TS_Save_156.json",
    "Name": "156 - Open War Cards - 3/20/2020 7:07:04 PM",
    "UpdateTime": 1584745626
  },
  {
    "Directory": "C:\\Users\\Malice\\Documents//My Games//Tabletop Simulator//Saves\\Maps, Tools, and Terrain\\Tools\\TS_Save_156.json",
    "Name": "156 - Open War Cards - 3/20/2020 7:07:04 PM",
    "UpdateTime": 1584745626
  },
  {
    "Directory": "C:\\Users\\Malice\\Documents//My Games//Tabletop Simulator//Saves\\Maps, Tools, and Terrain\\Tools\\TS_Save_156.json",
    "Name": "156 - Open War Cards - 3/20/2020 7:07:04 PM",
    "UpdateTime": 1584745626
  },
  {
    "Directory": "C:\\Users\\Malice\\Documents//My Games//Tabletop Simulator//Saves\\Maps, Tools, and Terrain\\Tools\\TS_Save_156.json",
    "Name": "156 - Open War Cards - 3/20/2020 7:07:04 PM",
    "UpdateTime": 1584745626
  },
  {
    "Directory": "C:\\Users\\Malice\\Documents//My Games//Tabletop Simulator//Saves\\Maps, Tools, and Terrain\\Tools\\TS_Save_156.json",
    "Name": "156 - Open War Cards - 3/20/2020 7:07:04 PM",
    "UpdateTime": 1584745626
  },
  {
    "Directory": "C:\\Users\\Malice\\Documents//My Games//Tabletop Simulator//Saves\\Maps, Tools, and Terrain\\Tools\\TS_Save_2090.json",
    "Name": "2090 - Tactical Objective Decks - 4/30/2020 11:20:56 PM",
    "UpdateTime": 1588303258
  },
  {
    "Directory": "C:\\Users\\Malice\\Documents//My Games//Tabletop Simulator//Saves\\Maps, Tools, and Terrain\\Tools\\TS_Save_2090.json",
    "Name": "2090 - Tactical Objective Decks - 4/30/2020 11:20:56 PM",
    "UpdateTime": 1588303258
  },
  {
    "Directory": "C:\\Users\\Malice\\Documents//My Games//Tabletop Simulator//Saves\\Maps, Tools, and Terrain\\Tools\\TS_Save_2090.json",
    "Name": "2090 - Tactical Objective Decks - 4/30/2020 11:20:56 PM",
    "UpdateTime": 1588303258
  },
  {
    "Directory": "C:\\Users\\Malice\\Documents//My Games//Tabletop Simulator//Saves\\Maps, Tools, and Terrain\\Tools\\TS_Save_2090.json",
    "Name": "2090 - Tactical Objective Decks - 4/30/2020 11:20:56 PM",
    "UpdateTime": 1588303258
  },
  {
    "Directory": "C:\\Users\\Malice\\Documents//My Games//Tabletop Simulator//Saves\\Maps, Tools, and Terrain\\Tools\\TS_Save_2090.json",
    "Name": "2090 - Tactical Objective Decks - 4/30/2020 11:20:56 PM",
    "UpdateTime": 1588303258
  },
  {
    "Directory": "C:\\Users\\Malice\\Documents//My Games//Tabletop Simulator//Saves\\Maps, Tools, and Terrain\\Tools\\TS_Save_2114.json",
    "Name": "2114 - Stratagem Decks - 4/30/2020 11:23:23 PM",
    "UpdateTime": 1588303404
  },
  {
    "Directory": "C:\\Users\\Malice\\Documents//My Games//Tabletop Simulator//Saves\\Maps, Tools, and Terrain\\Tools\\TS_Save_2114.json",
    "Name": "2114 - Stratagem Decks - 4/30/2020 11:23:23 PM",
    "UpdateTime": 1588303404
  },
  {
    "Directory": "C:\\Users\\Malice\\Documents//My Games//Tabletop Simulator//Saves\\Maps, Tools, and Terrain\\Tools\\TS_Save_2114.json",
    "Name": "2114 - Stratagem Decks - 4/30/2020 11:23:23 PM",
    "UpdateTime": 1588303404
  },
  {
    "Directory": "C:\\Users\\Malice\\Documents//My Games//Tabletop Simulator//Saves\\Maps, Tools, and Terrain\\Tools\\TS_Save_2114.json",
    "Name": "2114 - Stratagem Decks - 4/30/2020 11:23:23 PM",
    "UpdateTime": 1588303404
  },
  {
    "Directory": "C:\\Users\\Malice\\Documents//My Games//Tabletop Simulator//Saves\\Maps, Tools, and Terrain\\Tools\\TS_Save_2114.json",
    "Name": "2114 - Stratagem Decks - 4/30/2020 11:23:23 PM",
    "UpdateTime": 1588303404
  },
  {
    "Directory": "C:\\Users\\Malice\\Documents//My Games//Tabletop Simulator//Saves\\Maps, Tools, and Terrain\\Tools\\TS_Save_2130.json",
    "Name": "2130 - 9th Edition Secondary Objectives - 8/7/2020 4:48:59 PM",
    "UpdateTime": 1596833340
  },
  {
    "Directory": "C:\\Users\\Malice\\Documents//My Games//Tabletop Simulator//Saves\\Maps, Tools, and Terrain\\Tools\\TS_Save_2130.json",
    "Name": "2130 - 9th Edition Secondary Objectives - 8/7/2020 4:48:59 PM",
    "UpdateTime": 1596833340
  },
  {
    "Directory": "C:\\Users\\Malice\\Documents//My Games//Tabletop Simulator//Saves\\Maps, Tools, and Terrain\\Tools\\TS_Save_2130.json",
    "Name": "2130 - 9th Edition Secondary Objectives - 8/7/2020 4:48:59 PM",
    "UpdateTime": 1596833340
  },
  {
    "Directory": "C:\\Users\\Malice\\Documents//My Games//Tabletop Simulator//Saves\\Maps, Tools, and Terrain\\Tools\\TS_Save_2130.json",
    "Name": "2130 - 9th Edition Secondary Objectives - 8/7/2020 4:48:59 PM",
    "UpdateTime": 1596833340
  },
  {
    "Directory": "C:\\Users\\Malice\\Documents//My Games//Tabletop Simulator//Saves\\Maps, Tools, and Terrain\\Tools\\TS_Save_2130.json",
    "Name": "2130 - 9th Edition Secondary Objectives - 8/7/2020 4:48:59 PM",
    "UpdateTime": 1596833340
  },
  {
    "Directory": "C:\\Users\\Malice\\Documents//My Games//Tabletop Simulator//Saves\\Maps, Tools, and Terrain\\Tools\\TS_Save_2132.json",
    "Name": "2132 - 9th Edition 44x30 Map Border - 7/27/2020 10:32:52 PM",
    "UpdateTime": 1595903574
  },
  {
    "Directory": "C:\\Users\\Malice\\Documents//My Games//Tabletop Simulator//Saves\\Maps, Tools, and Terrain\\Tools\\TS_Save_2132.json",
    "Name": "2132 - 9th Edition 44x30 Map Border - 7/27/2020 10:32:52 PM",
    "UpdateTime": 1595903574
  },
  {
    "Directory": "C:\\Users\\Malice\\Documents//My Games//Tabletop Simulator//Saves\\Maps, Tools, and Terrain\\Tools\\TS_Save_2132.json",
    "Name": "2132 - 9th Edition 44x30 Map Border - 7/27/2020 10:32:52 PM",
    "UpdateTime": 1595903574
  },
  {
    "Directory": "C:\\Users\\Malice\\Documents//My Games//Tabletop Simulator//Saves\\Maps, Tools, and Terrain\\Tools\\TS_Save_2132.json",
    "Name": "2132 - 9th Edition 44x30 Map Border - 7/27/2020 10:32:52 PM",
    "UpdateTime": 1595903574
  },
  {
    "Directory": "C:\\Users\\Malice\\Documents//My Games//Tabletop Simulator//Saves\\Maps, Tools, and Terrain\\Tools\\TS_Save_2132.json",
    "Name": "2132 - 9th Edition 44x30 Map Border - 7/27/2020 10:32:52 PM",
    "UpdateTime": 1595903574
  },
  {
    "Directory": "C:\\Users\\Malice\\Documents//My Games//Tabletop Simulator//Saves\\Maps, Tools, and Terrain\\Tools\\TS_Save_2133.json",
    "Name": "2133 - 9th Edition 44x60 Map Border - 7/27/2020 10:33:27 PM",
    "UpdateTime": 1595903608
  },
  {
    "Directory": "C:\\Users\\Malice\\Documents//My Games//Tabletop Simulator//Saves\\Maps, Tools, and Terrain\\Tools\\TS_Save_2133.json",
    "Name": "2133 - 9th Edition 44x60 Map Border - 7/27/2020 10:33:27 PM",
    "UpdateTime": 1595903608
  },
  {
    "Directory": "C:\\Users\\Malice\\Documents//My Games//Tabletop Simulator//Saves\\Maps, Tools, and Terrain\\Tools\\TS_Save_2133.json",
    "Name": "2133 - 9th Edition 44x60 Map Border - 7/27/2020 10:33:27 PM",
    "UpdateTime": 1595903608
  },
  {
    "Directory": "C:\\Users\\Malice\\Documents//My Games//Tabletop Simulator//Saves\\Maps, Tools, and Terrain\\Tools\\TS_Save_2133.json",
    "Name": "2133 - 9th Edition 44x60 Map Border - 7/27/2020 10:33:27 PM",
    "UpdateTime": 1595903608
  },
  {
    "Directory": "C:\\Users\\Malice\\Documents//My Games//Tabletop Simulator//Saves\\Maps, Tools, and Terrain\\Tools\\TS_Save_2133.json",
    "Name": "2133 - 9th Edition 44x60 Map Border - 7/27/2020 10:33:27 PM",
    "UpdateTime": 1595903608
  },
  {
    "Directory": "C:\\Users\\Malice\\Documents//My Games//Tabletop Simulator//Saves\\Maps, Tools, and Terrain\\Tools\\TS_Save_2114.json",
    "Name": "2114 - Stratagem Decks - 4/30/2020 11:23:23 PM",
    "UpdateTime": 1588303404
  },
  {
    "Directory": "C:\\Users\\Malice\\Documents//My Games//Tabletop Simulator//Saves\\Maps, Tools, and Terrain\\Tools\\TS_Save_98.json",
    "Name": "98 - Apocalyse Movement Trays - 2/29/2020 5:17:33 PM",
    "UpdateTime": 1588120946
  },
  {
    "Directory": "C:\\Users\\Malice\\Documents//My Games//Tabletop Simulator//Saves\\Maps, Tools, and Terrain\\Tools\\TS_Save_98.json",
    "Name": "98 - Apocalyse Movement Trays - 2/29/2020 5:17:33 PM",
    "UpdateTime": 1588120946
  },
  {
    "Directory": "C:\\Users\\Malice\\Documents//My Games//Tabletop Simulator//Saves\\Maps, Tools, and Terrain\\Tools\\TS_Save_98.json",
    "Name": "98 - Apocalyse Movement Trays - 2/29/2020 5:17:33 PM",
    "UpdateTime": 1588120946
  },
  {
    "Directory": "C:\\Users\\Malice\\Documents//My Games//Tabletop Simulator//Saves\\Maps, Tools, and Terrain\\Tools\\TS_Save_98.json",
    "Name": "98 - Apocalyse Movement Trays - 2/29/2020 5:17:33 PM",
    "UpdateTime": 1588120946
  },
  {
    "Directory": "C:\\Users\\Malice\\Documents//My Games//Tabletop Simulator//Saves\\Maps, Tools, and Terrain\\Tools\\TS_Save_98.json",
    "Name": "98 - Apocalyse Movement Trays - 2/29/2020 5:17:33 PM",
    "UpdateTime": 1588120946
  },
  {
    "Directory": "C:\\Users\\Malice\\Documents//My Games//Tabletop Simulator//Saves\\Maps, Tools, and Terrain\\Tools\\TS_Save_98.json",
    "Name": "98 - Apocalyse Movement Trays - 2/29/2020 5:17:33 PM",
    "UpdateTime": 1588120946
  },
  {
    "Directory": "C:\\Users\\Malice\\Documents//My Games//Tabletop Simulator//Saves\\Orks\\TS_Save_2092.json",
    "Name": "2092 - Ghazghkull Mag Uruk Thraka (and Makari) - 3/26/2020 8:47:03 PM",
    "UpdateTime": 1585270024
  },
  {
    "Directory": "C:\\Users\\Malice\\Documents//My Games//Tabletop Simulator//Saves\\Orks\\TS_Save_2092.json",
    "Name": "2092 - Ghazghkull Mag Uruk Thraka (and Makari) - 3/26/2020 8:47:03 PM",
    "UpdateTime": 1585270024
  },
  {
    "Directory": "C:\\Users\\Malice\\Documents//My Games//Tabletop Simulator//Saves\\Orks\\TS_Save_2092.json",
    "Name": "2092 - Ghazghkull Mag Uruk Thraka (and Makari) - 3/26/2020 8:47:03 PM",
    "UpdateTime": 1585270024
  },
  {
    "Directory": "C:\\Users\\Malice\\Documents//My Games//Tabletop Simulator//Saves\\Orks\\TS_Save_2092.json",
    "Name": "2092 - Ghazghkull Mag Uruk Thraka (and Makari) - 3/26/2020 8:47:03 PM",
    "UpdateTime": 1585270024
  },
  {
    "Directory": "C:\\Users\\Malice\\Documents//My Games//Tabletop Simulator//Saves\\Orks\\TS_Save_34.json",
    "Name": "34 - Kaptin Badrukk and Flash Gits - 3/12/2020 7:07:30 PM",
    "UpdateTime": 1584054452
  },
  {
    "Directory": "C:\\Users\\Malice\\Documents//My Games//Tabletop Simulator//Saves\\Orks\\TS_Save_34.json",
    "Name": "34 - Kaptin Badrukk and Flash Gits - 3/12/2020 7:07:30 PM",
    "UpdateTime": 1584054452
  },
  {
    "Directory": "C:\\Users\\Malice\\Documents//My Games//Tabletop Simulator//Saves\\Orks\\TS_Save_34.json",
    "Name": "34 - Kaptin Badrukk and Flash Gits - 3/12/2020 7:07:30 PM",
    "UpdateTime": 1584054452
  },
  {
    "Directory": "C:\\Users\\Malice\\Documents//My Games//Tabletop Simulator//Saves\\Orks\\TS_Save_34.json",
    "Name": "34 - Kaptin Badrukk and Flash Gits - 3/12/2020 7:07:30 PM",
    "UpdateTime": 1584054452
  },
  {
    "Directory": "C:\\Users\\Malice\\Documents//My Games//Tabletop Simulator//Saves\\Orks\\TS_Save_34.json",
    "Name": "34 - Kaptin Badrukk and Flash Gits - 3/12/2020 7:07:30 PM",
    "UpdateTime": 1584054452
  },
  {
    "Directory": "C:\\Users\\Malice\\Documents//My Games//Tabletop Simulator//Saves\\Orks\\TS_Save_36.json",
    "Name": "36 - Battlewagon w/Cannons - 2/13/2020 9:14:24 PM",
    "UpdateTime": 1581650066
  },
  {
    "Directory": "C:\\Users\\Malice\\Documents//My Games//Tabletop Simulator//Saves\\Orks\\TS_Save_36.json",
    "Name": "36 - Battlewagon w/Cannons - 2/13/2020 9:14:24 PM",
    "UpdateTime": 1581650066
  },
  {
    "Directory": "C:\\Users\\Malice\\Documents//My Games//Tabletop Simulator//Saves\\Orks\\TS_Save_36.json",
    "Name": "36 - Battlewagon w/Cannons - 2/13/2020 9:14:24 PM",
    "UpdateTime": 1581650066
  },
  {
    "Directory": "C:\\Users\\Malice\\Documents//My Games//Tabletop Simulator//Saves\\Orks\\TS_Save_36.json",
    "Name": "36 - Battlewagon w/Cannons - 2/13/2020 9:14:24 PM",
    "UpdateTime": 1581650066
  },
  {
    "Directory": "C:\\Users\\Malice\\Documents//My Games//Tabletop Simulator//Saves\\Orks\\TS_Save_36.json",
    "Name": "36 - Battlewagon w/Cannons - 2/13/2020 9:14:24 PM",
    "UpdateTime": 1581650066
  },
  {
    "Directory": "C:\\Users\\Malice\\Documents//My Games//Tabletop Simulator//Saves\\Orks\\TS_Save_75.json",
    "Name": "75 - Speed Freekz - 2/13/2020 9:13:49 PM",
    "UpdateTime": 1581650030
  },
  {
    "Directory": "C:\\Users\\Malice\\Documents//My Games//Tabletop Simulator//Saves\\Orks\\TS_Save_75.json",
    "Name": "75 - Speed Freekz - 2/13/2020 9:13:49 PM",
    "UpdateTime": 1581650030
  },
  {
    "Directory": "C:\\Users\\Malice\\Documents//My Games//Tabletop Simulator//Saves\\Orks\\TS_Save_75.json",
    "Name": "75 - Speed Freekz - 2/13/2020 9:13:49 PM",
    "UpdateTime": 1581650030
  },
  {
    "Directory": "C:\\Users\\Malice\\Documents//My Games//Tabletop Simulator//Saves\\Orks\\TS_Save_75.json",
    "Name": "75 - Speed Freekz - 2/13/2020 9:13:49 PM",
    "UpdateTime": 1581650030
  },
  {
    "Directory": "C:\\Users\\Malice\\Documents//My Games//Tabletop Simulator//Saves\\Orks\\TS_Save_75.json",
    "Name": "75 - Speed Freekz - 2/13/2020 9:13:49 PM",
    "UpdateTime": 1581650030
  },
  {
    "Directory": "C:\\Users\\Malice\\Documents//My Games//Tabletop Simulator//Saves\\Specialist Games\\TS_Save_2091.json",
    "Name": "2091 - Adeptus Titanicus - 4/12/2020 6:15:03 PM",
    "UpdateTime": 1586891568
  },
  {
    "Directory": "C:\\Users\\Malice\\Documents//My Games//Tabletop Simulator//Saves\\Specialist Games\\TS_Save_2091.json",
    "Name": "2091 - Adeptus Titanicus - 4/12/2020 6:15:03 PM",
    "UpdateTime": 1586891568
  },
  {
    "Directory": "C:\\Users\\Malice\\Documents//My Games//Tabletop Simulator//Saves\\Specialist Games\\TS_Save_2091.json",
    "Name": "2091 - Adeptus Titanicus - 4/12/2020 6:15:03 PM",
    "UpdateTime": 1586891568
  },
  {
    "Directory": "C:\\Users\\Malice\\Documents//My Games//Tabletop Simulator//Saves\\Specialist Games\\TS_Save_2091.json",
    "Name": "2091 - Adeptus Titanicus - 4/12/2020 6:15:03 PM",
    "UpdateTime": 1586891568
  },
  {
    "Directory": "C:\\Users\\Malice\\Documents//My Games//Tabletop Simulator//Saves\\Specialist Games\\TS_Save_2091.json",
    "Name": "2091 - Adeptus Titanicus - 4/12/2020 6:15:03 PM",
    "UpdateTime": 1586891568
  },
  {
    "Directory": "C:\\Users\\Malice\\Documents//My Games//Tabletop Simulator//Saves\\Specialist Games\\TS_Save_2091.json",
    "Name": "2091 - Adeptus Titanicus - 4/12/2020 6:15:03 PM",
    "UpdateTime": 1586891568
  },
  {
    "Directory": "C:\\Users\\Malice\\Documents//My Games//Tabletop Simulator//Saves\\Specialist Games\\TS_Save_2091.json",
    "Name": "2091 - Adeptus Titanicus - 4/12/2020 6:15:03 PM",
    "UpdateTime": 1586891568
  },
  {
    "Directory": "C:\\Users\\Malice\\Documents//My Games//Tabletop Simulator//Saves\\Specialist Games\\TS_Save_2091.json",
    "Name": "2091 - Adeptus Titanicus - 4/12/2020 6:15:03 PM",
    "UpdateTime": 1586891568
  },
  {
    "Directory": "C:\\Users\\Malice\\Documents//My Games//Tabletop Simulator//Saves\\Specialist Games\\TS_Save_2115.json",
    "Name": "2115 - Necromunda - 5/4/2020 4:00:36 AM",
    "UpdateTime": 1588579238
  },
  {
    "Directory": "C:\\Users\\Malice\\Documents//My Games//Tabletop Simulator//Saves\\Specialist Games\\TS_Save_2115.json",
    "Name": "2115 - Necromunda - 5/4/2020 4:00:36 AM",
    "UpdateTime": 1588579238
  },
  {
    "Directory": "C:\\Users\\Malice\\Documents//My Games//Tabletop Simulator//Saves\\Specialist Games\\TS_Save_2115.json",
    "Name": "2115 - Necromunda - 5/4/2020 4:00:36 AM",
    "UpdateTime": 1588579238
  },
  {
    "Directory": "C:\\Users\\Malice\\Documents//My Games//Tabletop Simulator//Saves\\Specialist Games\\TS_Save_2115.json",
    "Name": "2115 - Necromunda - 5/4/2020 4:00:36 AM",
    "UpdateTime": 1588579238
  },
  {
    "Directory": "C:\\Users\\Malice\\Documents//My Games//Tabletop Simulator//Saves\\Specialist Games\\TS_Save_2115.json",
    "Name": "2115 - Necromunda - 5/4/2020 4:00:36 AM",
    "UpdateTime": 1588579238
  },
  {
    "Directory": "C:\\Users\\Malice\\Documents//My Games//Tabletop Simulator//Saves\\Specialist Games\\TS_Save_2115.json",
    "Name": "2115 - Necromunda - 5/4/2020 4:00:36 AM",
    "UpdateTime": 1588579238
  },
  {
    "Directory": "C:\\Users\\Malice\\Documents//My Games//Tabletop Simulator//Saves\\Specialist Games\\TS_Save_2115.json",
    "Name": "2115 - Necromunda - 5/4/2020 4:00:36 AM",
    "UpdateTime": 1588579238
  },
  {
    "Directory": "C:\\Users\\Malice\\Documents//My Games//Tabletop Simulator//Saves\\Specialist Games\\TS_Save_2115.json",
    "Name": "2115 - Necromunda - 5/4/2020 4:00:36 AM",
    "UpdateTime": 1588579238
  },
  {
    "Directory": "C:\\Users\\Malice\\Documents//My Games//Tabletop Simulator//Saves\\Specialist Games\\TS_Save_2117.json",
    "Name": "2117 - Planetary Empires Campaign Resource - 5/5/2020 7:22:25 PM",
    "UpdateTime": 1588720946
  },
  {
    "Directory": "C:\\Users\\Malice\\Documents//My Games//Tabletop Simulator//Saves\\Specialist Games\\TS_Save_2117.json",
    "Name": "2117 - Planetary Empires Campaign Resource - 5/5/2020 7:22:25 PM",
    "UpdateTime": 1588720946
  },
  {
    "Directory": "C:\\Users\\Malice\\Documents//My Games//Tabletop Simulator//Saves\\Specialist Games\\TS_Save_2117.json",
    "Name": "2117 - Planetary Empires Campaign Resource - 5/5/2020 7:22:25 PM",
    "UpdateTime": 1588720946
  },
  {
    "Directory": "C:\\Users\\Malice\\Documents//My Games//Tabletop Simulator//Saves\\Specialist Games\\TS_Save_2117.json",
    "Name": "2117 - Planetary Empires Campaign Resource - 5/5/2020 7:22:25 PM",
    "UpdateTime": 1588720946
  },
  {
    "Directory": "C:\\Users\\Malice\\Documents//My Games//Tabletop Simulator//Saves\\Specialist Games\\TS_Save_2117.json",
    "Name": "2117 - Planetary Empires Campaign Resource - 5/5/2020 7:22:25 PM",
    "UpdateTime": 1588720946
  },
  {
    "Directory": "C:\\Users\\Malice\\Documents//My Games//Tabletop Simulator//Saves\\Specialist Games\\TS_Save_2117.json",
    "Name": "2117 - Planetary Empires Campaign Resource - 5/5/2020 7:22:25 PM",
    "UpdateTime": 1588720946
  },
  {
    "Directory": "C:\\Users\\Malice\\Documents//My Games//Tabletop Simulator//Saves\\Specialist Games\\TS_Save_2117.json",
    "Name": "2117 - Planetary Empires Campaign Resource - 5/5/2020 7:22:25 PM",
    "UpdateTime": 1588720946
  },
  {
    "Directory": "C:\\Users\\Malice\\Documents//My Games//Tabletop Simulator//Saves\\Specialist Games\\TS_Save_2117.json",
    "Name": "2117 - Planetary Empires Campaign Resource - 5/5/2020 7:22:25 PM",
    "UpdateTime": 1588720946
  },
  {
    "Directory": "C:\\Users\\Malice\\Documents//My Games//Tabletop Simulator//Saves\\Tau\\TS_Save_69.json",
    "Name": "69 - T'au - 4/20/2020 11:25:01 PM",
    "UpdateTime": 1587439502
  },
  {
    "Directory": "C:\\Users\\Malice\\Documents//My Games//Tabletop Simulator//Saves\\Tau\\TS_Save_69.json",
    "Name": "69 - T'au - 4/20/2020 11:25:01 PM",
    "UpdateTime": 1587439502
  },
  {
    "Directory": "C:\\Users\\Malice\\Documents//My Games//Tabletop Simulator//Saves\\Tau\\TS_Save_69.json",
    "Name": "69 - T'au - 4/20/2020 11:25:01 PM",
    "UpdateTime": 1587439502
  },
  {
    "Directory": "C:\\Users\\Malice\\Documents//My Games//Tabletop Simulator//Saves\\Tau\\TS_Save_70.json",
    "Name": "70 - Vior'la - 4/20/2020 11:24:10 PM",
    "UpdateTime": 1587439452
  },
  {
    "Directory": "C:\\Users\\Malice\\Documents//My Games//Tabletop Simulator//Saves\\Tau\\TS_Save_70.json",
    "Name": "70 - Vior'la - 4/20/2020 11:24:10 PM",
    "UpdateTime": 1587439452
  },
  {
    "Directory": "C:\\Users\\Malice\\Documents//My Games//Tabletop Simulator//Saves\\Tau\\TS_Save_70.json",
    "Name": "70 - Vior'la - 4/20/2020 11:24:10 PM",
    "UpdateTime": 1587439452
  },
  {
    "Directory": "C:\\Users\\Malice\\Documents//My Games//Tabletop Simulator//Saves\\Tau\\TS_Save_70.json",
    "Name": "70 - Vior'la - 4/20/2020 11:24:10 PM",
    "UpdateTime": 1587439452
  },
  {
    "Directory": "C:\\Users\\Malice\\Documents//My Games//Tabletop Simulator//Saves\\Tau\\TS_Save_70.json",
    "Name": "70 - Vior'la - 4/20/2020 11:24:10 PM",
    "UpdateTime": 1587439452
  },
  {
    "Directory": "C:\\Users\\Malice\\Documents//My Games//Tabletop Simulator//Saves\\Tau\\TS_Save_71.json",
    "Name": "71 - Farsight Enclaves - 4/20/2020 11:23:23 PM",
    "UpdateTime": 1587439404
  },
  {
    "Directory": "C:\\Users\\Malice\\Documents//My Games//Tabletop Simulator//Saves\\Tau\\TS_Save_91.json",
    "Name": "91 - Tau Special Characters - 4/4/2020 7:37:28 PM",
    "UpdateTime": 1586043450
  },
  {
    "Directory": "C:\\Users\\Malice\\Documents//My Games//Tabletop Simulator//Saves\\Tau\\TS_Save_91.json",
    "Name": "91 - Tau Special Characters - 4/4/2020 7:37:28 PM",
    "UpdateTime": 1586043450
  },
  {
    "Directory": "C:\\Users\\Malice\\Documents//My Games//Tabletop Simulator//Saves\\Tau\\TS_Save_91.json",
    "Name": "91 - Tau Special Characters - 4/4/2020 7:37:28 PM",
    "UpdateTime": 1586043450
  },
  {
    "Directory": "C:\\Users\\Malice\\Documents//My Games//Tabletop Simulator//Saves\\Tau\\TS_Save_91.json",
    "Name": "91 - Tau Special Characters - 4/4/2020 7:37:28 PM",
    "UpdateTime": 1586043450
  },
  {
    "Directory": "C:\\Users\\Malice\\Documents//My Games//Tabletop Simulator//Saves\\Tau\\TS_Save_71.json",
    "Name": "71 - Farsight Enclaves - 4/20/2020 11:23:23 PM",
    "UpdateTime": 1587439404
  },
  {
    "Directory": "C:\\Users\\Malice\\Documents//My Games//Tabletop Simulator//Saves\\Tau\\TS_Save_71.json",
    "Name": "71 - Farsight Enclaves - 4/20/2020 11:23:23 PM",
    "UpdateTime": 1587439404
  },
  {
    "Directory": "C:\\Users\\Malice\\Documents//My Games//Tabletop Simulator//Saves\\Tau\\TS_Save_71.json",
    "Name": "71 - Farsight Enclaves - 4/20/2020 11:23:23 PM",
    "UpdateTime": 1587439404
  },
  {
    "Directory": "C:\\Users\\Malice\\Documents//My Games//Tabletop Simulator//Saves\\Tau\\TS_Save_71.json",
    "Name": "71 - Farsight Enclaves - 4/20/2020 11:23:23 PM",
    "UpdateTime": 1587439404
  },
  {
    "Directory": "C:\\Users\\Malice\\Documents//My Games//Tabletop Simulator//Saves\\Tyranids\\TS_Save_16.json",
    "Name": "16 - Tyranids (Gorgon) - 5/9/2020 9:18:12 PM",
    "UpdateTime": 1589055494
  },
  {
    "Directory": "C:\\Users\\Malice\\Documents//My Games//Tabletop Simulator//Saves\\Tyranids\\TS_Save_16.json",
    "Name": "16 - Tyranids (Gorgon) - 5/9/2020 9:18:12 PM",
    "UpdateTime": 1589055494
  },
  {
    "Directory": "C:\\Users\\Malice\\Documents//My Games//Tabletop Simulator//Saves\\Tyranids\\TS_Save_16.json",
    "Name": "16 - Tyranids (Gorgon) - 5/9/2020 9:18:12 PM",
    "UpdateTime": 1589055494
  },
  {
    "Directory": "C:\\Users\\Malice\\Documents//My Games//Tabletop Simulator//Saves\\Tyranids\\TS_Save_16.json",
    "Name": "16 - Tyranids (Gorgon) - 5/9/2020 9:18:12 PM",
    "UpdateTime": 1589055494
  },
  {
    "Directory": "C:\\Users\\Malice\\Documents//My Games//Tabletop Simulator//Saves\\Tyranids\\TS_Save_16.json",
    "Name": "16 - Tyranids (Gorgon) - 5/9/2020 9:18:12 PM",
    "UpdateTime": 1589055494
  },
  {
    "Directory": "C:\\Users\\Malice\\Documents//My Games//Tabletop Simulator//Saves\\Tyranids\\TS_Save_16.json",
    "Name": "16 - Tyranids (Gorgon) - 5/9/2020 9:18:12 PM",
    "UpdateTime": 1589055494
  },
  {
    "Directory": "C:\\Users\\Malice\\Documents//My Games//Tabletop Simulator//Saves\\Tyranids\\TS_Save_16.json",
    "Name": "16 - Tyranids (Gorgon) - 5/9/2020 9:18:12 PM",
    "UpdateTime": 1589055494
  },
  {
    "Directory": "C:\\Users\\Malice\\Documents//My Games//Tabletop Simulator//Saves\\Tyranids\\TS_Save_16.json",
    "Name": "16 - Tyranids (Gorgon) - 5/9/2020 9:18:12 PM",
    "UpdateTime": 1589055494
  },
  {
    "Directory": "C:\\Users\\Malice\\Documents//My Games//Tabletop Simulator//Saves\\Tyranids\\TS_Save_2014.json",
    "Name": "2014 - Tyranids (Kraken) - 5/9/2020 9:17:30 PM",
    "UpdateTime": 1589055452
  },
  {
    "Directory": "C:\\Users\\Malice\\Documents//My Games//Tabletop Simulator//Saves\\Tyranids\\TS_Save_2014.json",
    "Name": "2014 - Tyranids (Kraken) - 5/9/2020 9:17:30 PM",
    "UpdateTime": 1589055452
  },
  {
    "Directory": "C:\\Users\\Malice\\Documents//My Games//Tabletop Simulator//Saves\\Tyranids\\TS_Save_2014.json",
    "Name": "2014 - Tyranids (Kraken) - 5/9/2020 9:17:30 PM",
    "UpdateTime": 1589055452
  },
  {
    "Directory": "C:\\Users\\Malice\\Documents//My Games//Tabletop Simulator//Saves\\Tyranids\\TS_Save_2014.json",
    "Name": "2014 - Tyranids (Kraken) - 5/9/2020 9:17:30 PM",
    "UpdateTime": 1589055452
  },
  {
    "Directory": "C:\\Users\\Malice\\Documents//My Games//Tabletop Simulator//Saves\\Tyranids\\TS_Save_2014.json",
    "Name": "2014 - Tyranids (Kraken) - 5/9/2020 9:17:30 PM",
    "UpdateTime": 1589055452
  },
  {
    "Directory": "C:\\Users\\Malice\\Documents//My Games//Tabletop Simulator//Saves\\Tyranids\\TS_Save_2014.json",
    "Name": "2014 - Tyranids (Kraken) - 5/9/2020 9:17:30 PM",
    "UpdateTime": 1589055452
  },
  {
    "Directory": "C:\\Users\\Malice\\Documents//My Games//Tabletop Simulator//Saves\\Tyranids\\TS_Save_2014.json",
    "Name": "2014 - Tyranids (Kraken) - 5/9/2020 9:17:30 PM",
    "UpdateTime": 1589055452
  },
  {
    "Directory": "C:\\Users\\Malice\\Documents//My Games//Tabletop Simulator//Saves\\Tyranids\\TS_Save_2014.json",
    "Name": "2014 - Tyranids (Kraken) - 5/9/2020 9:17:30 PM",
    "UpdateTime": 1589055452
  },
  {
    "Directory": "C:\\Users\\Malice\\Documents//My Games//Tabletop Simulator//Saves\\Tyranids\\TS_Save_2018.json",
    "Name": "2018 - Tyranids (Behemoth) - 5/11/2020 6:21:17 PM",
    "UpdateTime": 1589235678
  },
  {
    "Directory": "C:\\Users\\Malice\\Documents//My Games//Tabletop Simulator//Saves\\Tyranids\\TS_Save_2018.json",
    "Name": "2018 - Tyranids (Behemoth) - 5/11/2020 6:21:17 PM",
    "UpdateTime": 1589235678
  },
  {
    "Directory": "C:\\Users\\Malice\\Documents//My Games//Tabletop Simulator//Saves\\Tyranids\\TS_Save_2018.json",
    "Name": "2018 - Tyranids (Behemoth) - 5/11/2020 6:21:17 PM",
    "UpdateTime": 1589235678
  },
  {
    "Directory": "C:\\Users\\Malice\\Documents//My Games//Tabletop Simulator//Saves\\Tyranids\\TS_Save_2018.json",
    "Name": "2018 - Tyranids (Behemoth) - 5/11/2020 6:21:17 PM",
    "UpdateTime": 1589235678
  },
  {
    "Directory": "C:\\Users\\Malice\\Documents//My Games//Tabletop Simulator//Saves\\Tyranids\\TS_Save_2018.json",
    "Name": "2018 - Tyranids (Behemoth) - 5/11/2020 6:21:17 PM",
    "UpdateTime": 1589235678
  },
  {
    "Directory": "C:\\Users\\Malice\\Documents//My Games//Tabletop Simulator//Saves\\Tyranids\\TS_Save_2018.json",
    "Name": "2018 - Tyranids (Behemoth) - 5/11/2020 6:21:17 PM",
    "UpdateTime": 1589235678
  },
  {
    "Directory": "C:\\Users\\Malice\\Documents//My Games//Tabletop Simulator//Saves\\Tyranids\\TS_Save_2018.json",
    "Name": "2018 - Tyranids (Behemoth) - 5/11/2020 6:21:17 PM",
    "UpdateTime": 1589235678
  },
  {
    "Directory": "C:\\Users\\Malice\\Documents//My Games//Tabletop Simulator//Saves\\Tyranids\\TS_Save_2018.json",
    "Name": "2018 - Tyranids (Behemoth) - 5/11/2020 6:21:17 PM",
    "UpdateTime": 1589235678
  },
  {
    "Directory": "C:\\Users\\Malice\\Documents//My Games//Tabletop Simulator//Saves\\Maps, Tools, and Terrain\\Maps\\8th Edition Maps (Legacy)\\TS_Save_100.json",
    "Name": "100 - BCB Map Converter 2.0 - 2/29/2020 5:20:45 PM",
    "UpdateTime": 1583018446
  },
  {
    "Directory": "C:\\Users\\Malice\\Documents//My Games//Tabletop Simulator//Saves\\Maps, Tools, and Terrain\\Maps\\8th Edition Maps (Legacy)\\TS_Save_102.json",
    "Name": "102 - Alpha League 40k Map Base - v2.17 - 3/26/2020 1:41:55 PM",
    "UpdateTime": 1585244518
  },
  {
    "Directory": "C:\\Users\\Malice\\Documents//My Games//Tabletop Simulator//Saves\\Maps, Tools, and Terrain\\Maps\\8th Edition Maps (Legacy)\\TS_Save_103.json",
    "Name": "103 - Dawn of War - 3/9/2020 2:50:39 PM",
    "UpdateTime": 1583779840
  },
  {
    "Directory": "C:\\Users\\Malice\\Documents//My Games//Tabletop Simulator//Saves\\Maps, Tools, and Terrain\\Maps\\8th Edition Maps (Legacy)\\TS_Save_104.json",
    "Name": "104 - Frontline Assault - 3/9/2020 2:50:13 PM",
    "UpdateTime": 1583779814
  },
  {
    "Directory": "C:\\Users\\Malice\\Documents//My Games//Tabletop Simulator//Saves\\Maps, Tools, and Terrain\\Maps\\8th Edition Maps (Legacy)\\TS_Save_105.json",
    "Name": "105 - Hammer and Anvil - 3/9/2020 2:49:00 PM",
    "UpdateTime": 1583779742
  },
  {
    "Directory": "C:\\Users\\Malice\\Documents//My Games//Tabletop Simulator//Saves\\Maps, Tools, and Terrain\\Maps\\8th Edition Maps (Legacy)\\TS_Save_106.json",
    "Name": "106 - Spearhead - 3/9/2020 2:49:32 PM",
    "UpdateTime": 1583779774
  },
  {
    "Directory": "C:\\Users\\Malice\\Documents//My Games//Tabletop Simulator//Saves\\Maps, Tools, and Terrain\\Maps\\8th Edition Maps (Legacy)\\TS_Save_107.json",
    "Name": "107 - Search and Destroy - 3/9/2020 2:51:36 PM",
    "UpdateTime": 1583779898
  },
  {
    "Directory": "C:\\Users\\Malice\\Documents//My Games//Tabletop Simulator//Saves\\Maps, Tools, and Terrain\\Maps\\8th Edition Maps (Legacy)\\TS_Save_108.json",
    "Name": "108 - Vanguard - 3/9/2020 2:51:12 PM",
    "UpdateTime": 1583779874
  },
  {
    "Directory": "C:\\Users\\Malice\\Documents//My Games//Tabletop Simulator//Saves\\Maps, Tools, and Terrain\\Maps\\8th Edition Maps (Legacy)\\TS_Save_128.json",
    "Name": "128 - Wastelands - 6'x4' ITC - 3/2/2020 6:37:26 PM",
    "UpdateTime": 1583195848
  },
  {
    "Directory": "C:\\Users\\Malice\\Documents//My Games//Tabletop Simulator//Saves\\Maps, Tools, and Terrain\\Maps\\8th Edition Maps (Legacy)\\TS_Save_129.json",
    "Name": "129 - Kastellengrad - 6 x 4 ITC - 3/30/2020 7:00:09 PM",
    "UpdateTime": 1585609210
  },
  {
    "Directory": "C:\\Users\\Malice\\Documents//My Games//Tabletop Simulator//Saves\\Maps, Tools, and Terrain\\Maps\\8th Edition Maps (Legacy)\\TS_Save_130.json",
    "Name": "130 - Forgotten Factory - 6'x4' ITC - 3/2/2020 6:44:55 PM",
    "UpdateTime": 1583196296
  },
  {
    "Directory": "C:\\Users\\Malice\\Documents//My Games//Tabletop Simulator//Saves\\Maps, Tools, and Terrain\\Maps\\8th Edition Maps (Legacy)\\TS_Save_131.json",
    "Name": "131 - Tau City - 6 x 4 - 3/2/2020 6:59:19 PM",
    "UpdateTime": 1583197160
  },
  {
    "Directory": "C:\\Users\\Malice\\Documents//My Games//Tabletop Simulator//Saves\\Maps, Tools, and Terrain\\Maps\\8th Edition Maps (Legacy)\\TS_Save_132.json",
    "Name": "132 - Cargo Depot - 6 x 4 ITC - 3/2/2020 7:00:35 PM",
    "UpdateTime": 1583197238
  },
  {
    "Directory": "C:\\Users\\Malice\\Documents//My Games//Tabletop Simulator//Saves\\Maps, Tools, and Terrain\\Maps\\8th Edition Maps (Legacy)\\TS_Save_133.json",
    "Name": "133 - Canyon Trail - 6 x 4 - 3/2/2020 7:02:54 PM",
    "UpdateTime": 1583197376
  },
  {
    "Directory": "C:\\Users\\Malice\\Documents//My Games//Tabletop Simulator//Saves\\Maps, Tools, and Terrain\\Maps\\8th Edition Maps (Legacy)\\TS_Save_134.json",
    "Name": "134 - Industrial Complex - 6 x 4 ITC - 3/2/2020 7:03:49 PM",
    "UpdateTime": 1583197430
  },
  {
    "Directory": "C:\\Users\\Malice\\Documents//My Games//Tabletop Simulator//Saves\\Maps, Tools, and Terrain\\Maps\\8th Edition Maps (Legacy)\\TS_Save_135.json",
    "Name": "135 - Snowy Forge World - 6 x 4 - 3/2/2020 7:04:59 PM",
    "UpdateTime": 1583197500
  },
  {
    "Directory": "C:\\Users\\Malice\\Documents//My Games//Tabletop Simulator//Saves\\Maps, Tools, and Terrain\\Maps\\8th Edition Maps (Legacy)\\TS_Save_136.json",
    "Name": "136 - Ruined Marketplace - 6 x 4 - 3/2/2020 7:06:00 PM",
    "UpdateTime": 1583197562
  },
  {
    "Directory": "C:\\Users\\Malice\\Documents//My Games//Tabletop Simulator//Saves\\Maps, Tools, and Terrain\\Maps\\8th Edition Maps (Legacy)\\TS_Save_137.json",
    "Name": "137 - Refinery - 6 x 4 - 3/2/2020 7:06:32 PM",
    "UpdateTime": 1583197594
  },
  {
    "Directory": "C:\\Users\\Malice\\Documents//My Games//Tabletop Simulator//Saves\\Maps, Tools, and Terrain\\Maps\\8th Edition Maps (Legacy)\\TS_Save_138.json",
    "Name": "138 - Ruined Cityscape - 6 x 4 - 3/2/2020 7:07:05 PM",
    "UpdateTime": 1583197626
  },
  {
    "Directory": "C:\\Users\\Malice\\Documents//My Games//Tabletop Simulator//Saves\\Maps, Tools, and Terrain\\Maps\\8th Edition Maps (Legacy)\\TS_Save_139.json",
    "Name": "139 - Mars Wastes - 6 x 4 - 3/2/2020 7:07:53 PM",
    "UpdateTime": 1583197674
  },
  {
    "Directory": "C:\\Users\\Malice\\Documents//My Games//Tabletop Simulator//Saves\\Maps, Tools, and Terrain\\Maps\\8th Edition Maps (Legacy)\\TS_Save_145.json",
    "Name": "145 - Abandoned Lunar Base - 6 x 4 - 3/16/2020 11:20:37 AM",
    "UpdateTime": 1584372038
  },
  {
    "Directory": "C:\\Users\\Malice\\Documents//My Games//Tabletop Simulator//Saves\\Maps, Tools, and Terrain\\Maps\\8th Edition Maps (Legacy)\\TS_Save_146.json",
    "Name": "146 - Warehouse Panic - 6 x 4 - 3/16/2020 11:21:46 AM",
    "UpdateTime": 1584372108
  },
  {
    "Directory": "C:\\Users\\Malice\\Documents//My Games//Tabletop Simulator//Saves\\Maps, Tools, and Terrain\\Maps\\8th Edition Maps (Legacy)\\TS_Save_147.json",
    "Name": "147 - Desert River - 6 x 4 - 3/16/2020 11:22:20 AM",
    "UpdateTime": 1584372142
  },
  {
    "Directory": "C:\\Users\\Malice\\Documents//My Games//Tabletop Simulator//Saves\\Maps, Tools, and Terrain\\Maps\\8th Edition Maps (Legacy)\\TS_Save_148.json",
    "Name": "148 - Killzone: Mechanicus Power Station Beta - 3/16/2020 11:24:05 AM",
    "UpdateTime": 1584372246
  },
  {
    "Directory": "C:\\Users\\Malice\\Documents//My Games//Tabletop Simulator//Saves\\Maps, Tools, and Terrain\\Maps\\8th Edition Maps (Legacy)\\TS_Save_149.json",
    "Name": "149 - Killzone: Imperial Defense Line - 3/16/2020 11:25:15 AM",
    "UpdateTime": 1584372316
  },
  {
    "Directory": "C:\\Users\\Malice\\Documents//My Games//Tabletop Simulator//Saves\\Maps, Tools, and Terrain\\Maps\\8th Edition Maps (Legacy)\\TS_Save_150.json",
    "Name": "150 - Killzone: Mining Site - 3/16/2020 11:25:55 AM",
    "UpdateTime": 1584372356
  },
  {
    "Directory": "C:\\Users\\Malice\\Documents//My Games//Tabletop Simulator//Saves\\Maps, Tools, and Terrain\\Maps\\8th Edition Maps (Legacy)\\TS_Save_151.json",
    "Name": "151 - Killzone: Munitorum Loading Bay - 3/16/2020 11:26:48 AM",
    "UpdateTime": 1584372410
  },
  {
    "Directory": "C:\\Users\\Malice\\Documents//My Games//Tabletop Simulator//Saves\\Maps, Tools, and Terrain\\Maps\\8th Edition Maps (Legacy)\\TS_Save_152.json",
    "Name": "152 - Killzone: Blackstone Research Station - 3/20/2020 7:01:16 PM",
    "UpdateTime": 1584745278
  },
  {
    "Directory": "C:\\Users\\Malice\\Documents//My Games//Tabletop Simulator//Saves\\Maps, Tools, and Terrain\\Maps\\8th Edition Maps (Legacy)\\TS_Save_153.json",
    "Name": "153 - Killzone: Ship Boarding - 3/20/2020 7:02:02 PM",
    "UpdateTime": 1584745324
  },
  {
    "Directory": "C:\\Users\\Malice\\Documents//My Games//Tabletop Simulator//Saves\\Maps, Tools, and Terrain\\Maps\\8th Edition Maps (Legacy)\\TS_Save_154.json",
    "Name": "154 - Killzone: Garrison - 3/20/2020 7:03:10 PM",
    "UpdateTime": 1584745392
  },
  {
    "Directory": "C:\\Users\\Malice\\Documents//My Games//Tabletop Simulator//Saves\\Maps, Tools, and Terrain\\Maps\\8th Edition Maps (Legacy)\\TS_Save_155.json",
    "Name": "155 - Killzone: Sector Imperialis Area 11A - 3/20/2020 7:04:24 PM",
    "UpdateTime": 1584745466
  },
  {
    "Directory": "C:\\Users\\Malice\\Documents//My Games//Tabletop Simulator//Saves\\Maps, Tools, and Terrain\\Maps\\8th Edition Maps (Legacy)\\TS_Save_95.json",
    "Name": "95 - BCB 40k Map Base - 4/8/2020 7:14:05 PM",
    "UpdateTime": 1586387646
  },
  {
    "Directory": "C:\\Users\\Malice\\Documents//My Games//Tabletop Simulator//Saves\\Maps, Tools, and Terrain\\Maps\\8th Edition Maps (Legacy)\\TS_Save_96.json",
    "Name": "96 - BCB 40k Apoc Map Base - 4/5/2020 3:48:32 PM",
    "UpdateTime": 1586116114
  },
  {
    "Directory": "C:\\Users\\Malice\\Documents//My Games//Tabletop Simulator//Saves\\Maps, Tools, and Terrain\\Terrain\\TS_Save_124.json",
    "Name": "124 - Urban Wreckage - 3/1/2020 12:37:33 AM",
    "UpdateTime": 1583044654
  },
  {
    "Directory": "C:\\Users\\Malice\\Documents//My Games//Tabletop Simulator//Saves\\Maps, Tools, and Terrain\\Tools\\TS_Save_97.json",
    "Name": "97 - BCB Army Builder 2.11 - 3/14/2020 10:47:54 AM",
    "UpdateTime": 1584197276
  },
  {
    "Directory": "C:\\Users\\Malice\\Documents//My Games//Tabletop Simulator//Saves\\Maps, Tools, and Terrain\\Tools\\TS_Save_99.json",
    "Name": "99 - BCB Apoc Army Builder - 3/12/2020 5:44:56 PM",
    "UpdateTime": 1584049498
  },
  {
    "Directory": "C:\\Users\\Malice\\Documents//My Games//Tabletop Simulator//Saves\\Tyranids\\TS_Save_93.json",
    "Name": "93 - Tyranids - 2/21/2020 8:37:29 PM",
    "UpdateTime": 1582339052
  },
  {
    "Directory": "C:\\Users\\Malice\\Documents//My Games//Tabletop Simulator//Saves\\Imperium\\Adepta Sororitas\\TS_Save_2118.json",
    "Name": "2118 - 8th Edition: Adeptes Sororitas Complete - 5/4/2020 7:20:51 PM",
    "UpdateTime": 1588634451
  },
  {
    "Directory": "C:\\Users\\Malice\\Documents//My Games//Tabletop Simulator//Saves\\Imperium\\Adepta Sororitas\\TS_Save_77.json",
    "Name": "77 - Sisters of Battle - 4/8/2020 7:10:32 PM",
    "UpdateTime": 1586387434
  },
  {
    "Directory": "C:\\Users\\Malice\\Documents//My Games//Tabletop Simulator//Saves\\Imperium\\Space Marines\\TS_Save_2155.json",
    "Name": "2155 - Crimson Fists - 8/10/2020 8:09:12 PM",
    "UpdateTime": 1597104554
  },
  {
    "Directory": "C:\\Users\\Malice\\Documents//My Games//Tabletop Simulator//Saves\\Imperium\\Space Marines\\TS_Save_22.json",
    "Name": "22 - Space Marines Special Units and Recolorables - 12/4/2019 7:42:57 PM",
    "UpdateTime": 1575506625
  },
  {
    "Directory": "C:\\Users\\Malice\\Documents//My Games//Tabletop Simulator//Saves\\Imperium\\Space Marines\\TS_Save_29.json",
    "Name": "29 - Centurions - 8/10/2020 9:23:45 PM",
    "UpdateTime": 1597109026
  },
  {
    "Directory": "C:\\Users\\Malice\\Documents//My Games//Tabletop Simulator//Saves\\Imperium\\Space Marines\\TS_Save_49.json",
    "Name": "49 - Imperial Fists - 2/13/2020 7:27:54 PM",
    "UpdateTime": 1581643676
  },
  {
    "Directory": "C:\\Users\\Malice\\Documents//My Games//Tabletop Simulator//Saves\\Imperium\\Space Marines\\TS_Save_50.json",
    "Name": "50 - Ultramarines - 2/13/2020 7:26:25 PM",
    "UpdateTime": 1581643586
  },
  {
    "Directory": "C:\\Users\\Malice\\Documents//My Games//Tabletop Simulator//Saves\\Imperium\\Space Marines\\TS_Save_51.json",
    "Name": "51 - White Scars - 2/13/2020 7:24:55 PM",
    "UpdateTime": 1581643496
  },
  {
    "Directory": "C:\\Users\\Malice\\Documents//My Games//Tabletop Simulator//Saves\\Imperium\\Space Marines\\TS_Save_52.json",
    "Name": "52 - Salamanders - 2/13/2020 7:23:24 PM",
    "UpdateTime": 1581643406
  },
  {
    "Directory": "C:\\Users\\Malice\\Documents//My Games//Tabletop Simulator//Saves\\Imperium\\Space Marines\\TS_Save_53.json",
    "Name": "53 - Iron Hands - 2/13/2020 7:21:50 PM",
    "UpdateTime": 1581643312
  },
  {
    "Directory": "C:\\Users\\Malice\\Documents//My Games//Tabletop Simulator//Saves\\Imperium\\Space Marines\\TS_Save_54.json",
    "Name": "54 - Raven Guard - 2/13/2020 7:20:11 PM",
    "UpdateTime": 1581643212
  },
  {
    "Directory": "C:\\Users\\Malice\\Documents//My Games//Tabletop Simulator//Saves\\Imperium\\Space Marines\\TS_Save_55.json",
    "Name": "55 - Blood Angels - 2/13/2020 7:17:56 PM",
    "UpdateTime": 1581643078
  },
  {
    "Directory": "C:\\Users\\Malice\\Documents//My Games//Tabletop Simulator//Saves\\Imperium\\Space Marines\\TS_Save_56.json",
    "Name": "56 - Dark Angels - 4/25/2020 7:34:01 PM",
    "UpdateTime": 1588120946
  },
  {
    "Directory": "C:\\Users\\Malice\\Documents//My Games//Tabletop Simulator//Saves\\Imperium\\Space Marines\\TS_Save_57.json",
    "Name": "57 - Space Wolves - 2/13/2020 7:14:26 PM",
    "UpdateTime": 1581642868
  },
  {
    "Directory": "C:\\Users\\Malice\\Documents//My Games//Tabletop Simulator//Saves\\Imperium\\Space Marines\\TS_Save_58.json",
    "Name": "58 - Black Templars - 2/13/2020 7:12:45 PM",
    "UpdateTime": 1581642766
  },
  {
    "Directory": "C:\\Users\\Malice\\Documents//My Games//Tabletop Simulator//Saves\\Imperium\\Space Marines\\TS_Save_59.json",
    "Name": "59 - Blood Ravens - 2/29/2020 7:20:30 PM",
    "UpdateTime": 1583025632
  },
  {
    "Directory": "C:\\Users\\Malice\\Documents//My Games//Tabletop Simulator//Saves\\Imperium\\Space Marines\\TS_Save_79.json",
    "Name": "79 - Space Marine Special Characters - 7/6/2020 6:33:43 PM",
    "UpdateTime": 1594074824
  },
  {
    "Directory": "C:\\Users\\Malice\\Documents//My Games//Tabletop Simulator//Saves\\Imperium\\Space Marines\\TS_Save_80.json",
    "Name": "80 - Space Marines Primaris and Extras (recolorable) - 8/10/2020 9:20:41 PM",
    "UpdateTime": 1597108842
  },
  {
    "Directory": "C:\\Users\\Malice\\Documents//My Games//Tabletop Simulator//Saves\\Imperium\\Space Marines\\TS_Save_83.json",
    "Name": "83 - Blood Angels Codex Units - 8/9/2020 2:03:51 PM",
    "UpdateTime": 1596996232
  },
  {
    "Directory": "C:\\Users\\Malice\\Documents//My Games//Tabletop Simulator//Saves\\Imperium\\Space Marines\\TS_Save_88.json",
    "Name": "88 - Drop Pod - 2/14/2020 11:04:30 PM",
    "UpdateTime": 1581743072
  },
  {
    "Directory": "C:\\Users\\Malice\\Documents//My Games//Tabletop Simulator//Saves\\Imperium\\Space Marines\\TS_Save_90.json",
    "Name": "90 - Space Marine Forge World Units - 8/10/2020 9:49:00 PM",
    "UpdateTime": 1597110542
  },
  {
    "Directory": "C:\\Users\\Malice\\Documents//My Games//Tabletop Simulator//Saves\\Imperium\\Space Marines\\TS_Save_92.json",
    "Name": "92 - Deathwatch - 8/3/2020 10:42:26 PM",
    "UpdateTime": 1596508948
  },
  {
    "Directory": "C:\\Users\\Malice\\Documents//My Games//Tabletop Simulator//Saves\\Imperium\\Astra Militarum\\TS_Save_141.json",
    "Name": "141 - Death Korps of Krieg 1 - 3/4/2020 12:46:28 PM",
    "UpdateTime": 1583347590
  },
  {
    "Directory": "C:\\Users\\Malice\\Documents//My Games//Tabletop Simulator//Saves\\Imperium\\Astra Militarum\\TS_Save_2102.json",
    "Name": "2102 - Imperial Guard Leman Russ Variants - 4/2/2020 3:13:08 PM",
    "UpdateTime": 1585854790
  },
  {
    "Directory": "C:\\Users\\Malice\\Documents//My Games//Tabletop Simulator//Saves\\Imperium\\Astra Militarum\\TS_Save_45.json",
    "Name": "45 - Imperial Guard 2 - 2/13/2020 8:00:34 PM",
    "UpdateTime": 1581645636
  },
  {
    "Directory": "C:\\Users\\Malice\\Documents//My Games//Tabletop Simulator//Saves\\Chaos\\Chaos Space Marines\\TS_Save_2120.json",
    "Name": "2120 - Thousand Sons Complete - 5/5/2020 7:50:22 AM",
    "UpdateTime": 1588679422
  },
  {
    "Directory": "C:\\Users\\Malice\\Documents//My Games//Tabletop Simulator//Saves\\Chaos\\Chaos Space Marines\\TS_Save_61.json",
    "Name": "61 - Black Legion/Chaos Undivided - 4/14/2020 3:38:14 PM",
    "UpdateTime": 1587279948
  },
  {
    "Directory": "C:\\Users\\Malice\\Documents//My Games//Tabletop Simulator//Saves\\Chaos\\Renegades\\TS_Save_2093.json",
    "Name": "2093 - Renegades and Heretics - 3/28/2020 9:03:41 PM",
    "UpdateTime": 1585443822
  },
  {
    "Directory": "C:\\Users\\Malice\\Documents//My Games//Tabletop Simulator//Saves\\Imperium\\Adeptus Mechanicus\\TS_Save_46.json",
    "Name": "46 - Adeptus Mechanicus - 2/13/2020 7:57:00 PM",
    "UpdateTime": 1581645422
  },
  {
    "Directory": "C:\\Users\\Malice\\Documents//My Games//Tabletop Simulator//Saves\\Imperium\\Adeptus Titanicus\\TS_Save_2111.json",
    "Name": "2111 - Adeptus Titanicus - 4/20/2020 11:20:05 PM",
    "UpdateTime": 1587439206
  },
  {
    "Directory": "C:\\Users\\Malice\\Documents//My Games//Tabletop Simulator//Saves\\Orks\\TS_Save_2110.json",
    "Name": "2110 - Ork Forge World Units - 4/14/2020 4:08:10 PM",
    "UpdateTime": 1586894892
  },
  {
    "Directory": "C:\\Users\\Malice\\Documents//My Games//Tabletop Simulator//Saves\\Orks\\TS_Save_32.json",
    "Name": "32 - Orks 1 - 2/13/2020 9:28:20 PM",
    "UpdateTime": 1581647299
  },
  {
    "Directory": "C:\\Users\\Malice\\Documents//My Games//Tabletop Simulator//Saves\\Orks\\TS_Save_33.json",
    "Name": "33 - Orks 2 - 2/13/2020 9:23:16 PM",
    "UpdateTime": 1581646994
  },
  {
    "Directory": "C:\\Users\\Malice\\Documents//My Games//Tabletop Simulator//Saves\\Orks\\TS_Save_89.json",
    "Name": "89 - Orks - 4/14/2020 4:08:46 PM",
    "UpdateTime": 1586894928
  },
  {
    "Directory": "C:\\Users\\Malice\\Documents//My Games//Tabletop Simulator//Saves\\Specialist Games\\TS_Save_126.json",
    "Name": "126 - Battlefleet Gothic - 4/2/2020 3:13:57 PM",
    "UpdateTime": 1586891568
  },
  {
    "Directory": "C:\\Users\\Malice\\Documents//My Games//Tabletop Simulator//Saves\\Specialist Games\\TS_Save_127.json",
    "Name": "127 - Areonautica Imperialis - 4/20/2020 10:31:14 PM",
    "UpdateTime": 1587436276
  },
  {
    "Directory": "C:\\Users\\Malice\\Documents//My Games//Tabletop Simulator//Saves\\Specialist Games\\TS_Save_2113.json",
    "Name": "2113 - Epic Armageddon - 4/20/2020 11:43:25 PM",
    "UpdateTime": 1587440606
  },
  {
    "Directory": "C:\\Users\\Malice\\Documents//My Games//Tabletop Simulator//Saves\\Tau\\TS_Save_2103.json",
    "Name": "2103 - Tau Commander Variants - 4/4/2020 7:30:48 PM",
    "UpdateTime": 1586043050
  },
  {
    "Directory": "C:\\Users\\Malice\\Documents//My Games//Tabletop Simulator//Saves\\Tau\\TS_Save_31.json",
    "Name": "31 - Tau Empire - 4/20/2020 11:28:47 PM",
    "UpdateTime": 1587439728
  },
  {
    "Directory": "C:\\Users\\Malice\\Documents//My Games//Tabletop Simulator//Saves\\Tyranids\\TS_Save_2104.json",
    "Name": "2104 - Tyranids (Kraken) - 4/12/2020 9:01:17 PM",
    "UpdateTime": 1586891568
  },
  {
    "Directory": "C:\\Users\\Malice\\Documents//My Games//Tabletop Simulator//Saves\\Tyranids\\TS_Save_2105.json",
    "Name": "2105 - Tyranids (Leviathan) - 4/14/2020 8:09:59 PM",
    "UpdateTime": 1586891568
  },
  {
    "Directory": "C:\\Users\\Malice\\Documents//My Games//Tabletop Simulator//Saves\\Tyranids\\TS_Save_2107.json",
    "Name": "2107 - Tyranids (Jormungandr) - 4/12/2020 9:02:28 PM",
    "UpdateTime": 1586891568
  },
  {
    "Directory": "C:\\Users\\Malice\\Documents//My Games//Tabletop Simulator//Saves\\Tyranids\\TS_Save_2108.json",
    "Name": "2108 - Tyranids (Behemoth) - 4/14/2020 8:10:25 PM",
    "UpdateTime": 1586891568
  },
  {
    "Directory": "C:\\Users\\Malice\\Documents//My Games//Tabletop Simulator//Saves\\Tyranids\\TS_Save_2109.json",
    "Name": "2109 - Tyranids (Hydra) - 4/14/2020 8:10:39 PM",
    "UpdateTime": 1586891568
  },
  {
    "Directory": "C:\\Users\\Malice\\Documents//My Games//Tabletop Simulator//Saves\\Tyranids\\TS_Save_23.json",
    "Name": "23 - Genestealer Cults - 3/4/2020 11:48:13 AM",
    "UpdateTime": 1583344094
  },
  {
    "Directory": "C:\\Users\\Malice\\Documents//My Games//Tabletop Simulator//Saves\\Orks\\TS_Save_2110.json",
    "Name": "2110 - Ork Forge World Units - 4/14/2020 4:08:10 PM",
    "UpdateTime": 1586894892
  },
  {
    "Directory": "C:\\Users\\Malice\\Documents//My Games//Tabletop Simulator//Saves\\Orks\\TS_Save_89.json",
    "Name": "89 - Orks - 4/14/2020 4:08:46 PM",
    "UpdateTime": 1586894928
  },
  {
    "Directory": "C:\\Users\\Malice\\Documents//My Games//Tabletop Simulator//Saves\\Specialist Games\\TS_Save_126.json",
    "Name": "126 - Battlefleet Gothic - 4/2/2020 3:13:57 PM",
    "UpdateTime": 1586891568
  },
  {
    "Directory": "C:\\Users\\Malice\\Documents//My Games//Tabletop Simulator//Saves\\Specialist Games\\TS_Save_127.json",
    "Name": "127 - Areonautica Imperialis - 4/20/2020 10:31:14 PM",
    "UpdateTime": 1587436276
  },
  {
    "Directory": "C:\\Users\\Malice\\Documents//My Games//Tabletop Simulator//Saves\\Tau\\TS_Save_2103.json",
    "Name": "2103 - Tau Commander Variants - 4/4/2020 7:30:48 PM",
    "UpdateTime": 1586043050
  },
  {
    "Directory": "C:\\Users\\Malice\\Documents//My Games//Tabletop Simulator//Saves\\Tau\\TS_Save_31.json",
    "Name": "31 - Tau Empire - 4/20/2020 11:28:47 PM",
    "UpdateTime": 1587439728
  },
  {
    "Directory": "C:\\Users\\Malice\\Documents//My Games//Tabletop Simulator//Saves\\Tyranids\\TS_Save_2105.json",
    "Name": "2105 - Tyranids (Leviathan) - 4/14/2020 8:09:59 PM",
    "UpdateTime": 1586891568
  },
  {
    "Directory": "C:\\Users\\Malice\\Documents//My Games//Tabletop Simulator//Saves\\Tyranids\\TS_Save_2107.json",
    "Name": "2107 - Tyranids (Jormungandr) - 4/12/2020 9:02:28 PM",
    "UpdateTime": 1586891568
  },
  {
    "Directory": "C:\\Users\\Malice\\Documents//My Games//Tabletop Simulator//Saves\\Tyranids\\TS_Save_2109.json",
    "Name": "2109 - Tyranids (Hydra) - 4/14/2020 8:10:39 PM",
    "UpdateTime": 1586891568
  },
  {
    "Directory": "C:\\Users\\Malice\\Documents//My Games//Tabletop Simulator//Saves\\Tyranids\\TS_Save_23.json",
    "Name": "23 - Genestealer Cults - 3/4/2020 11:48:13 AM",
    "UpdateTime": 1583344094
  },
  {
    "Directory": "C:\\Users\\Malice\\Documents//My Games//Tabletop Simulator//Saves\\Orks\\TS_Save_2110.json",
    "Name": "2110 - Ork Forge World Units - 4/14/2020 4:08:10 PM",
    "UpdateTime": 1586894892
  },
  {
    "Directory": "C:\\Users\\Malice\\Documents//My Games//Tabletop Simulator//Saves\\Orks\\TS_Save_89.json",
    "Name": "89 - Orks - 4/14/2020 4:08:46 PM",
    "UpdateTime": 1586894928
  },
  {
    "Directory": "C:\\Users\\Malice\\Documents//My Games//Tabletop Simulator//Saves\\Specialist Games\\TS_Save_126.json",
    "Name": "126 - Battlefleet Gothic - 4/2/2020 3:13:57 PM",
    "UpdateTime": 1586891568
  },
  {
    "Directory": "C:\\Users\\Malice\\Documents//My Games//Tabletop Simulator//Saves\\Specialist Games\\TS_Save_127.json",
    "Name": "127 - Areonautica Imperialis - 4/20/2020 10:31:14 PM",
    "UpdateTime": 1587436276
  },
  {
    "Directory": "C:\\Users\\Malice\\Documents//My Games//Tabletop Simulator//Saves\\Tau\\TS_Save_2103.json",
    "Name": "2103 - Tau Commander Variants - 4/4/2020 7:30:48 PM",
    "UpdateTime": 1586043050
  },
  {
    "Directory": "C:\\Users\\Malice\\Documents//My Games//Tabletop Simulator//Saves\\Tau\\TS_Save_31.json",
    "Name": "31 - Tau Empire - 4/20/2020 11:28:47 PM",
    "UpdateTime": 1587439728
  },
  {
    "Directory": "C:\\Users\\Malice\\Documents//My Games//Tabletop Simulator//Saves\\Tyranids\\TS_Save_2105.json",
    "Name": "2105 - Tyranids (Leviathan) - 4/14/2020 8:09:59 PM",
    "UpdateTime": 1586891568
  },
  {
    "Directory": "C:\\Users\\Malice\\Documents//My Games//Tabletop Simulator//Saves\\Tyranids\\TS_Save_2107.json",
    "Name": "2107 - Tyranids (Jormungandr) - 4/12/2020 9:02:28 PM",
    "UpdateTime": 1586891568
  },
  {
    "Directory": "C:\\Users\\Malice\\Documents//My Games//Tabletop Simulator//Saves\\Tyranids\\TS_Save_2109.json",
    "Name": "2109 - Tyranids (Hydra) - 4/14/2020 8:10:39 PM",
    "UpdateTime": 1586891568
  },
  {
    "Directory": "C:\\Users\\Malice\\Documents//My Games//Tabletop Simulator//Saves\\Tyranids\\TS_Save_23.json",
    "Name": "23 - Genestealer Cults - 3/4/2020 11:48:13 AM",
    "UpdateTime": 1583344094
  },
  {
    "Directory": "C:\\Users\\Malice\\Documents//My Games//Tabletop Simulator//Saves\\Orks\\TS_Save_2110.json",
    "Name": "2110 - Ork Forge World Units - 4/14/2020 4:08:10 PM",
    "UpdateTime": 1586894892
  },
  {
    "Directory": "C:\\Users\\Malice\\Documents//My Games//Tabletop Simulator//Saves\\Orks\\TS_Save_89.json",
    "Name": "89 - Orks - 4/14/2020 4:08:46 PM",
    "UpdateTime": 1586894928
  },
  {
    "Directory": "C:\\Users\\Malice\\Documents//My Games//Tabletop Simulator//Saves\\Specialist Games\\TS_Save_126.json",
    "Name": "126 - Battlefleet Gothic - 4/2/2020 3:13:57 PM",
    "UpdateTime": 1586891568
  },
  {
    "Directory": "C:\\Users\\Malice\\Documents//My Games//Tabletop Simulator//Saves\\Specialist Games\\TS_Save_127.json",
    "Name": "127 - Areonautica Imperialis - 4/20/2020 10:31:14 PM",
    "UpdateTime": 1587436276
  },
  {
    "Directory": "C:\\Users\\Malice\\Documents//My Games//Tabletop Simulator//Saves\\Tau\\TS_Save_2103.json",
    "Name": "2103 - Tau Commander Variants - 4/4/2020 7:30:48 PM",
    "UpdateTime": 1586043050
  },
  {
    "Directory": "C:\\Users\\Malice\\Documents//My Games//Tabletop Simulator//Saves\\Tau\\TS_Save_31.json",
    "Name": "31 - Tau Empire - 4/20/2020 11:28:47 PM",
    "UpdateTime": 1587439728
  },
  {
    "Directory": "C:\\Users\\Malice\\Documents//My Games//Tabletop Simulator//Saves\\Tyranids\\TS_Save_2105.json",
    "Name": "2105 - Tyranids (Leviathan) - 4/14/2020 8:09:59 PM",
    "UpdateTime": 1586891568
  },
  {
    "Directory": "C:\\Users\\Malice\\Documents//My Games//Tabletop Simulator//Saves\\Tyranids\\TS_Save_2107.json",
    "Name": "2107 - Tyranids (Jormungandr) - 4/12/2020 9:02:28 PM",
    "UpdateTime": 1586891568
  },
  {
    "Directory": "C:\\Users\\Malice\\Documents//My Games//Tabletop Simulator//Saves\\Tyranids\\TS_Save_2109.json",
    "Name": "2109 - Tyranids (Hydra) - 4/14/2020 8:10:39 PM",
    "UpdateTime": 1586891568
  },
  {
    "Directory": "C:\\Users\\Malice\\Documents//My Games//Tabletop Simulator//Saves\\Tyranids\\TS_Save_23.json",
    "Name": "23 - Genestealer Cults - 3/4/2020 11:48:13 AM",
    "UpdateTime": 1583344094
  },
  {
    "Directory": "C:\\Users\\Malice\\Documents//My Games//Tabletop Simulator//Saves\\Imperium\\Adeptus Custodes\\TS_Save_42.json",
    "Name": "42 - Adeptus Custodes and Sisters of Silence - 8/14/2020 7:04:38 PM",
    "UpdateTime": 1597446278
  },
  {
    "Directory": "C:\\Users\\Malice\\Documents//My Games//Tabletop Simulator//Saves\\Orks\\TS_Save_2110.json",
    "Name": "2110 - Ork Forge World Units - 4/14/2020 4:08:10 PM",
    "UpdateTime": 1586894892
  },
  {
    "Directory": "C:\\Users\\Malice\\Documents//My Games//Tabletop Simulator//Saves\\Orks\\TS_Save_89.json",
    "Name": "89 - Orks - 4/14/2020 4:08:46 PM",
    "UpdateTime": 1586894928
  },
  {
    "Directory": "C:\\Users\\Malice\\Documents//My Games//Tabletop Simulator//Saves\\Specialist Games\\TS_Save_126.json",
    "Name": "126 - Battlefleet Gothic - 4/2/2020 3:13:57 PM",
    "UpdateTime": 1586891568
  },
  {
    "Directory": "C:\\Users\\Malice\\Documents//My Games//Tabletop Simulator//Saves\\Specialist Games\\TS_Save_127.json",
    "Name": "127 - Areonautica Imperialis - 4/20/2020 10:31:14 PM",
    "UpdateTime": 1587436276
  },
  {
    "Directory": "C:\\Users\\Malice\\Documents//My Games//Tabletop Simulator//Saves\\Tau\\TS_Save_2103.json",
    "Name": "2103 - Tau Commander Variants - 4/4/2020 7:30:48 PM",
    "UpdateTime": 1586043050
  },
  {
    "Directory": "C:\\Users\\Malice\\Documents//My Games//Tabletop Simulator//Saves\\Tau\\TS_Save_31.json",
    "Name": "31 - Tau Empire - 4/20/2020 11:28:47 PM",
    "UpdateTime": 1587439728
  },
  {
    "Directory": "C:\\Users\\Malice\\Documents//My Games//Tabletop Simulator//Saves\\Tyranids\\TS_Save_2105.json",
    "Name": "2105 - Tyranids (Leviathan) - 4/14/2020 8:09:59 PM",
    "UpdateTime": 1586891568
  },
  {
    "Directory": "C:\\Users\\Malice\\Documents//My Games//Tabletop Simulator//Saves\\Tyranids\\TS_Save_2107.json",
    "Name": "2107 - Tyranids (Jormungandr) - 4/12/2020 9:02:28 PM",
    "UpdateTime": 1586891568
  },
  {
    "Directory": "C:\\Users\\Malice\\Documents//My Games//Tabletop Simulator//Saves\\Tyranids\\TS_Save_2109.json",
    "Name": "2109 - Tyranids (Hydra) - 4/14/2020 8:10:39 PM",
    "UpdateTime": 1586891568
  },
  {
    "Directory": "C:\\Users\\Malice\\Documents//My Games//Tabletop Simulator//Saves\\Tyranids\\TS_Save_23.json",
    "Name": "23 - Genestealer Cults - 3/4/2020 11:48:13 AM",
    "UpdateTime": 1583344094
  },
  {
    "Directory": "C:\\Users\\Malice\\Documents//My Games//Tabletop Simulator//Saves\\Imperium\\Imperial Knights\\TS_Save_47.json",
    "Name": "47 - Imperial Knights - 8/14/2020 7:06:18 PM",
    "UpdateTime": 1597446378
  },
  {
    "Directory": "C:\\Users\\Malice\\Documents//My Games//Tabletop Simulator//Saves\\Orks\\TS_Save_89.json",
    "Name": "89 - Orks - 4/14/2020 4:08:46 PM",
    "UpdateTime": 1586894928
  },
  {
    "Directory": "C:\\Users\\Malice\\Documents//My Games//Tabletop Simulator//Saves\\Specialist Games\\TS_Save_126.json",
    "Name": "126 - Battlefleet Gothic - 4/2/2020 3:13:57 PM",
    "UpdateTime": 1586891568
  },
  {
    "Directory": "C:\\Users\\Malice\\Documents//My Games//Tabletop Simulator//Saves\\Specialist Games\\TS_Save_127.json",
    "Name": "127 - Areonautica Imperialis - 4/20/2020 10:31:14 PM",
    "UpdateTime": 1587436276
  },
  {
    "Directory": "C:\\Users\\Malice\\Documents//My Games//Tabletop Simulator//Saves\\Tau\\TS_Save_2103.json",
    "Name": "2103 - Tau Commander Variants - 4/4/2020 7:30:48 PM",
    "UpdateTime": 1586043050
  },
  {
    "Directory": "C:\\Users\\Malice\\Documents//My Games//Tabletop Simulator//Saves\\Tau\\TS_Save_31.json",
    "Name": "31 - Tau Empire - 4/20/2020 11:28:47 PM",
    "UpdateTime": 1587439728
  },
  {
    "Directory": "C:\\Users\\Malice\\Documents//My Games//Tabletop Simulator//Saves\\Tyranids\\TS_Save_2105.json",
    "Name": "2105 - Tyranids (Leviathan) - 4/14/2020 8:09:59 PM",
    "UpdateTime": 1586891568
  },
  {
    "Directory": "C:\\Users\\Malice\\Documents//My Games//Tabletop Simulator//Saves\\Tyranids\\TS_Save_2107.json",
    "Name": "2107 - Tyranids (Jormungandr) - 4/12/2020 9:02:28 PM",
    "UpdateTime": 1586891568
  },
  {
    "Directory": "C:\\Users\\Malice\\Documents//My Games//Tabletop Simulator//Saves\\Tyranids\\TS_Save_2109.json",
    "Name": "2109 - Tyranids (Hydra) - 4/14/2020 8:10:39 PM",
    "UpdateTime": 1586891568
  },
  {
    "Directory": "C:\\Users\\Malice\\Documents//My Games//Tabletop Simulator//Saves\\Tyranids\\TS_Save_23.json",
    "Name": "23 - Genestealer Cults - 3/4/2020 11:48:13 AM",
    "UpdateTime": 1583344094
  },
  {
    "Directory": "C:\\Users\\Malice\\Documents//My Games//Tabletop Simulator//Saves\\Orks\\TS_Save_89.json",
    "Name": "89 - Orks - 4/14/2020 4:08:46 PM",
    "UpdateTime": 1586894928
  },
  {
    "Directory": "C:\\Users\\Malice\\Documents//My Games//Tabletop Simulator//Saves\\Specialist Games\\TS_Save_126.json",
    "Name": "126 - Battlefleet Gothic - 4/2/2020 3:13:57 PM",
    "UpdateTime": 1586891568
  },
  {
    "Directory": "C:\\Users\\Malice\\Documents//My Games//Tabletop Simulator//Saves\\Specialist Games\\TS_Save_127.json",
    "Name": "127 - Areonautica Imperialis - 4/20/2020 10:31:14 PM",
    "UpdateTime": 1587436276
  },
  {
    "Directory": "C:\\Users\\Malice\\Documents//My Games//Tabletop Simulator//Saves\\Tau\\TS_Save_2103.json",
    "Name": "2103 - Tau Commander Variants - 4/4/2020 7:30:48 PM",
    "UpdateTime": 1586043050
  },
  {
    "Directory": "C:\\Users\\Malice\\Documents//My Games//Tabletop Simulator//Saves\\Tau\\TS_Save_31.json",
    "Name": "31 - Tau Empire - 4/20/2020 11:28:47 PM",
    "UpdateTime": 1587439728
  },
  {
    "Directory": "C:\\Users\\Malice\\Documents//My Games//Tabletop Simulator//Saves\\Tyranids\\TS_Save_2105.json",
    "Name": "2105 - Tyranids (Leviathan) - 4/14/2020 8:09:59 PM",
    "UpdateTime": 1586891568
  },
  {
    "Directory": "C:\\Users\\Malice\\Documents//My Games//Tabletop Simulator//Saves\\Tyranids\\TS_Save_2107.json",
    "Name": "2107 - Tyranids (Jormungandr) - 4/12/2020 9:02:28 PM",
    "UpdateTime": 1586891568
  },
  {
    "Directory": "C:\\Users\\Malice\\Documents//My Games//Tabletop Simulator//Saves\\Tyranids\\TS_Save_2109.json",
    "Name": "2109 - Tyranids (Hydra) - 4/14/2020 8:10:39 PM",
    "UpdateTime": 1586891568
  },
  {
    "Directory": "C:\\Users\\Malice\\Documents//My Games//Tabletop Simulator//Saves\\Tyranids\\TS_Save_23.json",
    "Name": "23 - Genestealer Cults - 3/4/2020 11:48:13 AM",
    "UpdateTime": 1583344094
  },
  {
    "Directory": "C:\\Users\\Malice\\Documents//My Games//Tabletop Simulator//Saves\\Tau\\TS_Save_2103.json",
    "Name": "2103 - Tau Commander Variants - 4/4/2020 7:30:48 PM",
    "UpdateTime": 1586043050
  },
  {
    "Directory": "C:\\Users\\Malice\\Documents//My Games//Tabletop Simulator//Saves\\Tau\\TS_Save_31.json",
    "Name": "31 - Tau Empire - 4/20/2020 11:28:47 PM",
    "UpdateTime": 1587439728
  },
  {
    "Directory": "C:\\Users\\Malice\\Documents//My Games//Tabletop Simulator//Saves\\Tyranids\\TS_Save_2105.json",
    "Name": "2105 - Tyranids (Leviathan) - 4/14/2020 8:09:59 PM",
    "UpdateTime": 1586891568
  },
  {
    "Directory": "C:\\Users\\Malice\\Documents//My Games//Tabletop Simulator//Saves\\Tyranids\\TS_Save_2107.json",
    "Name": "2107 - Tyranids (Jormungandr) - 4/12/2020 9:02:28 PM",
    "UpdateTime": 1586891568
  },
  {
    "Directory": "C:\\Users\\Malice\\Documents//My Games//Tabletop Simulator//Saves\\Tyranids\\TS_Save_2109.json",
    "Name": "2109 - Tyranids (Hydra) - 4/14/2020 8:10:39 PM",
    "UpdateTime": 1586891568
  },
  {
    "Directory": "C:\\Users\\Malice\\Documents//My Games//Tabletop Simulator//Saves\\Tyranids\\TS_Save_23.json",
    "Name": "23 - Genestealer Cults - 3/4/2020 11:48:13 AM",
    "UpdateTime": 1583344094
  },
  {
    "Directory": "C:\\Users\\Malice\\Documents//My Games//Tabletop Simulator//Saves\\Imperium\\Astra Militarum\\TS_Save_44.json",
    "Name": "44 - Imperial Guard 1 - 8/14/2020 7:15:20 PM",
    "UpdateTime": 1597446920
  },
  {
    "Directory": "C:\\Users\\Malice\\Documents//My Games//Tabletop Simulator//Saves\\Imperium\\Officio Assassinorum\\TS_Save_43.json",
    "Name": "43 - Inquisition, Rogue Traders, and Assassins - 8/14/2020 7:18:37 PM",
    "UpdateTime": 1597447117
  },
  {
    "Directory": "C:\\Users\\Malice\\Documents//My Games//Tabletop Simulator//Saves\\Imperium\\Inquisition\\TS_Save_43.json",
    "Name": "43 - Inquisition, Rogue Traders, and Assassins - 8/14/2020 7:19:33 PM",
    "UpdateTime": 1597447174
  },
  {
    "Directory": "C:\\Users\\Malice\\Documents//My Games//Tabletop Simulator//Saves\\Chaos\\Chaos Knights\\TS_Save_64.json",
    "Name": "64 - Chaos Knights - 8/14/2020 7:20:09 PM",
    "UpdateTime": 1597447209
  },
  {
    "Directory": "C:\\Users\\Malice\\Documents//My Games//Tabletop Simulator//Saves\\Chaos\\Chaos Space Marines\\TS_Save_68.json",
    "Name": "68 - Emperor's Children - 8/14/2020 7:20:32 PM",
    "UpdateTime": 1597447232
  },
  {
    "Directory": "C:\\Users\\Malice\\Documents//My Games//Tabletop Simulator//Saves\\Chaos\\Chaos Space Marines\\TS_Save_67.json",
    "Name": "67 - World Eaters - 8/14/2020 7:21:45 PM",
    "UpdateTime": 1597447305
  },
  {
    "Directory": "C:\\Users\\Malice\\Documents//My Games//Tabletop Simulator//Saves\\Chaos\\Chaos Space Marines\\TS_Save_62.json",
    "Name": "62 - Death Guard - 8/14/2020 7:22:48 PM",
    "UpdateTime": 1597447368
  },
  {
    "Directory": "C:\\Users\\Malice\\Documents//My Games//Tabletop Simulator//Saves\\Chaos\\Titanicus Tratoris\\TS_Save_2112.json",
    "Name": "2112 - Traitoris Titanicus - 8/14/2020 7:25:29 PM",
    "UpdateTime": 1597447530
  },
  {
    "Directory": "C:\\Users\\Malice\\Documents//My Games//Tabletop Simulator//Saves\\Chaos\\Deamons\\TS_Save_65.json",
    "Name": "65 - Daemons - 8/14/2020 7:27:00 PM",
    "UpdateTime": 1597447620
  },
  {
    "Directory": "C:\\Users\\Malice\\Documents//My Games//Tabletop Simulator//Saves\\Chaos\\Gellerpox\\TS_Save_66.json",
    "Name": "66 - Servants of the Abyss and Gellarpox Infected - 2/13/2020 7:37:52 PM",
    "UpdateTime": 1581644274
  },
  {
    "Directory": "C:\\Users\\Malice\\Documents//My Games//Tabletop Simulator//Saves\\Eldar\\TS_Save_38.json",
    "Name": "38 - Harlequins - 8/14/2020 7:47:06 PM",
    "UpdateTime": 1597448827
  },
  {
    "Directory": "C:\\Users\\Malice\\Documents//My Games//Tabletop Simulator//Saves\\Eldar\\TS_Save_38.json",
    "Name": "38 - Harlequins - 8/14/2020 7:47:06 PM",
    "UpdateTime": 1597448827
  },
  {
    "Directory": "C:\\Users\\Malice\\Documents//My Games//Tabletop Simulator//Saves\\Imperium\\Space Marines\\TS_Save_60.json",
    "Name": "60 - Grey Knights - 8/14/2020 7:54:08 PM",
    "UpdateTime": 1597449248
  },
  {
    "Directory": "C:\\Users\\Malice\\Documents//My Games//Tabletop Simulator//Saves\\Maps, Tools, and Terrain\\TS_Save_2159.json",
    "Name": "2159 - FTC 40k Map Base 9th - v2.27 - 8/14/2020 7:58:58 PM",
    "UpdateTime": 1597449538
  },
  {
    "Directory": "C:\\Users\\Malice\\Documents//My Games//Tabletop Simulator//Saves\\Maps, Tools, and Terrain\\Maps\\Strike Force\\TS_Save_2154.json",
    "Name": "2154 - Down Town - 60 x 44 - 8/10/2020 6:52:59 PM",
    "UpdateTime": 1597099980
  },
  {
    "Directory": "C:\\Users\\Malice\\Documents//My Games//Tabletop Simulator//Saves\\Maps, Tools, and Terrain\\Maps\\Strike Force\\TS_Save_2157.json",
    "Name": "2157 - Retrieval - 60 x 44 - 8/10/2020 9:51:00 PM",
    "UpdateTime": 1597110662
  },
  {
    "Directory": "C:\\Users\\Malice\\Documents//My Games//Tabletop Simulator//Saves\\Maps, Tools, and Terrain\\Maps\\Strike Force\\TS_Save_2158.json",
    "Name": "2158 - Wintery Woods - 60 x 44 - 8/10/2020 9:51:36 PM",
    "UpdateTime": 1597110698
  },
  {
    "Directory": "C:\\Users\\Malice\\Documents//My Games//Tabletop Simulator//Saves\\Maps, Tools, and Terrain\\Maps\\Strike Force\\TS_Save_2137.json",
    "Name": "2137 - Catachan Jungle - 60 x 44 - 8/7/2020 4:56:18 PM",
    "UpdateTime": 1596833780
  },
  {
    "Directory": "C:\\Users\\Malice\\Documents//My Games//Tabletop Simulator//Saves\\Maps, Tools, and Terrain\\Maps\\Strike Force\\TS_Save_2138.json",
    "Name": "2138 - Desert Bazaar - 60 x 44 - 8/7/2020 4:59:36 PM",
    "UpdateTime": 1596833978
  },
  {
    "Directory": "C:\\Users\\Malice\\Documents//My Games//Tabletop Simulator//Saves\\Maps, Tools, and Terrain\\Maps\\Strike Force\\TS_Save_2139.json",
    "Name": "2139 - Archeosite - 60 x 44 - 8/7/2020 5:00:27 PM",
    "UpdateTime": 1596834028
  },
  {
    "Directory": "C:\\Users\\Malice\\Documents//My Games//Tabletop Simulator//Saves\\Maps, Tools, and Terrain\\Maps\\Strike Force\\TS_Save_2141.json",
    "Name": "2141 - Desert Bones - 60 x 44 - 8/7/2020 5:01:58 PM",
    "UpdateTime": 1596834120
  },
  {
    "Directory": "C:\\Users\\Malice\\Documents//My Games//Tabletop Simulator//Saves\\Maps, Tools, and Terrain\\Maps\\Strike Force\\TS_Save_2143.json",
    "Name": "2143 - Experimental Factory - 60 x 44 - 8/7/2020 5:03:52 PM",
    "UpdateTime": 1596834234
  },
  {
    "Directory": "C:\\Users\\Malice\\Documents//My Games//Tabletop Simulator//Saves\\Maps, Tools, and Terrain\\Maps\\Strike Force\\TS_Save_2144.json",
    "Name": "2144 - Overgrown Ruin - 60 x 44 - 8/7/2020 5:05:17 PM",
    "UpdateTime": 1596834318
  },
  {
    "Directory": "C:\\Users\\Malice\\Documents//My Games//Tabletop Simulator//Saves\\Maps, Tools, and Terrain\\Maps\\Strike Force\\TS_Save_2149.json",
    "Name": "2149 - Suburban Ruins - 60 x 44 - 8/7/2020 5:10:02 PM",
    "UpdateTime": 1596834604
  },
  {
    "Directory": "C:\\Users\\Malice\\Documents//My Games//Tabletop Simulator//Saves\\Maps, Tools, and Terrain\\Maps\\Strike Force\\TS_Save_2150.json",
    "Name": "2150 - The Ninth Front - 60 x 44 - 8/7/2020 5:11:06 PM",
    "UpdateTime": 1596834668
  },
  {
    "Directory": "C:\\Users\\Malice\\Documents//My Games//Tabletop Simulator//Saves\\Maps, Tools, and Terrain\\Maps\\Strike Force\\TS_Save_2151.json",
    "Name": "2151 - Forest Ruins - 60 x 44 - 8/7/2020 5:11:59 PM",
    "UpdateTime": 1596834720
  },
  {
    "Directory": "C:\\Users\\Malice\\Documents//My Games//Tabletop Simulator//Saves\\Maps, Tools, and Terrain\\Maps\\Strike Force\\TS_Save_2152.json",
    "Name": "2152 - Block War - 60 x 44 - 8/7/2020 5:13:15 PM",
    "UpdateTime": 1596834796
  },
  {
    "Directory": "C:\\Users\\Malice\\Documents//My Games//Tabletop Simulator//Saves\\Maps, Tools, and Terrain\\Maps\\Strike Force\\TS_Save_2153.json",
    "Name": "2153 - Neo Construction Zone - 60 x 44 - 8/7/2020 5:13:52 PM",
    "UpdateTime": 1596834834
  },
  {
    "Directory": "C:\\Users\\Malice\\Documents//My Games//Tabletop Simulator//Saves\\Maps, Tools, and Terrain\\Maps\\Strike Force\\TS_Save_2156.json",
    "Name": "2156 - Ruined District - 60 x 44 - 8/10/2020 9:50:04 PM",
    "UpdateTime": 1597110606
  },
  {
    "Directory": "C:\\Users\\Malice\\Documents//My Games//Tabletop Simulator//Saves\\Maps, Tools, and Terrain\\Maps\\Incursion\\TS_Save_2140.json",
    "Name": "2140 - Overgrowth - 44 x 30 - 8/7/2020 5:05:54 PM",
    "UpdateTime": 1596834356
  },
  {
    "Directory": "C:\\Users\\Malice\\Documents//My Games//Tabletop Simulator//Saves\\Maps, Tools, and Terrain\\Maps\\Incursion\\TS_Save_2142.json",
    "Name": "2142 - Forest Ruin - 44 x 30 - 8/7/2020 5:03:07 PM",
    "UpdateTime": 1596834188
  },
  {
    "Directory": "C:\\Users\\Malice\\Documents//My Games//Tabletop Simulator//Saves\\Maps, Tools, and Terrain\\Maps\\Incursion\\TS_Save_2145.json",
    "Name": "2145 - Outriders - 44 x 30 - 8/7/2020 5:06:48 PM",
    "UpdateTime": 1596834410
  },
  {
    "Directory": "C:\\Users\\Malice\\Documents//My Games//Tabletop Simulator//Saves\\Maps, Tools, and Terrain\\Maps\\Incursion\\TS_Save_2146.json",
    "Name": "2146 - Just Deserts - 44 x 30 - 8/7/2020 5:08:05 PM",
    "UpdateTime": 1596834486
  },
  {
    "Directory": "C:\\Users\\Malice\\Documents//My Games//Tabletop Simulator//Saves\\Maps, Tools, and Terrain\\Maps\\Incursion\\TS_Save_2147.json",
    "Name": "2147 - Crumbleton - 44 x 30 - 8/7/2020 5:08:39 PM",
    "UpdateTime": 1596834520
  },
  {
    "Directory": "C:\\Users\\Malice\\Documents//My Games//Tabletop Simulator//Saves\\Maps, Tools, and Terrain\\Maps\\Incursion\\TS_Save_2148.json",
    "Name": "2148 - Undone Work - 44 x 30 - 8/7/2020 5:09:14 PM",
    "UpdateTime": 1596834556
  },
  {
    "Directory": "C:\\Users\\Malice\\Documents//My Games//Tabletop Simulator//Saves\\Maps, Tools, and Terrain\\Terrain\\TS_Save_2135.json",
    "Name": "2135 - Craters - 8/14/2020 8:08:17 PM",
    "UpdateTime": 1597450097
  },
  {
    "Directory": "C:\\Users\\Malice\\Documents//My Games//Tabletop Simulator//Saves\\Maps, Tools, and Terrain\\Terrain\\TS_Save_2135.json",
    "Name": "2135 - Craters - 8/14/2020 8:08:17 PM",
    "UpdateTime": 1597450097
  },
  {
    "Directory": "C:\\Users\\Malice\\Documents//My Games//Tabletop Simulator//Saves\\Maps, Tools, and Terrain\\Terrain\\TS_Save_2135.json",
    "Name": "2135 - Craters - 8/14/2020 8:08:17 PM",
    "UpdateTime": 1597450097
  },
  {
    "Directory": "C:\\Users\\Malice\\Documents//My Games//Tabletop Simulator//Saves\\Maps, Tools, and Terrain\\Terrain\\TS_Save_2135.json",
    "Name": "2135 - Craters - 8/14/2020 8:08:17 PM",
    "UpdateTime": 1597450097
  },
  {
    "Directory": "C:\\Users\\Malice\\Documents//My Games//Tabletop Simulator//Saves\\Necrons\\TS_Save_35.json",
    "Name": "35 - Necrons - 8/14/2020 8:13:35 PM",
    "UpdateTime": 1597450415
  },
  {
    "Directory": "C:\\Users\\Malice\\Documents//My Games//Tabletop Simulator//Saves\\Maps, Tools, and Terrain\\Terrain\\TS_Save_2135.json",
    "Name": "2135 - Craters - 8/14/2020 8:08:17 PM",
    "UpdateTime": 1597450097
  },
  {
    "Directory": "C:\\Users\\Malice\\Documents//My Games//Tabletop Simulator//Saves\\Necrons\\TS_Save_35.json",
    "Name": "35 - Necrons - 8/14/2020 8:13:35 PM",
    "UpdateTime": 1597450415
  },
  {
    "Directory": "C:\\Users\\Malice\\Documents//My Games//Tabletop Simulator//Saves\\Necrons\\TS_Save_35.json",
    "Name": "35 - Necrons - 8/14/2020 8:13:35 PM",
    "UpdateTime": 1597450415
  },
  {
    "Directory": "C:\\Users\\Malice\\Documents//My Games//Tabletop Simulator//Saves\\Necrons\\TS_Save_35.json",
    "Name": "35 - Necrons - 8/14/2020 8:13:35 PM",
    "UpdateTime": 1597450415
  },
  {
    "Directory": "C:\\Users\\Malice\\Documents//My Games//Tabletop Simulator//Saves\\Necrons\\TS_Save_35.json",
    "Name": "35 - Necrons - 8/14/2020 8:13:35 PM",
    "UpdateTime": 1597450415
  },
  {
    "Directory": "C:\\Users\\Malice\\Documents//My Games//Tabletop Simulator//Saves\\Eldar\\TS_Save_41.json",
    "Name": "41 - Eldar + special characters - 8/14/2020 8:17:54 PM",
    "UpdateTime": 1597450674
  },
  {
    "Directory": "C:\\Users\\Malice\\Documents//My Games//Tabletop Simulator//Saves\\Eldar\\TS_Save_41.json",
    "Name": "41 - Eldar + special characters - 8/14/2020 8:17:54 PM",
    "UpdateTime": 1597450674
  },
  {
    "Directory": "C:\\Users\\Malice\\Documents//My Games//Tabletop Simulator//Saves\\Necrons\\TS_Save_35.json",
    "Name": "35 - Necrons - 8/14/2020 8:13:35 PM",
    "UpdateTime": 1597450415
  },
  {
    "Directory": "C:\\Users\\Malice\\Documents//My Games//Tabletop Simulator//Saves\\Imperium\\Space Marines\\TS_Save_2117.json",
    "Name": "2117 - 8th Edition: Ultramarines Complete - 8/14/2020 9:02:23 PM",
    "UpdateTime": 1597453343
  },
  {
    "Directory": "C:\\Users\\Malice\\Documents//My Games//Tabletop Simulator//Saves\\Imperium\\Space Marines\\TS_Save_2122.json",
    "Name": "2122 - 8th Edition: Dark Angels Complete - 8/14/2020 9:27:41 PM",
    "UpdateTime": 1597454861
  },
  {
    "Directory": "C:\\Users\\Malice\\Documents//My Games//Tabletop Simulator//Saves\\Imperium\\Space Marines\\TS_Save_82.json",
    "Name": "82 - Space Wolves Codex Units - 8/14/2020 9:29:36 PM",
    "UpdateTime": 1597454976
  },
  {
    "Directory": "C:\\Users\\Malice\\Documents//My Games//Tabletop Simulator//Saves\\Imperium\\Space Marines\\TS_Save_81.json",
    "Name": "81 - Space Marine Supplement Units - 8/14/2020 9:29:54 PM",
    "UpdateTime": 1597454994
  },
  {
    "Directory": "C:\\Users\\Malice\\Documents//My Games//Tabletop Simulator//Saves\\TS_AutoSave.json",
    "Name": "Auto Save - Salamanders - 8/14/2020 9:57:43 PM",
    "UpdateTime": 1597456664
  },
  {
    "Directory": "C:\\Users\\Malice\\Documents//My Games//Tabletop Simulator//Saves\\Imperium\\Space Marines\\TS_Save_2124.json",
    "Name": "2124 - 8th Edition: Salamanders Complete - 8/14/2020 9:58:08 PM",
    "UpdateTime": 1597456688
  }
]