{
  "SaveName": "Necromunda",
  "GameMode": "WH40k: Adeptus Arbites",
  "Gravity": 0.5,
  "PlayArea": 0.5,
  "Date": "5/4/2020 4:00:36 AM",
  "Table": "Table_RPG",
  "Sky": "Sky_Tunnel",
  "SkyURL": "http://cloud-3.steamusercontent.com/ugc/785255580684932468/55CEADD236F8FF641A2BDCBBD997739FBBD9B896/",
  "Note": "",
  "Rules": "",
  "XmlUI": "<!-- Xml UI. See documentation: https://api.tabletopsimulator.com/ui/introUI/ -->",
  "LuaScript": "--[[ Lua code. See documentation: http://berserk-games.com/knowledgebase/scripting/ --]]\n\n--[[ The OnLoad function. This is called after everything in the game save finishes loading.\nMost of your script code goes here. --]]\nfunction onload()\n    --[[ print('Onload!') --]]\nend\n\n--[[ The Update function. This is called once per frame. --]]\nfunction update ()\n    --[[ print('Update loop!') --]]\nend\n\n--[[ The OnPlayerChangedColor function. This is mostly used when a player joins the game and chooses a color. --]]\nfunction onPlayerChangedColor(color)\n    --[[ print('Player changed color! ' .. color .. ' ' .. colorToPlayerName(color)) --]]\nend",
  "LuaScriptState": "",
  "MusicPlayer": {
    "RepeatSong": true,
    "PlaylistEntry": -1,
    "CurrentAudioTitle": "Ultramarines Chant",
    "CurrentAudioURL": "http://cloud-3.steamusercontent.com/ugc/773976977327440295/17C1CAA1F70F178395E93C05E55946061E695598/",
    "AudioLibrary": [
      {
        "Item1": "http://cloud-3.steamusercontent.com/ugc/773976977327440295/17C1CAA1F70F178395E93C05E55946061E695598/",
        "Item2": "Ultramarines Chant"
      }
    ]
  },
  "Grid": {
    "Type": 0,
    "Lines": true,
    "Color": {
      "r": 0.0,
      "g": 0.0,
      "b": 0.0
    },
    "Opacity": 0.75,
    "ThickLines": false,
    "Snapping": false,
    "Offset": false,
    "BothSnapping": true,
    "xSize": 1.05,
    "ySize": 1.05,
    "PosOffset": {
      "x": 0.0,
      "y": 1.0,
      "z": 0.0
    }
  },
  "Lighting": {
    "LightIntensity": 0.54,
    "LightColor": {
      "r": 1.0,
      "g": 0.9804,
      "b": 0.8902
    },
    "AmbientIntensity": 1.3,
    "AmbientType": 0,
    "AmbientSkyColor": {
      "r": 0.5,
      "g": 0.5,
      "b": 0.5
    },
    "AmbientEquatorColor": {
      "r": 0.5,
      "g": 0.5,
      "b": 0.5
    },
    "AmbientGroundColor": {
      "r": 0.5,
      "g": 0.5,
      "b": 0.5
    },
    "ReflectionIntensity": 1.0,
    "LutIndex": 0,
    "LutContribution": 1.0
  },
  "Hands": {
    "Enable": true,
    "DisableUnused": false,
    "Hiding": 0,
    "HandTransforms": [
      {
        "Color": "Red",
        "Transform": {
          "posX": -15.1108065,
          "posY": 5.05554152,
          "posZ": -20.1076221,
          "rotX": 4.90161634E-10,
          "rotY": 9.599678E-10,
          "rotZ": -3.04519021E-10,
          "scaleX": 11.7755051,
          "scaleY": 9.174497,
          "scaleZ": 4.87123871
        }
      },
      {
        "Color": "Yellow",
        "Transform": {
          "posX": -30.2150211,
          "posY": 5.05554152,
          "posZ": 10.17524,
          "rotX": 3.04519077E-10,
          "rotY": 90.00002,
          "rotZ": 4.901618E-10,
          "scaleX": 11.6554251,
          "scaleY": 9.174497,
          "scaleZ": 4.919961
        }
      },
      {
        "Color": "Purple",
        "Transform": {
          "posX": 30.25128,
          "posY": 5.05554152,
          "posZ": 9.59069252,
          "rotX": -3.04519465E-10,
          "rotY": 270.0,
          "rotZ": -4.90161856E-10,
          "scaleX": 11.6792707,
          "scaleY": 9.174497,
          "scaleZ": 4.9333663
        }
      },
      {
        "Color": "Blue",
        "Transform": {
          "posX": 15.4749184,
          "posY": 5.05554152,
          "posZ": 19.8365288,
          "rotX": -4.89097263E-10,
          "rotY": 179.8,
          "rotZ": 3.06228348E-10,
          "scaleX": 11.8018913,
          "scaleY": 9.174497,
          "scaleZ": 4.88619757
        }
      },
      {
        "Color": "White",
        "Transform": {
          "posX": 15.1961479,
          "posY": 5.05554152,
          "posZ": -20.1400986,
          "rotX": 4.90161634E-10,
          "rotY": 9.599678E-10,
          "rotZ": -3.04519021E-10,
          "scaleX": 11.7754936,
          "scaleY": 9.17449951,
          "scaleZ": 4.87123871
        }
      },
      {
        "Color": "Green",
        "Transform": {
          "posX": -15.1927767,
          "posY": 5.05554152,
          "posZ": 19.787817,
          "rotX": -4.901617E-10,
          "rotY": 180.000031,
          "rotZ": 3.04518938E-10,
          "scaleX": 11.7754936,
          "scaleY": 9.174497,
          "scaleZ": 4.87123871
        }
      },
      {
        "Color": "Pink",
        "Transform": {
          "posX": 30.10358,
          "posY": 5.05554152,
          "posZ": -8.449126,
          "rotX": -3.04519465E-10,
          "rotY": 270.0,
          "rotZ": -4.90161856E-10,
          "scaleX": 11.6792707,
          "scaleY": 9.174497,
          "scaleZ": 4.9333663
        }
      },
      {
        "Color": "Orange",
        "Transform": {
          "posX": -30.247818,
          "posY": 5.05554152,
          "posZ": -8.822588,
          "rotX": 3.04519077E-10,
          "rotY": 90.00002,
          "rotZ": 4.901618E-10,
          "scaleX": 11.65543,
          "scaleY": 9.174497,
          "scaleZ": 4.919961
        }
      }
    ]
  },
  "Turns": {
    "Enable": false,
    "Type": 0,
    "TurnOrder": [],
    "Reverse": false,
    "SkipEmpty": false,
    "DisableInteractions": false,
    "PassTurns": true,
    "TurnColor": ""
  },
  "ObjectStates": [
    {
      "Name": "Custom_Model",
      "Transform": {
        "posX": -17.8499985,
        "posY": 0.957708538,
        "posZ": 6.29999971,
        "rotX": -4.472282E-07,
        "rotY": 179.99353,
        "rotZ": -1.83651173E-06,
        "scaleX": 1.24999976,
        "scaleY": 1.24999976,
        "scaleZ": 1.24999976
      },
      "Nickname": "2/2 Goliath Leader w/ Power Sledgehammer",
      "Description": "",
      "GMNotes": "",
      "ColorDiffuse": {
        "r": 0.0,
        "g": 0.0,
        "b": 0.0
      },
      "Locked": false,
      "Grid": true,
      "Snap": true,
      "IgnoreFoW": false,
      "Autoraise": true,
      "Sticky": true,
      "Tooltip": true,
      "GridProjection": false,
      "HideWhenFaceDown": false,
      "Hands": false,
      "CustomMesh": {
        "MeshURL": "http://cloud-3.steamusercontent.com/ugc/784125862022720178/AF8AD7666B419C7D484B019681749E96AD9BDE83/",
        "DiffuseURL": "http://cloud-3.steamusercontent.com/ugc/784125862022720720/AABC712A43011BFD1701D0598317413773606EA4/",
        "NormalURL": "",
        "ColliderURL": "http://cloud-3.steamusercontent.com/ugc/785235625068021202/DE623BD66F73B5BAEA303E463D9ECB77B0FB1687/",
        "Convex": true,
        "MaterialIndex": 3,
        "TypeIndex": 1,
        "CustomShader": {
          "SpecularColor": {
            "r": 1.0,
            "g": 1.0,
            "b": 1.0
          },
          "SpecularIntensity": 0.0,
          "SpecularSharpness": 2.0,
          "FresnelStrength": 0.0
        },
        "CastShadows": true
      },
      "XmlUI": "",
      "LuaScript": "",
      "LuaScriptState": "",
      "GUID": "81218c"
    },
    {
      "Name": "Custom_Model",
      "Transform": {
        "posX": -15.749999,
        "posY": 0.9577085,
        "posZ": 8.4,
        "rotX": 1.61822049E-06,
        "rotY": 0.0162054766,
        "rotZ": 3.0095116E-06,
        "scaleX": 1.24999976,
        "scaleY": 1.24999976,
        "scaleZ": 1.24999976
      },
      "Nickname": "2/2 Goliath Ganger w/ Krumper Rivet Cannon",
      "Description": "",
      "GMNotes": "",
      "ColorDiffuse": {
        "r": 0.0,
        "g": 0.0,
        "b": 0.0
      },
      "Locked": false,
      "Grid": true,
      "Snap": true,
      "IgnoreFoW": false,
      "Autoraise": true,
      "Sticky": true,
      "Tooltip": true,
      "GridProjection": false,
      "HideWhenFaceDown": false,
      "Hands": false,
      "CustomMesh": {
        "MeshURL": "http://cloud-3.steamusercontent.com/ugc/784125862026514068/13AC8A9BFCF2FC0495DFCCCD04D1295896089CD9/",
        "DiffuseURL": "http://cloud-3.steamusercontent.com/ugc/784125862026515585/A2F54C8BCADE6120AD8463CF067AA735095BE896/",
        "NormalURL": "",
        "ColliderURL": "http://cloud-3.steamusercontent.com/ugc/785235625068021202/DE623BD66F73B5BAEA303E463D9ECB77B0FB1687/",
        "Convex": true,
        "MaterialIndex": 3,
        "TypeIndex": 1,
        "CustomShader": {
          "SpecularColor": {
            "r": 1.0,
            "g": 1.0,
            "b": 1.0
          },
          "SpecularIntensity": 0.0,
          "SpecularSharpness": 2.0,
          "FresnelStrength": 0.0
        },
        "CastShadows": true
      },
      "XmlUI": "",
      "LuaScript": "",
      "LuaScriptState": "",
      "GUID": "39c8e7"
    },
    {
      "Name": "Custom_Model",
      "Transform": {
        "posX": 17.3249989,
        "posY": 0.9581668,
        "posZ": 6.825,
        "rotX": 1.95570152E-07,
        "rotY": 0.00594226364,
        "rotZ": -1.37459187E-06,
        "scaleX": 1.0,
        "scaleY": 1.0,
        "scaleZ": 1.0
      },
      "Nickname": "2/2 Corpse Grinder Butcher w/ Paired Chain Cleavers",
      "Description": "",
      "GMNotes": "",
      "ColorDiffuse": {
        "r": 0.0,
        "g": 0.0,
        "b": 0.0
      },
      "Locked": false,
      "Grid": true,
      "Snap": true,
      "IgnoreFoW": false,
      "Autoraise": true,
      "Sticky": true,
      "Tooltip": true,
      "GridProjection": false,
      "HideWhenFaceDown": false,
      "Hands": false,
      "CustomMesh": {
        "MeshURL": "http://cloud-3.steamusercontent.com/ugc/781874597362255066/4FEA2A8F7033A3A850E4B3D182E07C0E42E1272A/",
        "DiffuseURL": "http://cloud-3.steamusercontent.com/ugc/781874597362255761/43A1084749E615075515140F8907F29B3F6F3422/",
        "NormalURL": "",
        "ColliderURL": "http://cloud-3.steamusercontent.com/ugc/785235625068021202/DE623BD66F73B5BAEA303E463D9ECB77B0FB1687/",
        "Convex": true,
        "MaterialIndex": 3,
        "TypeIndex": 1,
        "CustomShader": {
          "SpecularColor": {
            "r": 1.0,
            "g": 1.0,
            "b": 1.0
          },
          "SpecularIntensity": 0.0,
          "SpecularSharpness": 2.0,
          "FresnelStrength": 0.0
        },
        "CastShadows": true
      },
      "XmlUI": "",
      "LuaScript": "",
      "LuaScriptState": "",
      "GUID": "69fc15"
    },
    {
      "Name": "Custom_Model",
      "Transform": {
        "posX": 15.2249994,
        "posY": 0.958166838,
        "posZ": 8.924999,
        "rotX": 9.781587E-07,
        "rotY": 0.00692752,
        "rotZ": 4.71000567E-06,
        "scaleX": 1.0,
        "scaleY": 1.0,
        "scaleZ": 1.0
      },
      "Nickname": "2/2 Corpse Grinder Cutter w/ Paired Chain Cleavers",
      "Description": "",
      "GMNotes": "",
      "ColorDiffuse": {
        "r": 0.0,
        "g": 0.0,
        "b": 0.0
      },
      "Locked": false,
      "Grid": true,
      "Snap": true,
      "IgnoreFoW": false,
      "Autoraise": true,
      "Sticky": true,
      "Tooltip": true,
      "GridProjection": false,
      "HideWhenFaceDown": false,
      "Hands": false,
      "CustomMesh": {
        "MeshURL": "http://cloud-3.steamusercontent.com/ugc/781874597362336367/EF7FE060F386222076EA8616713CE5951EBE4D3B/",
        "DiffuseURL": "http://cloud-3.steamusercontent.com/ugc/781874597362255761/43A1084749E615075515140F8907F29B3F6F3422/",
        "NormalURL": "",
        "ColliderURL": "http://cloud-3.steamusercontent.com/ugc/785235625068021202/DE623BD66F73B5BAEA303E463D9ECB77B0FB1687/",
        "Convex": true,
        "MaterialIndex": 3,
        "TypeIndex": 1,
        "CustomShader": {
          "SpecularColor": {
            "r": 1.0,
            "g": 1.0,
            "b": 1.0
          },
          "SpecularIntensity": 0.0,
          "SpecularSharpness": 2.0,
          "FresnelStrength": 0.0
        },
        "CastShadows": true
      },
      "XmlUI": "",
      "LuaScript": "",
      "LuaScriptState": "",
      "GUID": "3292b0"
    },
    {
      "Name": "Custom_Model",
      "Transform": {
        "posX": 17.3249989,
        "posY": 0.958166957,
        "posZ": 8.924999,
        "rotX": -1.06189952E-06,
        "rotY": 0.03245365,
        "rotZ": -3.03628963E-06,
        "scaleX": 1.0,
        "scaleY": 1.0,
        "scaleZ": 1.0
      },
      "Nickname": "2/2 Corpse Grinder Cutter w/ Paired Chain Cleavers",
      "Description": "",
      "GMNotes": "",
      "ColorDiffuse": {
        "r": 0.0,
        "g": 0.0,
        "b": 0.0
      },
      "Locked": false,
      "Grid": true,
      "Snap": true,
      "IgnoreFoW": false,
      "Autoraise": true,
      "Sticky": true,
      "Tooltip": true,
      "GridProjection": false,
      "HideWhenFaceDown": false,
      "Hands": false,
      "CustomMesh": {
        "MeshURL": "http://cloud-3.steamusercontent.com/ugc/781874597362409935/904E21945A9970BC2E309BF253941C970A3043E1/",
        "DiffuseURL": "http://cloud-3.steamusercontent.com/ugc/781874597362255761/43A1084749E615075515140F8907F29B3F6F3422/",
        "NormalURL": "",
        "ColliderURL": "http://cloud-3.steamusercontent.com/ugc/785235625068021202/DE623BD66F73B5BAEA303E463D9ECB77B0FB1687/",
        "Convex": true,
        "MaterialIndex": 3,
        "TypeIndex": 1,
        "CustomShader": {
          "SpecularColor": {
            "r": 1.0,
            "g": 1.0,
            "b": 1.0
          },
          "SpecularIntensity": 0.0,
          "SpecularSharpness": 2.0,
          "FresnelStrength": 0.0
        },
        "CastShadows": true
      },
      "XmlUI": "",
      "LuaScript": "",
      "LuaScriptState": "",
      "GUID": "b4547e"
    },
    {
      "Name": "Custom_Model",
      "Transform": {
        "posX": 19.425,
        "posY": 0.958166957,
        "posZ": 6.825,
        "rotX": -6.53841141E-07,
        "rotY": 0.0003141887,
        "rotZ": 5.34075468E-07,
        "scaleX": 1.0,
        "scaleY": 1.0,
        "scaleZ": 1.0
      },
      "Nickname": "2/2 Corpse Grinder Cutter w/ Rotary Flensing Saw",
      "Description": "",
      "GMNotes": "",
      "ColorDiffuse": {
        "r": 0.0,
        "g": 0.0,
        "b": 0.0
      },
      "Locked": false,
      "Grid": true,
      "Snap": true,
      "IgnoreFoW": false,
      "Autoraise": true,
      "Sticky": true,
      "Tooltip": true,
      "GridProjection": false,
      "HideWhenFaceDown": false,
      "Hands": false,
      "CustomMesh": {
        "MeshURL": "http://cloud-3.steamusercontent.com/ugc/781874689664577113/D9E798B3B3920608D5EAD31C55B981EFB0BF0E7F/",
        "DiffuseURL": "http://cloud-3.steamusercontent.com/ugc/781874689664576405/CDF956A253AA6EB60EBF005CC093536A0C0B8FC1/",
        "NormalURL": "",
        "ColliderURL": "http://cloud-3.steamusercontent.com/ugc/785235625068021202/DE623BD66F73B5BAEA303E463D9ECB77B0FB1687/",
        "Convex": true,
        "MaterialIndex": 3,
        "TypeIndex": 1,
        "CustomShader": {
          "SpecularColor": {
            "r": 1.0,
            "g": 1.0,
            "b": 1.0
          },
          "SpecularIntensity": 0.0,
          "SpecularSharpness": 2.0,
          "FresnelStrength": 0.0
        },
        "CastShadows": true
      },
      "XmlUI": "",
      "LuaScript": "",
      "LuaScriptState": "",
      "GUID": "9194eb"
    },
    {
      "Name": "Custom_Model",
      "Transform": {
        "posX": 0.5249999,
        "posY": 0.9599999,
        "posZ": 15.2249994,
        "rotX": -1.5066546E-06,
        "rotY": 194.975845,
        "rotZ": -1.4074335E-06,
        "scaleX": 0.400000036,
        "scaleY": 0.400000036,
        "scaleZ": 0.400000036
      },
      "Nickname": "Ambot",
      "Description": "",
      "GMNotes": "",
      "ColorDiffuse": {
        "r": 0.9999998,
        "g": 0.992160261,
        "b": 0.9999998
      },
      "Locked": false,
      "Grid": true,
      "Snap": true,
      "IgnoreFoW": false,
      "Autoraise": true,
      "Sticky": true,
      "Tooltip": true,
      "GridProjection": false,
      "HideWhenFaceDown": false,
      "Hands": false,
      "CustomMesh": {
        "MeshURL": "http://cloud-3.steamusercontent.com/ugc/784120689795297160/B09DD2F3E370838D1A47D5288325B3D6ABF89FD5/",
        "DiffuseURL": "http://cloud-3.steamusercontent.com/ugc/784120689795298372/D143F5520BC66193229A93900EC50F030244AD2A/",
        "NormalURL": "",
        "ColliderURL": "http://cloud-3.steamusercontent.com/ugc/784120689795297700/1524C54D97751B9F8AE81F03475F97ADD00F1952/",
        "Convex": true,
        "MaterialIndex": 3,
        "TypeIndex": 0,
        "CustomShader": {
          "SpecularColor": {
            "r": 1.0,
            "g": 1.0,
            "b": 1.0
          },
          "SpecularIntensity": 0.0,
          "SpecularSharpness": 2.0,
          "FresnelStrength": 0.0
        },
        "CastShadows": true
      },
      "XmlUI": "",
      "LuaScript": "",
      "LuaScriptState": "",
      "GUID": "e1b239"
    },
    {
      "Name": "Custom_Model",
      "Transform": {
        "posX": 19.425,
        "posY": 0.958166957,
        "posZ": 8.924999,
        "rotX": -1.907697E-06,
        "rotY": 0.004470359,
        "rotZ": -1.28249587E-06,
        "scaleX": 1.0,
        "scaleY": 1.0,
        "scaleZ": 1.0
      },
      "Nickname": "2/2 Corpse Grinder Cutter w/ Paired Chain Cleavers",
      "Description": "",
      "GMNotes": "",
      "ColorDiffuse": {
        "r": 0.0,
        "g": 0.0,
        "b": 0.0
      },
      "Locked": false,
      "Grid": true,
      "Snap": true,
      "IgnoreFoW": false,
      "Autoraise": true,
      "Sticky": true,
      "Tooltip": true,
      "GridProjection": false,
      "HideWhenFaceDown": false,
      "Hands": false,
      "CustomMesh": {
        "MeshURL": "http://cloud-3.steamusercontent.com/ugc/781874689664627221/7C5254256F8BE310D277BF23BE14A4ED45FD69FE/",
        "DiffuseURL": "http://cloud-3.steamusercontent.com/ugc/781874689664576405/CDF956A253AA6EB60EBF005CC093536A0C0B8FC1/",
        "NormalURL": "",
        "ColliderURL": "http://cloud-3.steamusercontent.com/ugc/785235625068021202/DE623BD66F73B5BAEA303E463D9ECB77B0FB1687/",
        "Convex": true,
        "MaterialIndex": 3,
        "TypeIndex": 1,
        "CustomShader": {
          "SpecularColor": {
            "r": 1.0,
            "g": 1.0,
            "b": 1.0
          },
          "SpecularIntensity": 0.0,
          "SpecularSharpness": 2.0,
          "FresnelStrength": 0.0
        },
        "CastShadows": true
      },
      "XmlUI": "",
      "LuaScript": "",
      "LuaScriptState": "",
      "GUID": "a276d9"
    },
    {
      "Name": "Custom_Model",
      "Transform": {
        "posX": 21.525,
        "posY": 0.958166838,
        "posZ": 8.924999,
        "rotX": -9.933091E-07,
        "rotY": 30.0012589,
        "rotZ": 8.44248063E-07,
        "scaleX": 1.0,
        "scaleY": 1.0,
        "scaleZ": 1.0
      },
      "Nickname": "2/2 Corpse Grinder Cutter w/ Paired Chain Cleavers",
      "Description": "",
      "GMNotes": "",
      "ColorDiffuse": {
        "r": 0.0,
        "g": 0.0,
        "b": 0.0
      },
      "Locked": false,
      "Grid": true,
      "Snap": true,
      "IgnoreFoW": false,
      "Autoraise": true,
      "Sticky": true,
      "Tooltip": true,
      "GridProjection": false,
      "HideWhenFaceDown": false,
      "Hands": false,
      "CustomMesh": {
        "MeshURL": "http://cloud-3.steamusercontent.com/ugc/781874689664690045/724D14359FBD68D16DEE65DC950BE010A30E1EB9/",
        "DiffuseURL": "http://cloud-3.steamusercontent.com/ugc/781874689664576405/CDF956A253AA6EB60EBF005CC093536A0C0B8FC1/",
        "NormalURL": "",
        "ColliderURL": "http://cloud-3.steamusercontent.com/ugc/785235625068021202/DE623BD66F73B5BAEA303E463D9ECB77B0FB1687/",
        "Convex": true,
        "MaterialIndex": 3,
        "TypeIndex": 1,
        "CustomShader": {
          "SpecularColor": {
            "r": 1.0,
            "g": 1.0,
            "b": 1.0
          },
          "SpecularIntensity": 0.0,
          "SpecularSharpness": 2.0,
          "FresnelStrength": 0.0
        },
        "CastShadows": true
      },
      "XmlUI": "",
      "LuaScript": "",
      "LuaScriptState": "",
      "GUID": "318585"
    },
    {
      "Name": "Custom_Model",
      "Transform": {
        "posX": -23.6249981,
        "posY": 0.9585794,
        "posZ": 7.87499952,
        "rotX": 1.11863517E-06,
        "rotY": 30.0052643,
        "rotZ": -1.15159241E-06,
        "scaleX": 0.775000155,
        "scaleY": 0.775000155,
        "scaleZ": 0.775000155
      },
      "Nickname": "Escher Ganger w/ Shock Whip",
      "Description": "",
      "GMNotes": "",
      "ColorDiffuse": {
        "r": 0.0,
        "g": 0.0,
        "b": 0.0
      },
      "Locked": false,
      "Grid": true,
      "Snap": false,
      "IgnoreFoW": false,
      "Autoraise": true,
      "Sticky": true,
      "Tooltip": true,
      "GridProjection": false,
      "HideWhenFaceDown": false,
      "Hands": false,
      "CustomMesh": {
        "MeshURL": "http://cloud-3.steamusercontent.com/ugc/781874689668887151/F7AFB03267EB7C9BEE167ED4AE3B364AE7E9D9CF/",
        "DiffuseURL": "http://cloud-3.steamusercontent.com/ugc/781874689668707376/5A11A61F1558523E10C398D92366684CAB88F997/",
        "NormalURL": "",
        "ColliderURL": "http://cloud-3.steamusercontent.com/ugc/785235625068021202/DE623BD66F73B5BAEA303E463D9ECB77B0FB1687/",
        "Convex": true,
        "MaterialIndex": 3,
        "TypeIndex": 1,
        "CustomShader": {
          "SpecularColor": {
            "r": 1.0,
            "g": 1.0,
            "b": 1.0
          },
          "SpecularIntensity": 0.0,
          "SpecularSharpness": 2.0,
          "FresnelStrength": 0.0
        },
        "CastShadows": true
      },
      "XmlUI": "",
      "LuaScript": "",
      "LuaScriptState": "",
      "GUID": "1dda3e"
    },
    {
      "Name": "Custom_Model",
      "Transform": {
        "posX": -25.7249985,
        "posY": 0.9585793,
        "posZ": 7.87499952,
        "rotX": -8.929403E-07,
        "rotY": -0.000749613333,
        "rotZ": -4.06144954E-06,
        "scaleX": 0.775000155,
        "scaleY": 0.775000155,
        "scaleZ": 0.775000155
      },
      "Nickname": "Escher Ganger w/ Nightshade Chem Thrower",
      "Description": "",
      "GMNotes": "",
      "ColorDiffuse": {
        "r": 0.0,
        "g": 0.0,
        "b": 0.0
      },
      "Locked": false,
      "Grid": true,
      "Snap": false,
      "IgnoreFoW": false,
      "Autoraise": true,
      "Sticky": true,
      "Tooltip": true,
      "GridProjection": false,
      "HideWhenFaceDown": false,
      "Hands": false,
      "CustomMesh": {
        "MeshURL": "http://cloud-3.steamusercontent.com/ugc/781874689669635311/6E15C43A57C33310034A2E73E1227CA3FFFB7E19/",
        "DiffuseURL": "http://cloud-3.steamusercontent.com/ugc/781874689669636788/6319A6263C698259DD0F9D81F34236D74CF90DAB/",
        "NormalURL": "",
        "ColliderURL": "http://cloud-3.steamusercontent.com/ugc/785235625068021202/DE623BD66F73B5BAEA303E463D9ECB77B0FB1687/",
        "Convex": true,
        "MaterialIndex": 3,
        "TypeIndex": 1,
        "CustomShader": {
          "SpecularColor": {
            "r": 1.0,
            "g": 1.0,
            "b": 1.0
          },
          "SpecularIntensity": 0.0,
          "SpecularSharpness": 2.0,
          "FresnelStrength": 0.0
        },
        "CastShadows": true
      },
      "XmlUI": "",
      "LuaScript": "",
      "LuaScriptState": "",
      "GUID": "6bce82"
    },
    {
      "Name": "Custom_Model",
      "Transform": {
        "posX": -24.6749973,
        "posY": 0.9585793,
        "posZ": 6.825,
        "rotX": 6.37225071E-07,
        "rotY": -0.00121748133,
        "rotZ": -1.84043358E-06,
        "scaleX": 0.775000155,
        "scaleY": 0.775000155,
        "scaleZ": 0.775000155
      },
      "Nickname": "Escher Leader w/ Assault Sniper Rifle",
      "Description": "",
      "GMNotes": "",
      "ColorDiffuse": {
        "r": 0.0,
        "g": 0.0,
        "b": 0.0
      },
      "Locked": false,
      "Grid": true,
      "Snap": false,
      "IgnoreFoW": false,
      "Autoraise": true,
      "Sticky": true,
      "Tooltip": true,
      "GridProjection": false,
      "HideWhenFaceDown": false,
      "Hands": false,
      "CustomMesh": {
        "MeshURL": "http://cloud-3.steamusercontent.com/ugc/781874855599706634/764CC6CC0AA206EDDF14586D868A4190E838A9EC/",
        "DiffuseURL": "http://cloud-3.steamusercontent.com/ugc/781874855599707074/24BAE9C864BDF319CB0996EE416A5E6701C512B3/",
        "NormalURL": "",
        "ColliderURL": "http://cloud-3.steamusercontent.com/ugc/785235625068021202/DE623BD66F73B5BAEA303E463D9ECB77B0FB1687/",
        "Convex": true,
        "MaterialIndex": 3,
        "TypeIndex": 1,
        "CustomShader": {
          "SpecularColor": {
            "r": 1.0,
            "g": 1.0,
            "b": 1.0
          },
          "SpecularIntensity": 0.0,
          "SpecularSharpness": 2.0,
          "FresnelStrength": 0.0
        },
        "CastShadows": true
      },
      "XmlUI": "",
      "LuaScript": "",
      "LuaScriptState": "",
      "GUID": "3439a9"
    },
    {
      "Name": "Custom_Model",
      "Transform": {
        "posX": -19.9499989,
        "posY": 0.957708657,
        "posZ": 8.4,
        "rotX": -5.58641034E-07,
        "rotY": 0.0276076254,
        "rotZ": -2.32599859E-06,
        "scaleX": 1.24999976,
        "scaleY": 1.24999976,
        "scaleZ": 1.24999976
      },
      "Nickname": "2/2 Goliath Ganger w/ 2x Grenade Launcher",
      "Description": "",
      "GMNotes": "",
      "ColorDiffuse": {
        "r": 0.0,
        "g": 0.0,
        "b": 0.0
      },
      "Locked": false,
      "Grid": true,
      "Snap": true,
      "IgnoreFoW": false,
      "Autoraise": true,
      "Sticky": true,
      "Tooltip": true,
      "GridProjection": false,
      "HideWhenFaceDown": false,
      "Hands": false,
      "CustomMesh": {
        "MeshURL": "http://cloud-3.steamusercontent.com/ugc/781875624742072603/7644635573E318021E96C3A46F54E2A7DAA21229/",
        "DiffuseURL": "http://cloud-3.steamusercontent.com/ugc/781875624742057332/4482EC9DB50B05641F675D415A3435D91B73270C/",
        "NormalURL": "",
        "ColliderURL": "http://cloud-3.steamusercontent.com/ugc/785235625068021202/DE623BD66F73B5BAEA303E463D9ECB77B0FB1687/",
        "Convex": true,
        "MaterialIndex": 3,
        "TypeIndex": 1,
        "CustomShader": {
          "SpecularColor": {
            "r": 1.0,
            "g": 1.0,
            "b": 1.0
          },
          "SpecularIntensity": 0.0,
          "SpecularSharpness": 2.0,
          "FresnelStrength": 0.0
        },
        "CastShadows": true
      },
      "XmlUI": "",
      "LuaScript": "",
      "LuaScriptState": "",
      "GUID": "5bacc1"
    },
    {
      "Name": "Custom_Model",
      "Transform": {
        "posX": -17.8499985,
        "posY": 0.957708657,
        "posZ": 8.4,
        "rotX": 2.45066485E-06,
        "rotY": 0.02711073,
        "rotZ": -1.55946066E-06,
        "scaleX": 1.24999976,
        "scaleY": 1.24999976,
        "scaleZ": 1.24999976
      },
      "Nickname": "2/2 Goliath Ganger w/ Paired Pulverizers",
      "Description": "",
      "GMNotes": "",
      "ColorDiffuse": {
        "r": 0.0,
        "g": 0.0,
        "b": 0.0
      },
      "Locked": false,
      "Grid": true,
      "Snap": true,
      "IgnoreFoW": false,
      "Autoraise": true,
      "Sticky": true,
      "Tooltip": true,
      "GridProjection": false,
      "HideWhenFaceDown": false,
      "Hands": false,
      "CustomMesh": {
        "MeshURL": "http://cloud-3.steamusercontent.com/ugc/781875624742094611/864C0A748D969473364E615488FEF3F600BAC7D5/",
        "DiffuseURL": "http://cloud-3.steamusercontent.com/ugc/781875624742057332/4482EC9DB50B05641F675D415A3435D91B73270C/",
        "NormalURL": "",
        "ColliderURL": "http://cloud-3.steamusercontent.com/ugc/785235625068021202/DE623BD66F73B5BAEA303E463D9ECB77B0FB1687/",
        "Convex": true,
        "MaterialIndex": 3,
        "TypeIndex": 1,
        "CustomShader": {
          "SpecularColor": {
            "r": 1.0,
            "g": 1.0,
            "b": 1.0
          },
          "SpecularIntensity": 0.0,
          "SpecularSharpness": 2.0,
          "FresnelStrength": 0.0
        },
        "CastShadows": true
      },
      "XmlUI": "",
      "LuaScript": "",
      "LuaScriptState": "",
      "GUID": "de6d71"
    },
    {
      "Name": "Custom_Tile",
      "Transform": {
        "posX": -12.1318026,
        "posY": 0.9600003,
        "posZ": -12.2732449,
        "rotX": -4.11029646E-08,
        "rotY": 180.027267,
        "rotZ": 3.36691954E-08,
        "scaleX": 6.05981874,
        "scaleY": 1.0,
        "scaleZ": 6.05981874
      },
      "Nickname": "",
      "Description": "",
      "GMNotes": "",
      "ColorDiffuse": {
        "r": 1.0,
        "g": 1.0,
        "b": 1.0
      },
      "Locked": true,
      "Grid": false,
      "Snap": false,
      "IgnoreFoW": false,
      "Autoraise": true,
      "Sticky": true,
      "Tooltip": true,
      "GridProjection": false,
      "HideWhenFaceDown": false,
      "Hands": false,
      "CustomImage": {
        "ImageURL": "http://cloud-3.steamusercontent.com/ugc/158029653789935724/C219CA23807685A32E0EBD0521D34664E533D165/",
        "ImageSecondaryURL": "",
        "ImageScalar": 1.0,
        "WidthScale": 0.0,
        "CustomTile": {
          "Type": 0,
          "Thickness": 0.2,
          "Stackable": false,
          "Stretch": true
        }
      },
      "XmlUI": "",
      "LuaScript": "",
      "LuaScriptState": "",
      "GUID": "135aff"
    },
    {
      "Name": "Custom_Model",
      "Transform": {
        "posX": 5.77499962,
        "posY": 0.9585794,
        "posZ": 6.825,
        "rotX": -6.31833063E-06,
        "rotY": 5.97641556E-05,
        "rotZ": -2.99973544E-06,
        "scaleX": 0.775000155,
        "scaleY": 0.775000155,
        "scaleZ": 0.775000155
      },
      "Nickname": "Van Saar Leader w/ Plasma Gun",
      "Description": "",
      "GMNotes": "",
      "ColorDiffuse": {
        "r": 0.0,
        "g": 0.0,
        "b": 0.0
      },
      "Locked": false,
      "Grid": true,
      "Snap": false,
      "IgnoreFoW": false,
      "Autoraise": true,
      "Sticky": true,
      "Tooltip": true,
      "GridProjection": false,
      "HideWhenFaceDown": false,
      "Hands": false,
      "CustomMesh": {
        "MeshURL": "http://cloud-3.steamusercontent.com/ugc/781875786868184903/32254C5C9A6F1137864E8EF6CDB49507BE6D0A83/",
        "DiffuseURL": "http://cloud-3.steamusercontent.com/ugc/781875786868185347/27958EC0C9B080239F3758D8D66C3F76A2FC7300/",
        "NormalURL": "",
        "ColliderURL": "http://cloud-3.steamusercontent.com/ugc/785235625068021202/DE623BD66F73B5BAEA303E463D9ECB77B0FB1687/",
        "Convex": true,
        "MaterialIndex": 3,
        "TypeIndex": 1,
        "CustomShader": {
          "SpecularColor": {
            "r": 1.0,
            "g": 1.0,
            "b": 1.0
          },
          "SpecularIntensity": 0.0,
          "SpecularSharpness": 2.0,
          "FresnelStrength": 0.0
        },
        "CastShadows": true
      },
      "XmlUI": "",
      "LuaScript": "",
      "LuaScriptState": "",
      "GUID": "febe1a"
    },
    {
      "Name": "Custom_Model",
      "Transform": {
        "posX": 4.72499943,
        "posY": 0.958579361,
        "posZ": 7.875,
        "rotX": -2.54848283E-06,
        "rotY": 29.9998379,
        "rotZ": 9.445772E-07,
        "scaleX": 0.775000155,
        "scaleY": 0.775000155,
        "scaleZ": 0.775000155
      },
      "Nickname": "Van Saar Ganger w/ Rad Cannon",
      "Description": "",
      "GMNotes": "",
      "ColorDiffuse": {
        "r": 0.0,
        "g": 0.0,
        "b": 0.0
      },
      "Locked": false,
      "Grid": true,
      "Snap": false,
      "IgnoreFoW": false,
      "Autoraise": true,
      "Sticky": true,
      "Tooltip": true,
      "GridProjection": false,
      "HideWhenFaceDown": false,
      "Hands": false,
      "CustomMesh": {
        "MeshURL": "http://cloud-3.steamusercontent.com/ugc/781875867630231937/C598BB033382BDF3A074D258E16FC4B45BB884AD/",
        "DiffuseURL": "http://cloud-3.steamusercontent.com/ugc/781875867630232404/18B949082462CFB2B90D2F1E85ECB524D5D55594/",
        "NormalURL": "",
        "ColliderURL": "http://cloud-3.steamusercontent.com/ugc/785235625068021202/DE623BD66F73B5BAEA303E463D9ECB77B0FB1687/",
        "Convex": true,
        "MaterialIndex": 3,
        "TypeIndex": 1,
        "CustomShader": {
          "SpecularColor": {
            "r": 1.0,
            "g": 1.0,
            "b": 1.0
          },
          "SpecularIntensity": 0.0,
          "SpecularSharpness": 2.0,
          "FresnelStrength": 0.0
        },
        "CastShadows": true
      },
      "XmlUI": "",
      "LuaScript": "",
      "LuaScriptState": "",
      "GUID": "113bb8"
    },
    {
      "Name": "Custom_Model",
      "Transform": {
        "posX": 6.825,
        "posY": 0.9585791,
        "posZ": 7.87499952,
        "rotX": -1.43560715E-06,
        "rotY": 0.0007205849,
        "rotZ": -3.26181362E-06,
        "scaleX": 0.775000155,
        "scaleY": 0.775000155,
        "scaleZ": 0.775000155
      },
      "Nickname": "Van Saar Ganger w/ 2x Plasma Pistol",
      "Description": "",
      "GMNotes": "",
      "ColorDiffuse": {
        "r": 0.0,
        "g": 0.0,
        "b": 0.0
      },
      "Locked": false,
      "Grid": true,
      "Snap": false,
      "IgnoreFoW": false,
      "Autoraise": true,
      "Sticky": true,
      "Tooltip": true,
      "GridProjection": false,
      "HideWhenFaceDown": false,
      "Hands": false,
      "CustomMesh": {
        "MeshURL": "http://cloud-3.steamusercontent.com/ugc/781875933862893877/D914053947DEFCD423FB7C4454D168DFF0BB5C43/",
        "DiffuseURL": "http://cloud-3.steamusercontent.com/ugc/781875933862895400/E7FC2E025332DFC1B23B3400653265742B0C2D9A/",
        "NormalURL": "",
        "ColliderURL": "http://cloud-3.steamusercontent.com/ugc/785235625068021202/DE623BD66F73B5BAEA303E463D9ECB77B0FB1687/",
        "Convex": true,
        "MaterialIndex": 3,
        "TypeIndex": 1,
        "CustomShader": {
          "SpecularColor": {
            "r": 1.0,
            "g": 1.0,
            "b": 1.0
          },
          "SpecularIntensity": 0.0,
          "SpecularSharpness": 2.0,
          "FresnelStrength": 0.0
        },
        "CastShadows": true
      },
      "XmlUI": "",
      "LuaScript": "",
      "LuaScriptState": "",
      "GUID": "c38237"
    },
    {
      "Name": "Custom_Model",
      "Transform": {
        "posX": 12.075,
        "posY": 0.9581669,
        "posZ": 7.87499952,
        "rotX": 1.00838372E-06,
        "rotY": -0.00436961325,
        "rotZ": -3.25121323E-06,
        "scaleX": 1.0,
        "scaleY": 1.0,
        "scaleZ": 1.0
      },
      "Nickname": "Palanite Subjugator w/ Shock Baton & Assault Shield",
      "Description": "",
      "GMNotes": "",
      "ColorDiffuse": {
        "r": 0.0,
        "g": 0.0,
        "b": 0.0
      },
      "Locked": false,
      "Grid": true,
      "Snap": true,
      "IgnoreFoW": false,
      "Autoraise": true,
      "Sticky": true,
      "Tooltip": true,
      "GridProjection": false,
      "HideWhenFaceDown": false,
      "Hands": false,
      "CustomMesh": {
        "MeshURL": "http://cloud-3.steamusercontent.com/ugc/781876320996314534/94C6EED3EF63448C75CE60CE6AA27B7968AC864D/",
        "DiffuseURL": "http://cloud-3.steamusercontent.com/ugc/781876320996315161/04544BA288573B831574FA32C66AA9797050C226/",
        "NormalURL": "",
        "ColliderURL": "http://cloud-3.steamusercontent.com/ugc/785235625068021202/DE623BD66F73B5BAEA303E463D9ECB77B0FB1687/",
        "Convex": true,
        "MaterialIndex": 3,
        "TypeIndex": 1,
        "CustomShader": {
          "SpecularColor": {
            "r": 1.0,
            "g": 1.0,
            "b": 1.0
          },
          "SpecularIntensity": 0.0,
          "SpecularSharpness": 2.0,
          "FresnelStrength": 0.0
        },
        "CastShadows": true
      },
      "XmlUI": "",
      "LuaScript": "",
      "LuaScriptState": "",
      "GUID": "14059b"
    },
    {
      "Name": "Custom_Model",
      "Transform": {
        "posX": 11.025,
        "posY": 0.958166957,
        "posZ": 6.825,
        "rotX": -9.397906E-07,
        "rotY": 359.99408,
        "rotZ": -3.18671027E-06,
        "scaleX": 1.0,
        "scaleY": 1.0,
        "scaleZ": 1.0
      },
      "Nickname": "Palanite Subjugator Captain w/ Stub Gun & Assault Shield",
      "Description": "",
      "GMNotes": "",
      "ColorDiffuse": {
        "r": 0.0,
        "g": 0.0,
        "b": 0.0
      },
      "Locked": false,
      "Grid": true,
      "Snap": true,
      "IgnoreFoW": false,
      "Autoraise": true,
      "Sticky": true,
      "Tooltip": true,
      "GridProjection": false,
      "HideWhenFaceDown": false,
      "Hands": false,
      "CustomMesh": {
        "MeshURL": "http://cloud-3.steamusercontent.com/ugc/781876320996521345/4EA044C1E6A1B9B706CA8FB358B4B23AAC955978/",
        "DiffuseURL": "http://cloud-3.steamusercontent.com/ugc/781876320996315161/04544BA288573B831574FA32C66AA9797050C226/",
        "NormalURL": "",
        "ColliderURL": "http://cloud-3.steamusercontent.com/ugc/785235625068021202/DE623BD66F73B5BAEA303E463D9ECB77B0FB1687/",
        "Convex": true,
        "MaterialIndex": 3,
        "TypeIndex": 1,
        "CustomShader": {
          "SpecularColor": {
            "r": 1.0,
            "g": 1.0,
            "b": 1.0
          },
          "SpecularIntensity": 0.0,
          "SpecularSharpness": 2.0,
          "FresnelStrength": 0.0
        },
        "CastShadows": true
      },
      "XmlUI": "",
      "LuaScript": "",
      "LuaScriptState": "",
      "GUID": "639512"
    },
    {
      "Name": "Custom_Model",
      "Transform": {
        "posX": 9.974999,
        "posY": 0.958166957,
        "posZ": 7.87499952,
        "rotX": 3.290874E-07,
        "rotY": 0.0252460875,
        "rotZ": -1.60274487E-06,
        "scaleX": 1.0,
        "scaleY": 1.0,
        "scaleZ": 1.0
      },
      "Nickname": "Palanite Subjugator w/ SLHG Pattern Assault Ram",
      "Description": "",
      "GMNotes": "",
      "ColorDiffuse": {
        "r": 0.0,
        "g": 0.0,
        "b": 0.0
      },
      "Locked": false,
      "Grid": true,
      "Snap": true,
      "IgnoreFoW": false,
      "Autoraise": true,
      "Sticky": true,
      "Tooltip": true,
      "GridProjection": false,
      "HideWhenFaceDown": false,
      "Hands": false,
      "CustomMesh": {
        "MeshURL": "http://cloud-3.steamusercontent.com/ugc/781876320996586318/A044F783A8AA1922AF69DB3A759596B49797D949/",
        "DiffuseURL": "http://cloud-3.steamusercontent.com/ugc/781876320996315161/04544BA288573B831574FA32C66AA9797050C226/",
        "NormalURL": "",
        "ColliderURL": "http://cloud-3.steamusercontent.com/ugc/785235625068021202/DE623BD66F73B5BAEA303E463D9ECB77B0FB1687/",
        "Convex": true,
        "MaterialIndex": 3,
        "TypeIndex": 1,
        "CustomShader": {
          "SpecularColor": {
            "r": 1.0,
            "g": 1.0,
            "b": 1.0
          },
          "SpecularIntensity": 0.0,
          "SpecularSharpness": 2.0,
          "FresnelStrength": 0.0
        },
        "CastShadows": true
      },
      "XmlUI": "",
      "LuaScript": "",
      "LuaScriptState": "",
      "GUID": "4ba6eb"
    },
    {
      "Name": "Custom_Model",
      "Transform": {
        "posX": -12.075,
        "posY": 0.9599999,
        "posZ": 7.87499952,
        "rotX": 2.10555686E-06,
        "rotY": 90.01204,
        "rotZ": -3.618591E-07,
        "scaleX": 1.0,
        "scaleY": 1.0,
        "scaleZ": 1.0
      },
      "Nickname": "Cawdor Ganger w/ Heavy Crossbow",
      "Description": "",
      "GMNotes": "",
      "ColorDiffuse": {
        "r": 0.848432064,
        "g": 0.848432064,
        "b": 0.848432064
      },
      "Locked": false,
      "Grid": true,
      "Snap": true,
      "IgnoreFoW": false,
      "Autoraise": true,
      "Sticky": true,
      "Tooltip": true,
      "GridProjection": false,
      "HideWhenFaceDown": false,
      "Hands": false,
      "CustomMesh": {
        "MeshURL": "http://cloud-3.steamusercontent.com/ugc/771743400539171767/1AD1FAA71153B158C7C8BF8264A9298AFBE28D32/",
        "DiffuseURL": "http://cloud-3.steamusercontent.com/ugc/771743400539171412/AB0040BA382140417AE001E79EE9C3EDA2371BF6/",
        "NormalURL": "",
        "ColliderURL": "http://cloud-3.steamusercontent.com/ugc/952982844374275974/CD16ABEBCD9629BAC7E4420D5DCC44D92C2586DD/",
        "Convex": true,
        "MaterialIndex": 3,
        "TypeIndex": 1,
        "CustomShader": {
          "SpecularColor": {
            "r": 1.0,
            "g": 1.0,
            "b": 1.0
          },
          "SpecularIntensity": 0.0,
          "SpecularSharpness": 2.0,
          "FresnelStrength": 0.0
        },
        "CastShadows": true
      },
      "XmlUI": "",
      "LuaScript": "",
      "LuaScriptState": "",
      "GUID": "b664c8"
    },
    {
      "Name": "Custom_Model",
      "Transform": {
        "posX": -3.675,
        "posY": 0.960000038,
        "posZ": 7.87499952,
        "rotX": 1.97994268E-06,
        "rotY": 195.0004,
        "rotZ": 2.78592483E-06,
        "scaleX": 1.0,
        "scaleY": 1.0,
        "scaleZ": 1.0
      },
      "Nickname": "Delaque Ganger w/ Shotgun",
      "Description": "",
      "GMNotes": "",
      "ColorDiffuse": {
        "r": 0.848432064,
        "g": 0.848432064,
        "b": 0.848432064
      },
      "Locked": false,
      "Grid": true,
      "Snap": true,
      "IgnoreFoW": false,
      "Autoraise": true,
      "Sticky": true,
      "Tooltip": true,
      "GridProjection": false,
      "HideWhenFaceDown": false,
      "Hands": false,
      "CustomMesh": {
        "MeshURL": "http://cloud-3.steamusercontent.com/ugc/771743400539171114/4336B63C6E1E45551087A57D3818E9F32EDFA21D/",
        "DiffuseURL": "http://cloud-3.steamusercontent.com/ugc/771743400539170818/1309A398DD2CF546B5F1784A2659B3C403491FE7/",
        "NormalURL": "",
        "ColliderURL": "http://cloud-3.steamusercontent.com/ugc/952982844374275974/CD16ABEBCD9629BAC7E4420D5DCC44D92C2586DD/",
        "Convex": true,
        "MaterialIndex": 3,
        "TypeIndex": 1,
        "CustomShader": {
          "SpecularColor": {
            "r": 1.0,
            "g": 1.0,
            "b": 1.0
          },
          "SpecularIntensity": 0.0,
          "SpecularSharpness": 2.0,
          "FresnelStrength": 0.0
        },
        "CastShadows": true
      },
      "XmlUI": "",
      "LuaScript": "",
      "LuaScriptState": "",
      "GUID": "b56982"
    },
    {
      "Name": "Custom_Model",
      "Transform": {
        "posX": -5.77499962,
        "posY": 0.960000038,
        "posZ": 7.875,
        "rotX": -1.21597691E-06,
        "rotY": 269.992828,
        "rotZ": -4.43266435E-06,
        "scaleX": 1.0,
        "scaleY": 1.0,
        "scaleZ": 1.0
      },
      "Nickname": "Delaque Ganger w/ Webber",
      "Description": "",
      "GMNotes": "",
      "ColorDiffuse": {
        "r": 0.848432064,
        "g": 0.848432064,
        "b": 0.848432064
      },
      "Locked": false,
      "Grid": true,
      "Snap": true,
      "IgnoreFoW": false,
      "Autoraise": true,
      "Sticky": true,
      "Tooltip": true,
      "GridProjection": false,
      "HideWhenFaceDown": false,
      "Hands": false,
      "CustomMesh": {
        "MeshURL": "http://cloud-3.steamusercontent.com/ugc/771743400539170540/25AADBAD93BEC8682F25EE274FBA63B9B9AAC854/",
        "DiffuseURL": "http://cloud-3.steamusercontent.com/ugc/771743400539170187/C007027DC4A5B877D23291C90090331664F89D33/",
        "NormalURL": "",
        "ColliderURL": "http://cloud-3.steamusercontent.com/ugc/952982844374275974/CD16ABEBCD9629BAC7E4420D5DCC44D92C2586DD/",
        "Convex": true,
        "MaterialIndex": 3,
        "TypeIndex": 1,
        "CustomShader": {
          "SpecularColor": {
            "r": 1.0,
            "g": 1.0,
            "b": 1.0
          },
          "SpecularIntensity": 0.0,
          "SpecularSharpness": 2.0,
          "FresnelStrength": 0.0
        },
        "CastShadows": true
      },
      "XmlUI": "",
      "LuaScript": "",
      "LuaScriptState": "",
      "GUID": "752e99"
    },
    {
      "Name": "Custom_Model",
      "Transform": {
        "posX": -4.725,
        "posY": 0.9599997,
        "posZ": 6.825,
        "rotX": 5.68836867E-06,
        "rotY": 105.001289,
        "rotZ": 7.68696339E-07,
        "scaleX": 1.0,
        "scaleY": 1.0,
        "scaleZ": 1.0
      },
      "Nickname": "Delaque Leader w/ Longrifle",
      "Description": "",
      "GMNotes": "",
      "ColorDiffuse": {
        "r": 0.848432064,
        "g": 0.848432064,
        "b": 0.848432064
      },
      "Locked": false,
      "Grid": true,
      "Snap": true,
      "IgnoreFoW": false,
      "Autoraise": true,
      "Sticky": true,
      "Tooltip": true,
      "GridProjection": false,
      "HideWhenFaceDown": false,
      "Hands": false,
      "CustomMesh": {
        "MeshURL": "http://cloud-3.steamusercontent.com/ugc/771743400539169948/286CF33DDA1F8F5A381C099F89B9DFD0DF1C177F/",
        "DiffuseURL": "http://cloud-3.steamusercontent.com/ugc/771743400539169663/4370A513074204F8352EE9ED0802DC339DF1AC0B/",
        "NormalURL": "",
        "ColliderURL": "http://cloud-3.steamusercontent.com/ugc/952982844374275974/CD16ABEBCD9629BAC7E4420D5DCC44D92C2586DD/",
        "Convex": true,
        "MaterialIndex": 3,
        "TypeIndex": 1,
        "CustomShader": {
          "SpecularColor": {
            "r": 1.0,
            "g": 1.0,
            "b": 1.0
          },
          "SpecularIntensity": 0.0,
          "SpecularSharpness": 2.0,
          "FresnelStrength": 0.0
        },
        "CastShadows": true
      },
      "XmlUI": "",
      "LuaScript": "",
      "LuaScriptState": "",
      "GUID": "a54657"
    },
    {
      "Name": "Custom_Model",
      "Transform": {
        "posX": -9.974999,
        "posY": 0.9599998,
        "posZ": 7.87499952,
        "rotX": -1.49417565E-06,
        "rotY": 90.01107,
        "rotZ": 1.87308126E-06,
        "scaleX": 1.0,
        "scaleY": 1.0,
        "scaleZ": 1.0
      },
      "Nickname": "Cawdor Ganger w/ Autogun",
      "Description": "",
      "GMNotes": "",
      "ColorDiffuse": {
        "r": 0.848432064,
        "g": 0.848432064,
        "b": 0.848432064
      },
      "Locked": false,
      "Grid": true,
      "Snap": true,
      "IgnoreFoW": false,
      "Autoraise": true,
      "Sticky": true,
      "Tooltip": true,
      "GridProjection": false,
      "HideWhenFaceDown": false,
      "Hands": false,
      "CustomMesh": {
        "MeshURL": "http://cloud-3.steamusercontent.com/ugc/771743400539176099/0F3A16501D0D08841742A50F7253EBD10E039A3B/",
        "DiffuseURL": "http://cloud-3.steamusercontent.com/ugc/771743400539175817/52CD3BC342BEB219F939A2991BEF1D6503E9B4F2/",
        "NormalURL": "",
        "ColliderURL": "http://cloud-3.steamusercontent.com/ugc/952982844374275974/CD16ABEBCD9629BAC7E4420D5DCC44D92C2586DD/",
        "Convex": true,
        "MaterialIndex": 3,
        "TypeIndex": 1,
        "CustomShader": {
          "SpecularColor": {
            "r": 1.0,
            "g": 1.0,
            "b": 1.0
          },
          "SpecularIntensity": 0.0,
          "SpecularSharpness": 2.0,
          "FresnelStrength": 0.0
        },
        "CastShadows": true
      },
      "XmlUI": "",
      "LuaScript": "",
      "LuaScriptState": "",
      "GUID": "cbf9f5"
    },
    {
      "Name": "Custom_Model",
      "Transform": {
        "posX": -11.025,
        "posY": 0.9599999,
        "posZ": 6.82499933,
        "rotX": -1.46961028E-07,
        "rotY": 164.999481,
        "rotZ": 8.72649252E-07,
        "scaleX": 1.0,
        "scaleY": 1.0,
        "scaleZ": 1.0
      },
      "Nickname": "Cawdor Leader w/ Inferno Pistol + Cult of the Redemption Icon",
      "Description": "",
      "GMNotes": "",
      "ColorDiffuse": {
        "r": 0.848432064,
        "g": 0.848432064,
        "b": 0.848432064
      },
      "Locked": false,
      "Grid": true,
      "Snap": true,
      "IgnoreFoW": false,
      "Autoraise": true,
      "Sticky": true,
      "Tooltip": true,
      "GridProjection": false,
      "HideWhenFaceDown": false,
      "Hands": false,
      "CustomMesh": {
        "MeshURL": "http://cloud-3.steamusercontent.com/ugc/771743400539173128/AC69DF8E144160B8D19869D1F9DCC0E26302378C/",
        "DiffuseURL": "http://cloud-3.steamusercontent.com/ugc/771743400539172011/B301BC4926E93EB8E449791B7B9746C565993E95/",
        "NormalURL": "",
        "ColliderURL": "http://cloud-3.steamusercontent.com/ugc/952982844374275974/CD16ABEBCD9629BAC7E4420D5DCC44D92C2586DD/",
        "Convex": true,
        "MaterialIndex": 3,
        "TypeIndex": 1,
        "CustomShader": {
          "SpecularColor": {
            "r": 1.0,
            "g": 1.0,
            "b": 1.0
          },
          "SpecularIntensity": 0.0,
          "SpecularSharpness": 2.0,
          "FresnelStrength": 0.0
        },
        "CastShadows": true
      },
      "XmlUI": "",
      "LuaScript": "",
      "LuaScriptState": "",
      "GUID": "345fa0"
    },
    {
      "Name": "Custom_Model",
      "Transform": {
        "posX": -12.075,
        "posY": 0.9599999,
        "posZ": 6.825001,
        "rotX": 1.19304366E-06,
        "rotY": 0.0262998547,
        "rotZ": 2.7916783E-06,
        "scaleX": 0.7750002,
        "scaleY": 0.7750002,
        "scaleZ": 0.7750002
      },
      "Nickname": "Cawdor Bomb Delivery Rat",
      "Description": "",
      "GMNotes": "",
      "ColorDiffuse": {
        "r": 0.0,
        "g": 0.0,
        "b": 0.0
      },
      "Locked": false,
      "Grid": true,
      "Snap": true,
      "IgnoreFoW": false,
      "Autoraise": true,
      "Sticky": true,
      "Tooltip": true,
      "GridProjection": false,
      "HideWhenFaceDown": false,
      "Hands": false,
      "CustomMesh": {
        "MeshURL": "http://cloud-3.steamusercontent.com/ugc/783003020033490252/668BBFDA3411A3B623D996E3620CDDFDAA96F4FA/",
        "DiffuseURL": "http://cloud-3.steamusercontent.com/ugc/783003020033490773/39A8A1B5696AC7FDA2D8495BAE9C2941890B3702/",
        "NormalURL": "",
        "ColliderURL": "http://cloud-3.steamusercontent.com/ugc/952982844374275974/CD16ABEBCD9629BAC7E4420D5DCC44D92C2586DD/",
        "Convex": true,
        "MaterialIndex": 3,
        "TypeIndex": 1,
        "CustomShader": {
          "SpecularColor": {
            "r": 1.0,
            "g": 1.0,
            "b": 1.0
          },
          "SpecularIntensity": 0.0,
          "SpecularSharpness": 2.0,
          "FresnelStrength": 0.0
        },
        "CastShadows": true
      },
      "XmlUI": "",
      "LuaScript": "",
      "LuaScriptState": "",
      "GUID": "ba3f9c"
    },
    {
      "Name": "Custom_PDF",
      "Transform": {
        "posX": -1.20574185E-07,
        "posY": 0.960000336,
        "posZ": -5.03942132E-08,
        "rotX": -1.58164859E-08,
        "rotY": 179.9957,
        "rotZ": 1.65698637E-08,
        "scaleX": 1.64563763,
        "scaleY": 1.0,
        "scaleZ": 1.64563763
      },
      "Nickname": "Index Mercenaries BETA",
      "Description": "",
      "GMNotes": "",
      "ColorDiffuse": {
        "r": 1.0,
        "g": 1.0,
        "b": 1.0
      },
      "Locked": false,
      "Grid": true,
      "Snap": true,
      "IgnoreFoW": false,
      "Autoraise": true,
      "Sticky": true,
      "Tooltip": true,
      "GridProjection": false,
      "HideWhenFaceDown": false,
      "Hands": false,
      "CustomPDF": {
        "PDFUrl": "http://cloud-3.steamusercontent.com/ugc/783003426617420846/800DB8EBE430262C449EEDE75229142F32373188/",
        "PDFPassword": "",
        "PDFPage": 0,
        "PDFPageOffset": 0
      },
      "XmlUI": "",
      "LuaScript": "",
      "LuaScriptState": "",
      "GUID": "fbf2e7"
    },
    {
      "Name": "Custom_Model",
      "Transform": {
        "posX": -0.525014341,
        "posY": 0.9599999,
        "posZ": 7.874997,
        "rotX": 1.743171E-07,
        "rotY": 270.0004,
        "rotZ": -1.14467332E-06,
        "scaleX": 1.0,
        "scaleY": 1.0,
        "scaleZ": 1.0
      },
      "Nickname": " Orlock Ganger w/ Harpoon Launcher",
      "Description": "",
      "GMNotes": "",
      "ColorDiffuse": {
        "r": 0.848432064,
        "g": 0.848432064,
        "b": 0.848432064
      },
      "Locked": false,
      "Grid": true,
      "Snap": true,
      "IgnoreFoW": false,
      "Autoraise": true,
      "Sticky": true,
      "Tooltip": true,
      "GridProjection": false,
      "HideWhenFaceDown": false,
      "Hands": false,
      "CustomMesh": {
        "MeshURL": "http://cloud-3.steamusercontent.com/ugc/773996469178797509/ACAC1504F8B80479BEC4901DBD2343A7AE658A12/",
        "DiffuseURL": "http://cloud-3.steamusercontent.com/ugc/773996469178797012/FDF710ADC1980A326ECD336CD66CF3846BA3A89B/",
        "NormalURL": "",
        "ColliderURL": "http://cloud-3.steamusercontent.com/ugc/952982844374275974/CD16ABEBCD9629BAC7E4420D5DCC44D92C2586DD/",
        "Convex": true,
        "MaterialIndex": 3,
        "TypeIndex": 1,
        "CustomShader": {
          "SpecularColor": {
            "r": 1.0,
            "g": 1.0,
            "b": 1.0
          },
          "SpecularIntensity": 0.0,
          "SpecularSharpness": 2.0,
          "FresnelStrength": 0.0
        },
        "CastShadows": true
      },
      "XmlUI": "",
      "LuaScript": "",
      "LuaScriptState": "",
      "GUID": "59202f"
    },
    {
      "Name": "Custom_Model",
      "Transform": {
        "posX": 0.5250001,
        "posY": 0.9599999,
        "posZ": 6.825,
        "rotX": 1.112089E-06,
        "rotY": 74.99909,
        "rotZ": -8.612561E-07,
        "scaleX": 1.0,
        "scaleY": 1.0,
        "scaleZ": 1.0
      },
      "Nickname": " Orlock Leader w/ Heavy Bolt Pistol + Power Fist",
      "Description": "",
      "GMNotes": "",
      "ColorDiffuse": {
        "r": 0.848432064,
        "g": 0.848432064,
        "b": 0.848432064
      },
      "Locked": false,
      "Grid": true,
      "Snap": true,
      "IgnoreFoW": false,
      "Autoraise": true,
      "Sticky": true,
      "Tooltip": true,
      "GridProjection": false,
      "HideWhenFaceDown": false,
      "Hands": false,
      "CustomMesh": {
        "MeshURL": "http://cloud-3.steamusercontent.com/ugc/773996469178800273/D1F1EE1CF73312127B4C9743EB7CB1A56A378A45/",
        "DiffuseURL": "http://cloud-3.steamusercontent.com/ugc/773996469178800011/28D51B67213DA2C8541BAE87E8D565970ADE762B/",
        "NormalURL": "",
        "ColliderURL": "http://cloud-3.steamusercontent.com/ugc/952982844374275974/CD16ABEBCD9629BAC7E4420D5DCC44D92C2586DD/",
        "Convex": true,
        "MaterialIndex": 3,
        "TypeIndex": 1,
        "CustomShader": {
          "SpecularColor": {
            "r": 1.0,
            "g": 1.0,
            "b": 1.0
          },
          "SpecularIntensity": 0.0,
          "SpecularSharpness": 2.0,
          "FresnelStrength": 0.0
        },
        "CastShadows": true
      },
      "XmlUI": "",
      "LuaScript": "",
      "LuaScriptState": "",
      "GUID": "c10faf"
    },
    {
      "Name": "Custom_Model",
      "Transform": {
        "posX": 1.57499993,
        "posY": 0.9599999,
        "posZ": 7.87499952,
        "rotX": 4.944748E-06,
        "rotY": 239.976257,
        "rotZ": -9.904498E-07,
        "scaleX": 1.0,
        "scaleY": 1.0,
        "scaleZ": 1.0
      },
      "Nickname": " Orlock Ganger w/ Heavy Bolter",
      "Description": "",
      "GMNotes": "",
      "ColorDiffuse": {
        "r": 0.848432064,
        "g": 0.848432064,
        "b": 0.848432064
      },
      "Locked": false,
      "Grid": true,
      "Snap": true,
      "IgnoreFoW": false,
      "Autoraise": true,
      "Sticky": true,
      "Tooltip": true,
      "GridProjection": false,
      "HideWhenFaceDown": false,
      "Hands": false,
      "CustomMesh": {
        "MeshURL": "http://cloud-3.steamusercontent.com/ugc/773996469178799300/1717C522C83C0609F5BF0290EB5BE37BEF4146F0/",
        "DiffuseURL": "http://cloud-3.steamusercontent.com/ugc/773996469178798917/0939E66B723D67C886CB5A187D546D093D65AFEC/",
        "NormalURL": "",
        "ColliderURL": "http://cloud-3.steamusercontent.com/ugc/952982844374275974/CD16ABEBCD9629BAC7E4420D5DCC44D92C2586DD/",
        "Convex": true,
        "MaterialIndex": 3,
        "TypeIndex": 1,
        "CustomShader": {
          "SpecularColor": {
            "r": 1.0,
            "g": 1.0,
            "b": 1.0
          },
          "SpecularIntensity": 0.0,
          "SpecularSharpness": 2.0,
          "FresnelStrength": 0.0
        },
        "CastShadows": true
      },
      "XmlUI": "",
      "LuaScript": "",
      "LuaScriptState": "",
      "GUID": "b2fba4"
    },
    {
      "Name": "Custom_Model",
      "Transform": {
        "posX": 0.5249999,
        "posY": 0.9599999,
        "posZ": 8.924999,
        "rotX": 3.17236822E-06,
        "rotY": 149.999924,
        "rotZ": 5.96910638E-07,
        "scaleX": 1.0,
        "scaleY": 1.0,
        "scaleZ": 1.0
      },
      "Nickname": " Orlock Ganger w/ Bolt Pistol",
      "Description": "",
      "GMNotes": "",
      "ColorDiffuse": {
        "r": 0.848432064,
        "g": 0.848432064,
        "b": 0.848432064
      },
      "Locked": false,
      "Grid": true,
      "Snap": true,
      "IgnoreFoW": false,
      "Autoraise": true,
      "Sticky": true,
      "Tooltip": true,
      "GridProjection": false,
      "HideWhenFaceDown": false,
      "Hands": false,
      "CustomMesh": {
        "MeshURL": "http://cloud-3.steamusercontent.com/ugc/773996469178798638/9EB14ED48E081C199E0D2B5ED15FAEA9A2621586/",
        "DiffuseURL": "http://cloud-3.steamusercontent.com/ugc/773996469178797884/76E53EAEF956D41E8BC6F552B407D4CA2868821A/",
        "NormalURL": "",
        "ColliderURL": "http://cloud-3.steamusercontent.com/ugc/952982844374275974/CD16ABEBCD9629BAC7E4420D5DCC44D92C2586DD/",
        "Convex": true,
        "MaterialIndex": 3,
        "TypeIndex": 1,
        "CustomShader": {
          "SpecularColor": {
            "r": 1.0,
            "g": 1.0,
            "b": 1.0
          },
          "SpecularIntensity": 0.0,
          "SpecularSharpness": 2.0,
          "FresnelStrength": 0.0
        },
        "CastShadows": true
      },
      "XmlUI": "",
      "LuaScript": "",
      "LuaScriptState": "",
      "GUID": "bfe4ee"
    }
  ],
  "DecalPallet": [],
  "TabStates": {
    "0": {
      "title": "Rules",
      "body": "",
      "color": "Grey",
      "visibleColor": {
        "r": 0.5,
        "g": 0.5,
        "b": 0.5
      },
      "id": 0
    },
    "1": {
      "title": "White",
      "body": "",
      "color": "White",
      "visibleColor": {
        "r": 1.0,
        "g": 1.0,
        "b": 1.0
      },
      "id": 1
    },
    "2": {
      "title": "Brown",
      "body": "",
      "color": "Brown",
      "visibleColor": {
        "r": 0.443,
        "g": 0.231,
        "b": 0.09
      },
      "id": 2
    },
    "3": {
      "title": "Red",
      "body": "",
      "color": "Red",
      "visibleColor": {
        "r": 0.856,
        "g": 0.1,
        "b": 0.094
      },
      "id": 3
    },
    "4": {
      "title": "Orange",
      "body": "",
      "color": "Orange",
      "visibleColor": {
        "r": 0.956,
        "g": 0.392,
        "b": 0.113
      },
      "id": 4
    },
    "5": {
      "title": "Yellow",
      "body": "",
      "color": "Yellow",
      "visibleColor": {
        "r": 0.905,
        "g": 0.898,
        "b": 0.172
      },
      "id": 5
    },
    "6": {
      "title": "Green",
      "body": "",
      "color": "Green",
      "visibleColor": {
        "r": 0.192,
        "g": 0.701,
        "b": 0.168
      },
      "id": 6
    },
    "7": {
      "title": "Blue",
      "body": "",
      "color": "Blue",
      "visibleColor": {
        "r": 0.118,
        "g": 0.53,
        "b": 1.0
      },
      "id": 7
    },
    "8": {
      "title": "Teal",
      "body": "",
      "color": "Teal",
      "visibleColor": {
        "r": 0.129,
        "g": 0.694,
        "b": 0.607
      },
      "id": 8
    },
    "9": {
      "title": "Purple",
      "body": "",
      "color": "Purple",
      "visibleColor": {
        "r": 0.627,
        "g": 0.125,
        "b": 0.941
      },
      "id": 9
    },
    "10": {
      "title": "Pink",
      "body": "",
      "color": "Pink",
      "visibleColor": {
        "r": 0.96,
        "g": 0.439,
        "b": 0.807
      },
      "id": 10
    },
    "11": {
      "title": "Black",
      "body": "",
      "color": "White",
      "visibleColor": {
        "r": 1.0,
        "g": 1.0,
        "b": 1.0
      },
      "id": 11
    }
  },
  "VersionNumber": "v12.3.5"
}