{
  "SaveName": "Deathwatch - 3D Kill Team Set",
  "GameMode": "Super human alien hunters",
  "Date": "2/27/2021 3:31:20 AM",
  "VersionNumber": "v13.0.5",
  "GameType": "",
  "GameComplexity": "",
  "Tags": [],
  "Gravity": 0.5,
  "PlayArea": 0.5,
  "Table": "Table_RPG",
  "Sky": "Sky_Downtown",
  "Note": "",
  "Rules": "",
  "MusicPlayer": {
    "RepeatSong": false,
    "PlaylistEntry": -1,
    "CurrentAudioTitle": "Welcome",
    "CurrentAudioURL": "http://cloud-3.steamusercontent.com/ugc/777354675914104317/C7C3A07EF9A0CEA4587B387B99D08276D806F2B2/",
    "AudioLibrary": []
  },
  "Grid": {
    "Type": 0,
    "Lines": false,
    "Color": {
      "r": 0.0,
      "g": 0.0,
      "b": 0.0
    },
    "Opacity": 0.75,
    "ThickLines": false,
    "Snapping": false,
    "Offset": false,
    "BothSnapping": false,
    "xSize": 2.0,
    "ySize": 2.0,
    "PosOffset": {
      "x": 0.0,
      "y": 1.0,
      "z": 0.0
    }
  },
  "Lighting": {
    "LightIntensity": 0.54,
    "LightColor": {
      "r": 1.0,
      "g": 0.9804,
      "b": 0.8902
    },
    "AmbientIntensity": 1.3,
    "AmbientType": 0,
    "AmbientSkyColor": {
      "r": 0.5,
      "g": 0.5,
      "b": 0.5
    },
    "AmbientEquatorColor": {
      "r": 0.5,
      "g": 0.5,
      "b": 0.5
    },
    "AmbientGroundColor": {
      "r": 0.5,
      "g": 0.5,
      "b": 0.5
    },
    "ReflectionIntensity": 1.0,
    "LutIndex": 0,
    "LutContribution": 1.0
  },
  "Hands": {
    "Enable": true,
    "DisableUnused": false,
    "Hiding": 0
  },
  "ComponentTags": {
    "labels": []
  },
  "Turns": {
    "Enable": false,
    "Type": 0,
    "TurnOrder": [],
    "Reverse": false,
    "SkipEmpty": false,
    "DisableInteractions": false,
    "PassTurns": true,
    "TurnColor": ""
  },
  "TabStates": {
    "0": {
      "title": "Rules",
      "body": "",
      "color": "Grey",
      "visibleColor": {
        "r": 0.5,
        "g": 0.5,
        "b": 0.5
      },
      "id": 0
    },
    "1": {
      "title": "White",
      "body": "",
      "color": "White",
      "visibleColor": {
        "r": 1.0,
        "g": 1.0,
        "b": 1.0
      },
      "id": 1
    },
    "2": {
      "title": "Brown",
      "body": "",
      "color": "Brown",
      "visibleColor": {
        "r": 0.443,
        "g": 0.231,
        "b": 0.09
      },
      "id": 2
    },
    "3": {
      "title": "Red",
      "body": "",
      "color": "Red",
      "visibleColor": {
        "r": 0.856,
        "g": 0.1,
        "b": 0.094
      },
      "id": 3
    },
    "4": {
      "title": "Orange",
      "body": "",
      "color": "Orange",
      "visibleColor": {
        "r": 0.956,
        "g": 0.392,
        "b": 0.113
      },
      "id": 4
    },
    "5": {
      "title": "Yellow",
      "body": "",
      "color": "Yellow",
      "visibleColor": {
        "r": 0.905,
        "g": 0.898,
        "b": 0.172
      },
      "id": 5
    },
    "6": {
      "title": "Green",
      "body": "",
      "color": "Green",
      "visibleColor": {
        "r": 0.192,
        "g": 0.701,
        "b": 0.168
      },
      "id": 6
    },
    "7": {
      "title": "Blue",
      "body": "",
      "color": "Blue",
      "visibleColor": {
        "r": 0.118,
        "g": 0.53,
        "b": 1.0
      },
      "id": 7
    },
    "8": {
      "title": "Teal",
      "body": "",
      "color": "Teal",
      "visibleColor": {
        "r": 0.129,
        "g": 0.694,
        "b": 0.607
      },
      "id": 8
    },
    "9": {
      "title": "Purple",
      "body": "",
      "color": "Purple",
      "visibleColor": {
        "r": 0.627,
        "g": 0.125,
        "b": 0.941
      },
      "id": 9
    },
    "10": {
      "title": "Pink",
      "body": "",
      "color": "Pink",
      "visibleColor": {
        "r": 0.96,
        "g": 0.439,
        "b": 0.807
      },
      "id": 10
    },
    "11": {
      "title": "Black",
      "body": "",
      "color": "Black",
      "visibleColor": {
        "r": 0.25,
        "g": 0.25,
        "b": 0.25
      },
      "id": 11
    }
  },
  "DecalPallet": [],
  "LuaScript": "--[[ Lua code. See documentation: https://api.tabletopsimulator.com/ --]]\n\n--[[ The onLoad event is called after the game save finishes loading. --]]\nfunction onLoad()\n    --[[ print('onLoad!') --]]\nend\n\n--[[ The onUpdate event is called once per frame. --]]\nfunction onUpdate()\n    --[[ print('onUpdate loop!') --]]\nend",
  "LuaScriptState": "",
  "XmlUI": "<!-- Xml UI. See documentation: https://api.tabletopsimulator.com/ui/introUI/ -->",
  "ObjectStates": [
    {
      "GUID": "06abb0",
      "Name": "HandTrigger",
      "Transform": {
        "posX": -15.1108065,
        "posY": 4.81034231,
        "posZ": -20.1076221,
        "rotX": 0.0,
        "rotY": 0.0,
        "rotZ": 0.0,
        "scaleX": 11.7805519,
        "scaleY": 9.174497,
        "scaleZ": 4.87123871
      },
      "Nickname": "",
      "Description": "",
      "GMNotes": "",
      "ColorDiffuse": {
        "r": 0.856,
        "g": 0.09999997,
        "b": 0.09399996,
        "a": 0.0
      },
      "LayoutGroupSortIndex": 0,
      "Locked": true,
      "Grid": false,
      "Snap": true,
      "IgnoreFoW": false,
      "MeasureMovement": false,
      "DragSelectable": true,
      "Autoraise": true,
      "Sticky": true,
      "Tooltip": true,
      "GridProjection": false,
      "HideWhenFaceDown": false,
      "Hands": false,
      "FogColor": "Red",
      "LuaScript": "",
      "LuaScriptState": "",
      "XmlUI": ""
    },
    {
      "GUID": "58d53c",
      "Name": "HandTrigger",
      "Transform": {
        "posX": -30.2150211,
        "posY": 4.81034231,
        "posZ": 10.17524,
        "rotX": 0.0,
        "rotY": 90.0,
        "rotZ": 0.0,
        "scaleX": 11.7133732,
        "scaleY": 9.174497,
        "scaleZ": 4.952552
      },
      "Nickname": "",
      "Description": "",
      "GMNotes": "",
      "ColorDiffuse": {
        "r": 0.905,
        "g": 0.898,
        "b": 0.171999961,
        "a": 0.0
      },
      "LayoutGroupSortIndex": 0,
      "Locked": true,
      "Grid": false,
      "Snap": true,
      "IgnoreFoW": false,
      "MeasureMovement": false,
      "DragSelectable": true,
      "Autoraise": true,
      "Sticky": true,
      "Tooltip": true,
      "GridProjection": false,
      "HideWhenFaceDown": false,
      "Hands": false,
      "FogColor": "Yellow",
      "LuaScript": "",
      "LuaScriptState": "",
      "XmlUI": ""
    },
    {
      "GUID": "370ff2",
      "Name": "HandTrigger",
      "Transform": {
        "posX": 30.25128,
        "posY": 4.81034231,
        "posZ": 9.59069252,
        "rotX": 0.0,
        "rotY": 270.0,
        "rotZ": 0.0,
        "scaleX": 11.7133656,
        "scaleY": 9.174497,
        "scaleZ": 4.952552
      },
      "Nickname": "",
      "Description": "",
      "GMNotes": "",
      "ColorDiffuse": {
        "r": 0.627,
        "g": 0.124999978,
        "b": 0.941,
        "a": 0.0
      },
      "LayoutGroupSortIndex": 0,
      "Locked": true,
      "Grid": false,
      "Snap": true,
      "IgnoreFoW": false,
      "MeasureMovement": false,
      "DragSelectable": true,
      "Autoraise": true,
      "Sticky": true,
      "Tooltip": true,
      "GridProjection": false,
      "HideWhenFaceDown": false,
      "Hands": false,
      "FogColor": "Purple",
      "LuaScript": "",
      "LuaScriptState": "",
      "XmlUI": ""
    },
    {
      "GUID": "a4594e",
      "Name": "HandTrigger",
      "Transform": {
        "posX": 15.4749184,
        "posY": 4.81034231,
        "posZ": 19.8365288,
        "rotX": 0.0,
        "rotY": 179.8,
        "rotZ": 0.0,
        "scaleX": 11.8518791,
        "scaleY": 9.174497,
        "scaleZ": 4.909377
      },
      "Nickname": "",
      "Description": "",
      "GMNotes": "",
      "ColorDiffuse": {
        "r": 0.117999978,
        "g": 0.53,
        "b": 1.0,
        "a": 0.0
      },
      "LayoutGroupSortIndex": 0,
      "Locked": true,
      "Grid": false,
      "Snap": true,
      "IgnoreFoW": false,
      "MeasureMovement": false,
      "DragSelectable": true,
      "Autoraise": true,
      "Sticky": true,
      "Tooltip": true,
      "GridProjection": false,
      "HideWhenFaceDown": false,
      "Hands": false,
      "FogColor": "Blue",
      "LuaScript": "",
      "LuaScriptState": "",
      "XmlUI": ""
    },
    {
      "GUID": "b7e257",
      "Name": "HandTrigger",
      "Transform": {
        "posX": 15.1961479,
        "posY": 4.81034231,
        "posZ": -20.1400986,
        "rotX": 0.0,
        "rotY": 0.0,
        "rotZ": 0.0,
        "scaleX": 11.7805347,
        "scaleY": 9.17449951,
        "scaleZ": 4.87123871
      },
      "Nickname": "",
      "Description": "",
      "GMNotes": "",
      "ColorDiffuse": {
        "r": 1.0,
        "g": 1.0,
        "b": 1.0,
        "a": 0.0
      },
      "LayoutGroupSortIndex": 0,
      "Locked": true,
      "Grid": false,
      "Snap": true,
      "IgnoreFoW": false,
      "MeasureMovement": false,
      "DragSelectable": true,
      "Autoraise": true,
      "Sticky": true,
      "Tooltip": true,
      "GridProjection": false,
      "HideWhenFaceDown": false,
      "Hands": false,
      "FogColor": "White",
      "LuaScript": "",
      "LuaScriptState": "",
      "XmlUI": ""
    },
    {
      "GUID": "72f2c9",
      "Name": "HandTrigger",
      "Transform": {
        "posX": -15.1927767,
        "posY": 4.81034231,
        "posZ": 19.787817,
        "rotX": 0.0,
        "rotY": 180.0,
        "rotZ": 0.0,
        "scaleX": 11.7805347,
        "scaleY": 9.174497,
        "scaleZ": 4.87123871
      },
      "Nickname": "",
      "Description": "",
      "GMNotes": "",
      "ColorDiffuse": {
        "r": 0.191999972,
        "g": 0.701,
        "b": 0.167999953,
        "a": 0.0
      },
      "LayoutGroupSortIndex": 0,
      "Locked": true,
      "Grid": false,
      "Snap": true,
      "IgnoreFoW": false,
      "MeasureMovement": false,
      "DragSelectable": true,
      "Autoraise": true,
      "Sticky": true,
      "Tooltip": true,
      "GridProjection": false,
      "HideWhenFaceDown": false,
      "Hands": false,
      "FogColor": "Green",
      "LuaScript": "",
      "LuaScriptState": "",
      "XmlUI": ""
    },
    {
      "GUID": "d8ffb7",
      "Name": "HandTrigger",
      "Transform": {
        "posX": 30.10358,
        "posY": 4.81034231,
        "posZ": -8.449126,
        "rotX": 0.0,
        "rotY": 270.0,
        "rotZ": 0.0,
        "scaleX": 11.7133617,
        "scaleY": 9.174497,
        "scaleZ": 4.952552
      },
      "Nickname": "",
      "Description": "",
      "GMNotes": "",
      "ColorDiffuse": {
        "r": 0.96,
        "g": 0.438999981,
        "b": 0.807,
        "a": 0.0
      },
      "LayoutGroupSortIndex": 0,
      "Locked": true,
      "Grid": false,
      "Snap": true,
      "IgnoreFoW": false,
      "MeasureMovement": false,
      "DragSelectable": true,
      "Autoraise": true,
      "Sticky": true,
      "Tooltip": true,
      "GridProjection": false,
      "HideWhenFaceDown": false,
      "Hands": false,
      "FogColor": "Pink",
      "LuaScript": "",
      "LuaScriptState": "",
      "XmlUI": ""
    },
    {
      "GUID": "252adf",
      "Name": "HandTrigger",
      "Transform": {
        "posX": -30.247818,
        "posY": 4.81034231,
        "posZ": -8.822588,
        "rotX": 0.0,
        "rotY": 90.0,
        "rotZ": 0.0,
        "scaleX": 11.713377,
        "scaleY": 9.174497,
        "scaleZ": 4.952552
      },
      "Nickname": "",
      "Description": "",
      "GMNotes": "",
      "ColorDiffuse": {
        "r": 0.9559999,
        "g": 0.39199996,
        "b": 0.112999953,
        "a": 0.0
      },
      "LayoutGroupSortIndex": 0,
      "Locked": true,
      "Grid": false,
      "Snap": true,
      "IgnoreFoW": false,
      "MeasureMovement": false,
      "DragSelectable": true,
      "Autoraise": true,
      "Sticky": true,
      "Tooltip": true,
      "GridProjection": false,
      "HideWhenFaceDown": false,
      "Hands": false,
      "FogColor": "Orange",
      "LuaScript": "",
      "LuaScriptState": "",
      "XmlUI": ""
    },
    {
      "GUID": "72ff46",
      "Name": "Custom_Model",
      "Transform": {
        "posX": -2.0670805,
        "posY": 0.9604106,
        "posZ": 0.5161,
        "rotX": -1.48869333E-06,
        "rotY": 0.004866671,
        "rotZ": -7.120971E-07,
        "scaleX": 0.8000002,
        "scaleY": 0.82139957,
        "scaleZ": 0.8000002
      },
      "Nickname": "Drenn Redblade",
      "Description": "",
      "GMNotes": "",
      "ColorDiffuse": {
        "r": 0.8901961,
        "g": 0.8431372,
        "b": 0.5686274
      },
      "LayoutGroupSortIndex": 0,
      "Locked": false,
      "Grid": true,
      "Snap": true,
      "IgnoreFoW": false,
      "MeasureMovement": false,
      "DragSelectable": true,
      "Autoraise": true,
      "Sticky": true,
      "Tooltip": true,
      "GridProjection": false,
      "HideWhenFaceDown": false,
      "Hands": false,
      "CustomMesh": {
        "MeshURL": "http://cloud-3.steamusercontent.com/ugc/1012689151634469159/9B34DA65B0FBA7F8A39BE6BE535778600C33B45C/",
        "DiffuseURL": "http://cloud-3.steamusercontent.com/ugc/1012689151634465888/134E500095C48102CDEDC676A3AFA6D4CFB2A5B3/",
        "NormalURL": "",
        "ColliderURL": "http://cloud-3.steamusercontent.com/ugc/1012689151634469159/9B34DA65B0FBA7F8A39BE6BE535778600C33B45C/",
        "Convex": true,
        "MaterialIndex": 3,
        "TypeIndex": 1,
        "CustomShader": {
          "SpecularColor": {
            "r": 1.0,
            "g": 1.0,
            "b": 1.0
          },
          "SpecularIntensity": 0.0,
          "SpecularSharpness": 2.0,
          "FresnelStrength": 0.0
        },
        "CastShadows": true
      },
      "LuaScript": "function onLoad()\r\n\tcircle = {\r\n\t\tcolor             = {0, 0.8, 0.4}, --RGB color of the circle\r\n\t\tradius            = 1,           --radius of the circle around the object\r\n\t\tshow              = false,       --should the circle be shown by default?\r\n\t\tsteps             = 32,          --number of segments that make up the circle\r\n\t\tthickness         = 0.05,         --thickness of the circle line\r\n\t\tvertical_position = 0.1,           --vertical height of the circle relative to the object\r\n\t}\r\nend\r\n\r\nfunction onScriptingButtonDown(index, playerColor)\r\nif Player[playerColor].getHoverObject() == self then\r\nif index == 1 then\r\ncircle.radius = 1.785\r\nprint('1\" circle')\r\ntoggleCircle() end\r\nif index == 2 then\r\ncircle.radius = 2.785\r\nprint('2\" circle')\r\ntoggleCircle() end\r\nif index == 3 then\r\ncircle.radius = 3.785\r\nprint('3\" circle')\r\ntoggleCircle() end\r\nif index == 4 then\r\ncircle.radius = 6.785\r\nprint('6\" circle')\r\ntoggleCircle() end\r\nif index == 5 then\r\ncircle.radius = 8.785\r\nprint('8\" circle')\r\ntoggleCircle() end\r\nif index == 6 then\r\ncircle.radius = 12.785\r\nprint('12\" circle')\r\ntoggleCircle() end\r\nif index == 7 then\r\ncircle.radius = 18.785\r\nprint('18\" circle')\r\ntoggleCircle() end\r\nif index == 8 then\r\ncircle.radius = 24.785\r\nprint('24\" circle')\r\ntoggleCircle() end\r\nif index == 9 then\r\ncircle.radius = 30.785\r\nprint('30\" circle')\r\ntoggleCircle() end\r\nend\r\nend\r\n\r\nfunction toggleCircle()\r\n\tcircle.show = not circle.show\r\n\tif circle.show then\r\n\t\tself.setVectorLines({\r\n\t\t\t{\r\n\t\t\t\tpoints    = getCircleVectorPoints(circle.radius, circle.steps, circle.vertical_position),\r\n\t\t\t\tcolor     = circle.color,\r\n\t\t\t\tthickness = circle.thickness,\r\n\t\t\t\trotation  = {0,0,0},\r\n\t\t\t}\r\n\t\t})\r\n\telse\r\n\t\tself.setVectorLines({})\r\n\tend\r\nend\r\n\r\nfunction getCircleVectorPoints(radius, steps, y)\r\n\tlocal t = {}\r\n\tlocal d,s,c,r = 360/steps, math.sin, math.cos, math.rad\r\n\tfor i = 0,steps do\r\n\t\ttable.insert(t, {\r\n\t\t\tc(r(d*i))*radius,\r\n\t\t\ty,\r\n\t\t\ts(r(d*i))*radius\r\n\t\t})\r\n\tend\r\n\treturn t\r\nend",
      "LuaScriptState": "",
      "XmlUI": "",
      "ChildObjects": [
        {
          "GUID": "0bf1dd",
          "Name": "Custom_Model",
          "Transform": {
            "posX": 0.00241202186,
            "posY": 0.11838457,
            "posZ": -0.08608904,
            "rotX": 0.0006182765,
            "rotY": 285.013916,
            "rotZ": 0.000272032368,
            "scaleX": 1.18749976,
            "scaleY": 1.15656269,
            "scaleZ": 1.18749976
          },
          "Nickname": "Officer",
          "Description": "",
          "GMNotes": "",
          "ColorDiffuse": {
            "r": 1.0,
            "g": 1.0,
            "b": 1.0
          },
          "LayoutGroupSortIndex": 0,
          "Locked": false,
          "Grid": true,
          "Snap": false,
          "IgnoreFoW": false,
          "MeasureMovement": false,
          "DragSelectable": true,
          "Autoraise": true,
          "Sticky": false,
          "Tooltip": true,
          "GridProjection": false,
          "HideWhenFaceDown": false,
          "Hands": false,
          "CustomMesh": {
            "MeshURL": "http://cloud-3.steamusercontent.com/ugc/1666853488460105474/AEDA733C5D241C8F9BF9F91F21CF539FD38661BF/",
            "DiffuseURL": "http://cloud-3.steamusercontent.com/ugc/1666853488460105694/52DD8EC2477C937A79C0ABE67109D9EE2177C0E2/",
            "NormalURL": "",
            "ColliderURL": "http://cloud-3.steamusercontent.com/ugc/1012689151634469159/9B34DA65B0FBA7F8A39BE6BE535778600C33B45C/",
            "Convex": true,
            "MaterialIndex": 2,
            "TypeIndex": 1,
            "CustomShader": {
              "SpecularColor": {
                "r": 0.7372549,
                "g": 0.7372549,
                "b": 0.7372549
              },
              "SpecularIntensity": 0.0,
              "SpecularSharpness": 7.0,
              "FresnelStrength": 0.0
            },
            "CastShadows": true
          },
          "LuaScript": "",
          "LuaScriptState": "",
          "XmlUI": ""
        }
      ]
    },
    {
      "GUID": "e0d82f",
      "Name": "Custom_Model",
      "Transform": {
        "posX": -4.098932,
        "posY": 0.960410357,
        "posZ": -1.82679808,
        "rotX": -3.27498628E-06,
        "rotY": 15.0007687,
        "rotZ": 2.449483E-07,
        "scaleX": 0.8000002,
        "scaleY": 0.8207857,
        "scaleZ": 0.8000002
      },
      "Nickname": "Ennox Sorrlock ",
      "Description": "",
      "GMNotes": "",
      "ColorDiffuse": {
        "r": 0.8901961,
        "g": 0.8431372,
        "b": 0.5686274
      },
      "LayoutGroupSortIndex": 0,
      "Locked": false,
      "Grid": true,
      "Snap": true,
      "IgnoreFoW": false,
      "MeasureMovement": false,
      "DragSelectable": true,
      "Autoraise": true,
      "Sticky": true,
      "Tooltip": true,
      "GridProjection": false,
      "HideWhenFaceDown": false,
      "Hands": false,
      "CustomMesh": {
        "MeshURL": "http://cloud-3.steamusercontent.com/ugc/1012689151634469159/9B34DA65B0FBA7F8A39BE6BE535778600C33B45C/",
        "DiffuseURL": "http://cloud-3.steamusercontent.com/ugc/1012689151634465888/134E500095C48102CDEDC676A3AFA6D4CFB2A5B3/",
        "NormalURL": "",
        "ColliderURL": "http://cloud-3.steamusercontent.com/ugc/1012689151634469159/9B34DA65B0FBA7F8A39BE6BE535778600C33B45C/",
        "Convex": true,
        "MaterialIndex": 3,
        "TypeIndex": 1,
        "CustomShader": {
          "SpecularColor": {
            "r": 1.0,
            "g": 1.0,
            "b": 1.0
          },
          "SpecularIntensity": 0.0,
          "SpecularSharpness": 2.0,
          "FresnelStrength": 0.0
        },
        "CastShadows": true
      },
      "LuaScript": "function onLoad()\r\n\tcircle = {\r\n\t\tcolor             = {0, 0.8, 0.4}, --RGB color of the circle\r\n\t\tradius            = 1,           --radius of the circle around the object\r\n\t\tshow              = false,       --should the circle be shown by default?\r\n\t\tsteps             = 32,          --number of segments that make up the circle\r\n\t\tthickness         = 0.05,         --thickness of the circle line\r\n\t\tvertical_position = 0.1,           --vertical height of the circle relative to the object\r\n\t}\r\nend\r\n\r\nfunction onScriptingButtonDown(index, playerColor)\r\nif Player[playerColor].getHoverObject() == self then\r\nif index == 1 then\r\ncircle.radius = 1.785\r\nprint('1\" circle')\r\ntoggleCircle() end\r\nif index == 2 then\r\ncircle.radius = 2.785\r\nprint('2\" circle')\r\ntoggleCircle() end\r\nif index == 3 then\r\ncircle.radius = 3.785\r\nprint('3\" circle')\r\ntoggleCircle() end\r\nif index == 4 then\r\ncircle.radius = 6.785\r\nprint('6\" circle')\r\ntoggleCircle() end\r\nif index == 5 then\r\ncircle.radius = 8.785\r\nprint('8\" circle')\r\ntoggleCircle() end\r\nif index == 6 then\r\ncircle.radius = 12.785\r\nprint('12\" circle')\r\ntoggleCircle() end\r\nif index == 7 then\r\ncircle.radius = 18.785\r\nprint('18\" circle')\r\ntoggleCircle() end\r\nif index == 8 then\r\ncircle.radius = 24.785\r\nprint('24\" circle')\r\ntoggleCircle() end\r\nif index == 9 then\r\ncircle.radius = 30.785\r\nprint('30\" circle')\r\ntoggleCircle() end\r\nend\r\nend\r\n\r\nfunction toggleCircle()\r\n\tcircle.show = not circle.show\r\n\tif circle.show then\r\n\t\tself.setVectorLines({\r\n\t\t\t{\r\n\t\t\t\tpoints    = getCircleVectorPoints(circle.radius, circle.steps, circle.vertical_position),\r\n\t\t\t\tcolor     = circle.color,\r\n\t\t\t\tthickness = circle.thickness,\r\n\t\t\t\trotation  = {0,0,0},\r\n\t\t\t}\r\n\t\t})\r\n\telse\r\n\t\tself.setVectorLines({})\r\n\tend\r\nend\r\n\r\nfunction getCircleVectorPoints(radius, steps, y)\r\n\tlocal t = {}\r\n\tlocal d,s,c,r = 360/steps, math.sin, math.cos, math.rad\r\n\tfor i = 0,steps do\r\n\t\ttable.insert(t, {\r\n\t\t\tc(r(d*i))*radius,\r\n\t\t\ty,\r\n\t\t\ts(r(d*i))*radius\r\n\t\t})\r\n\tend\r\n\treturn t\r\nend",
      "LuaScriptState": "",
      "XmlUI": "",
      "ChildObjects": [
        {
          "GUID": "39beea",
          "Name": "Custom_Model",
          "Transform": {
            "posX": -0.0303709656,
            "posY": 0.118190654,
            "posZ": -0.0291982442,
            "rotX": -0.0002598569,
            "rotY": 164.991745,
            "rotZ": -0.0005321545,
            "scaleX": 0.8125005,
            "scaleY": 0.7919245,
            "scaleZ": 0.812500834
          },
          "Nickname": "Officer",
          "Description": "",
          "GMNotes": "",
          "ColorDiffuse": {
            "r": 1.0,
            "g": 1.0,
            "b": 1.0
          },
          "LayoutGroupSortIndex": 0,
          "Locked": false,
          "Grid": true,
          "Snap": false,
          "IgnoreFoW": false,
          "MeasureMovement": false,
          "DragSelectable": true,
          "Autoraise": true,
          "Sticky": false,
          "Tooltip": true,
          "GridProjection": false,
          "HideWhenFaceDown": false,
          "Hands": false,
          "CustomMesh": {
            "MeshURL": "http://cloud-3.steamusercontent.com/ugc/1666853488460882427/F0165DEBE5F6EBC15BC43F73E7B0A75220E50D98/",
            "DiffuseURL": "http://cloud-3.steamusercontent.com/ugc/1666853488460867324/CEF578FD23FE17140CDD5DAF73B0CB7124FD7B10/",
            "NormalURL": "",
            "ColliderURL": "http://cloud-3.steamusercontent.com/ugc/1012689151634469159/9B34DA65B0FBA7F8A39BE6BE535778600C33B45C/",
            "Convex": true,
            "MaterialIndex": 2,
            "TypeIndex": 1,
            "CustomShader": {
              "SpecularColor": {
                "r": 0.7372549,
                "g": 0.7372549,
                "b": 0.7372549
              },
              "SpecularIntensity": 0.0,
              "SpecularSharpness": 7.0,
              "FresnelStrength": 0.0
            },
            "CastShadows": true
          },
          "LuaScript": "",
          "LuaScriptState": "",
          "XmlUI": ""
        }
      ]
    },
    {
      "GUID": "289622",
      "Name": "Custom_Model",
      "Transform": {
        "posX": -1.92768526,
        "posY": 0.960324943,
        "posZ": 3.98789,
        "rotX": -3.68509518E-06,
        "rotY": 239.979187,
        "rotZ": 7.320039E-08,
        "scaleX": 0.650000334,
        "scaleY": 0.650000334,
        "scaleZ": 0.650000334
      },
      "Nickname": "Jetek Suberei",
      "Description": "",
      "GMNotes": "",
      "ColorDiffuse": {
        "r": 1.0,
        "g": 1.0,
        "b": 1.0
      },
      "LayoutGroupSortIndex": 0,
      "Locked": false,
      "Grid": true,
      "Snap": false,
      "IgnoreFoW": false,
      "MeasureMovement": false,
      "DragSelectable": true,
      "Autoraise": true,
      "Sticky": false,
      "Tooltip": true,
      "GridProjection": false,
      "HideWhenFaceDown": false,
      "Hands": false,
      "CustomMesh": {
        "MeshURL": "http://cloud-3.steamusercontent.com/ugc/1666853488464851855/4D0E3613BC1978F126DFCCFA1FE78F7A50D007D7/",
        "DiffuseURL": "http://cloud-3.steamusercontent.com/ugc/1666853488464852091/0CAC63CA72A94A11137CC6764E0E942CFAFDC849/",
        "NormalURL": "",
        "ColliderURL": "http://cloud-3.steamusercontent.com/ugc/1012689151634469159/9B34DA65B0FBA7F8A39BE6BE535778600C33B45C/",
        "Convex": true,
        "MaterialIndex": 2,
        "TypeIndex": 1,
        "CustomShader": {
          "SpecularColor": {
            "r": 0.7372549,
            "g": 0.7372549,
            "b": 0.7372549
          },
          "SpecularIntensity": 0.0,
          "SpecularSharpness": 7.0,
          "FresnelStrength": 0.0
        },
        "CastShadows": true
      },
      "LuaScript": "",
      "LuaScriptState": "",
      "XmlUI": ""
    },
    {
      "GUID": "cd0fe2",
      "Name": "Custom_Model",
      "Transform": {
        "posX": -5.786084,
        "posY": 0.960262358,
        "posZ": 2.89440536,
        "rotX": 2.47036951E-06,
        "rotY": 150.020508,
        "rotZ": 5.12882843E-06,
        "scaleX": 0.525000453,
        "scaleY": 0.525000453,
        "scaleZ": 0.525000453
      },
      "Nickname": "Antor Delassio",
      "Description": "",
      "GMNotes": "",
      "ColorDiffuse": {
        "r": 1.0,
        "g": 1.0,
        "b": 1.0
      },
      "LayoutGroupSortIndex": 0,
      "Locked": false,
      "Grid": true,
      "Snap": false,
      "IgnoreFoW": false,
      "MeasureMovement": false,
      "DragSelectable": true,
      "Autoraise": true,
      "Sticky": false,
      "Tooltip": true,
      "GridProjection": false,
      "HideWhenFaceDown": false,
      "Hands": false,
      "CustomMesh": {
        "MeshURL": "http://cloud-3.steamusercontent.com/ugc/1666853488465510911/F349A7FE8D17D5396207A09839266593D4EFF5A9/",
        "DiffuseURL": "http://cloud-3.steamusercontent.com/ugc/1666853488465511137/5608BCD1D493C9E871B17A87404756644128A118/",
        "NormalURL": "",
        "ColliderURL": "http://cloud-3.steamusercontent.com/ugc/1012689151634469159/9B34DA65B0FBA7F8A39BE6BE535778600C33B45C/",
        "Convex": true,
        "MaterialIndex": 2,
        "TypeIndex": 1,
        "CustomShader": {
          "SpecularColor": {
            "r": 0.7372549,
            "g": 0.7372549,
            "b": 0.7372549
          },
          "SpecularIntensity": 0.0,
          "SpecularSharpness": 7.0,
          "FresnelStrength": 0.0
        },
        "CastShadows": true
      },
      "LuaScript": "",
      "LuaScriptState": "",
      "XmlUI": ""
    },
    {
      "GUID": "8ccd89",
      "Name": "Custom_Model",
      "Transform": {
        "posX": -6.935443,
        "posY": 0.960312247,
        "posZ": 0.6035033,
        "rotX": 2.80792619E-06,
        "rotY": 0.0113470787,
        "rotZ": 1.36502035E-06,
        "scaleX": 0.625000358,
        "scaleY": 0.625000358,
        "scaleZ": 0.625000358
      },
      "Nickname": "Edryc Setorax",
      "Description": "",
      "GMNotes": "",
      "ColorDiffuse": {
        "r": 1.0,
        "g": 1.0,
        "b": 1.0
      },
      "LayoutGroupSortIndex": 0,
      "Locked": false,
      "Grid": true,
      "Snap": false,
      "IgnoreFoW": false,
      "MeasureMovement": false,
      "DragSelectable": true,
      "Autoraise": true,
      "Sticky": false,
      "Tooltip": true,
      "GridProjection": false,
      "HideWhenFaceDown": false,
      "Hands": false,
      "CustomMesh": {
        "MeshURL": "http://cloud-3.steamusercontent.com/ugc/1666853488465553808/8DA74BCD2352C2C3E8D5AD1775099841B76CD33E/",
        "DiffuseURL": "http://cloud-3.steamusercontent.com/ugc/1666853488465554031/0276F36E373456260401DBD47F96FD5E4F66EB2E/",
        "NormalURL": "",
        "ColliderURL": "http://cloud-3.steamusercontent.com/ugc/1012689151634469159/9B34DA65B0FBA7F8A39BE6BE535778600C33B45C/",
        "Convex": true,
        "MaterialIndex": 2,
        "TypeIndex": 1,
        "CustomShader": {
          "SpecularColor": {
            "r": 0.7372549,
            "g": 0.7372549,
            "b": 0.7372549
          },
          "SpecularIntensity": 0.0,
          "SpecularSharpness": 7.0,
          "FresnelStrength": 0.0
        },
        "CastShadows": true
      },
      "LuaScript": "",
      "LuaScriptState": "",
      "XmlUI": ""
    },
    {
      "GUID": "3d7c8e",
      "Name": "Custom_Model",
      "Transform": {
        "posX": -4.88977528,
        "posY": 0.9603125,
        "posZ": -3.914969,
        "rotX": -1.968496E-07,
        "rotY": 179.967041,
        "rotZ": -5.555397E-06,
        "scaleX": 0.625000358,
        "scaleY": 0.625000358,
        "scaleZ": 0.625000358
      },
      "Nickname": "Garran Branatar",
      "Description": "",
      "GMNotes": "",
      "ColorDiffuse": {
        "r": 1.0,
        "g": 1.0,
        "b": 1.0
      },
      "LayoutGroupSortIndex": 0,
      "Locked": false,
      "Grid": true,
      "Snap": false,
      "IgnoreFoW": false,
      "MeasureMovement": false,
      "DragSelectable": true,
      "Autoraise": true,
      "Sticky": false,
      "Tooltip": true,
      "GridProjection": false,
      "HideWhenFaceDown": false,
      "Hands": false,
      "CustomMesh": {
        "MeshURL": "http://cloud-3.steamusercontent.com/ugc/1666853488466642721/9E68B97A8607F3EF7D4B709D57D498BE49E03D59/",
        "DiffuseURL": "http://cloud-3.steamusercontent.com/ugc/1666853488466628023/E75A8FB43E0B308224B1E431192AF4D4A4CA8CE7/",
        "NormalURL": "",
        "ColliderURL": "http://cloud-3.steamusercontent.com/ugc/1012689151634469159/9B34DA65B0FBA7F8A39BE6BE535778600C33B45C/",
        "Convex": true,
        "MaterialIndex": 2,
        "TypeIndex": 1,
        "CustomShader": {
          "SpecularColor": {
            "r": 0.7372549,
            "g": 0.7372549,
            "b": 0.7372549
          },
          "SpecularIntensity": 0.0,
          "SpecularSharpness": 7.0,
          "FresnelStrength": 0.0
        },
        "CastShadows": true
      },
      "LuaScript": "",
      "LuaScriptState": "",
      "XmlUI": ""
    },
    {
      "GUID": "5cf833",
      "Name": "Custom_Model",
      "Transform": {
        "posX": -4.27514267,
        "posY": 0.9604103,
        "posZ": 0.9008101,
        "rotX": -7.02881152E-07,
        "rotY": 29.9849129,
        "rotZ": -4.678962E-07,
        "scaleX": 0.8000002,
        "scaleY": 0.8207857,
        "scaleZ": 0.8000002
      },
      "Nickname": "Jensus Natorian",
      "Description": "",
      "GMNotes": "",
      "ColorDiffuse": {
        "r": 0.8901961,
        "g": 0.8431372,
        "b": 0.5686274
      },
      "LayoutGroupSortIndex": 0,
      "Locked": false,
      "Grid": true,
      "Snap": true,
      "IgnoreFoW": false,
      "MeasureMovement": false,
      "DragSelectable": true,
      "Autoraise": true,
      "Sticky": true,
      "Tooltip": true,
      "GridProjection": false,
      "HideWhenFaceDown": false,
      "Hands": false,
      "CustomMesh": {
        "MeshURL": "http://cloud-3.steamusercontent.com/ugc/1012689151634469159/9B34DA65B0FBA7F8A39BE6BE535778600C33B45C/",
        "DiffuseURL": "http://cloud-3.steamusercontent.com/ugc/1012689151634465888/134E500095C48102CDEDC676A3AFA6D4CFB2A5B3/",
        "NormalURL": "",
        "ColliderURL": "http://cloud-3.steamusercontent.com/ugc/1012689151634469159/9B34DA65B0FBA7F8A39BE6BE535778600C33B45C/",
        "Convex": true,
        "MaterialIndex": 3,
        "TypeIndex": 1,
        "CustomShader": {
          "SpecularColor": {
            "r": 1.0,
            "g": 1.0,
            "b": 1.0
          },
          "SpecularIntensity": 0.0,
          "SpecularSharpness": 2.0,
          "FresnelStrength": 0.0
        },
        "CastShadows": true
      },
      "LuaScript": "function onLoad()\r\n\tcircle = {\r\n\t\tcolor             = {0, 0.8, 0.4}, --RGB color of the circle\r\n\t\tradius            = 1,           --radius of the circle around the object\r\n\t\tshow              = false,       --should the circle be shown by default?\r\n\t\tsteps             = 32,          --number of segments that make up the circle\r\n\t\tthickness         = 0.05,         --thickness of the circle line\r\n\t\tvertical_position = 0.1,           --vertical height of the circle relative to the object\r\n\t}\r\nend\r\n\r\nfunction onScriptingButtonDown(index, playerColor)\r\nif Player[playerColor].getHoverObject() == self then\r\nif index == 1 then\r\ncircle.radius = 1.785\r\nprint('1\" circle')\r\ntoggleCircle() end\r\nif index == 2 then\r\ncircle.radius = 2.785\r\nprint('2\" circle')\r\ntoggleCircle() end\r\nif index == 3 then\r\ncircle.radius = 3.785\r\nprint('3\" circle')\r\ntoggleCircle() end\r\nif index == 4 then\r\ncircle.radius = 6.785\r\nprint('6\" circle')\r\ntoggleCircle() end\r\nif index == 5 then\r\ncircle.radius = 8.785\r\nprint('8\" circle')\r\ntoggleCircle() end\r\nif index == 6 then\r\ncircle.radius = 12.785\r\nprint('12\" circle')\r\ntoggleCircle() end\r\nif index == 7 then\r\ncircle.radius = 18.785\r\nprint('18\" circle')\r\ntoggleCircle() end\r\nif index == 8 then\r\ncircle.radius = 24.785\r\nprint('24\" circle')\r\ntoggleCircle() end\r\nif index == 9 then\r\ncircle.radius = 30.785\r\nprint('30\" circle')\r\ntoggleCircle() end\r\nend\r\nend\r\n\r\nfunction toggleCircle()\r\n\tcircle.show = not circle.show\r\n\tif circle.show then\r\n\t\tself.setVectorLines({\r\n\t\t\t{\r\n\t\t\t\tpoints    = getCircleVectorPoints(circle.radius, circle.steps, circle.vertical_position),\r\n\t\t\t\tcolor     = circle.color,\r\n\t\t\t\tthickness = circle.thickness,\r\n\t\t\t\trotation  = {0,0,0},\r\n\t\t\t}\r\n\t\t})\r\n\telse\r\n\t\tself.setVectorLines({})\r\n\tend\r\nend\r\n\r\nfunction getCircleVectorPoints(radius, steps, y)\r\n\tlocal t = {}\r\n\tlocal d,s,c,r = 360/steps, math.sin, math.cos, math.rad\r\n\tfor i = 0,steps do\r\n\t\ttable.insert(t, {\r\n\t\t\tc(r(d*i))*radius,\r\n\t\t\ty,\r\n\t\t\ts(r(d*i))*radius\r\n\t\t})\r\n\tend\r\n\treturn t\r\nend",
      "LuaScriptState": "",
      "XmlUI": "",
      "ChildObjects": [
        {
          "GUID": "79c31e",
          "Name": "Custom_Model",
          "Transform": {
            "posX": 0.0220313817,
            "posY": 0.118175283,
            "posZ": -0.03218736,
            "rotX": -0.0001539625,
            "rotY": 284.982,
            "rotZ": -0.0006123704,
            "scaleX": 0.7812503,
            "scaleY": 0.761465967,
            "scaleZ": 0.7812503
          },
          "Nickname": "Officer",
          "Description": "",
          "GMNotes": "",
          "ColorDiffuse": {
            "r": 1.0,
            "g": 1.0,
            "b": 1.0
          },
          "LayoutGroupSortIndex": 0,
          "Locked": false,
          "Grid": true,
          "Snap": false,
          "IgnoreFoW": false,
          "MeasureMovement": false,
          "DragSelectable": true,
          "Autoraise": true,
          "Sticky": false,
          "Tooltip": true,
          "GridProjection": false,
          "HideWhenFaceDown": false,
          "Hands": false,
          "CustomMesh": {
            "MeshURL": "http://cloud-3.steamusercontent.com/ugc/1666853488466687123/74BCDA37D46E0DD86B7C3619A43E3168EDB0A138/",
            "DiffuseURL": "http://cloud-3.steamusercontent.com/ugc/1666853488466687323/66AE9D11EAA72ACDF46DACB99352FAE2739D99A8/",
            "NormalURL": "",
            "ColliderURL": "http://cloud-3.steamusercontent.com/ugc/1012689151634469159/9B34DA65B0FBA7F8A39BE6BE535778600C33B45C/",
            "Convex": true,
            "MaterialIndex": 2,
            "TypeIndex": 1,
            "CustomShader": {
              "SpecularColor": {
                "r": 0.7372549,
                "g": 0.7372549,
                "b": 0.7372549
              },
              "SpecularIntensity": 0.0,
              "SpecularSharpness": 7.0,
              "FresnelStrength": 0.0
            },
            "CastShadows": true
          },
          "LuaScript": "",
          "LuaScriptState": "",
          "XmlUI": ""
        }
      ]
    },
    {
      "GUID": "290f5b",
      "Name": "Custom_Model",
      "Transform": {
        "posX": -2.60879445,
        "posY": 0.960410535,
        "posZ": -1.678525,
        "rotX": 5.558524E-07,
        "rotY": 330.02948,
        "rotZ": 3.179388E-06,
        "scaleX": 0.8000002,
        "scaleY": 0.8207857,
        "scaleZ": 0.8000002
      },
      "Nickname": "Vael Donatus",
      "Description": "",
      "GMNotes": "",
      "ColorDiffuse": {
        "r": 0.8901961,
        "g": 0.8431372,
        "b": 0.5686274
      },
      "LayoutGroupSortIndex": 0,
      "Locked": false,
      "Grid": true,
      "Snap": true,
      "IgnoreFoW": false,
      "MeasureMovement": false,
      "DragSelectable": true,
      "Autoraise": true,
      "Sticky": true,
      "Tooltip": true,
      "GridProjection": false,
      "HideWhenFaceDown": false,
      "Hands": false,
      "CustomMesh": {
        "MeshURL": "http://cloud-3.steamusercontent.com/ugc/1012689151634469159/9B34DA65B0FBA7F8A39BE6BE535778600C33B45C/",
        "DiffuseURL": "http://cloud-3.steamusercontent.com/ugc/1012689151634465888/134E500095C48102CDEDC676A3AFA6D4CFB2A5B3/",
        "NormalURL": "",
        "ColliderURL": "http://cloud-3.steamusercontent.com/ugc/1012689151634469159/9B34DA65B0FBA7F8A39BE6BE535778600C33B45C/",
        "Convex": true,
        "MaterialIndex": 3,
        "TypeIndex": 1,
        "CustomShader": {
          "SpecularColor": {
            "r": 1.0,
            "g": 1.0,
            "b": 1.0
          },
          "SpecularIntensity": 0.0,
          "SpecularSharpness": 2.0,
          "FresnelStrength": 0.0
        },
        "CastShadows": true
      },
      "LuaScript": "function onLoad()\r\n\tcircle = {\r\n\t\tcolor             = {0, 0.8, 0.4}, --RGB color of the circle\r\n\t\tradius            = 1,           --radius of the circle around the object\r\n\t\tshow              = false,       --should the circle be shown by default?\r\n\t\tsteps             = 32,          --number of segments that make up the circle\r\n\t\tthickness         = 0.05,         --thickness of the circle line\r\n\t\tvertical_position = 0.1,           --vertical height of the circle relative to the object\r\n\t}\r\nend\r\n\r\nfunction onScriptingButtonDown(index, playerColor)\r\nif Player[playerColor].getHoverObject() == self then\r\nif index == 1 then\r\ncircle.radius = 1.785\r\nprint('1\" circle')\r\ntoggleCircle() end\r\nif index == 2 then\r\ncircle.radius = 2.785\r\nprint('2\" circle')\r\ntoggleCircle() end\r\nif index == 3 then\r\ncircle.radius = 3.785\r\nprint('3\" circle')\r\ntoggleCircle() end\r\nif index == 4 then\r\ncircle.radius = 6.785\r\nprint('6\" circle')\r\ntoggleCircle() end\r\nif index == 5 then\r\ncircle.radius = 8.785\r\nprint('8\" circle')\r\ntoggleCircle() end\r\nif index == 6 then\r\ncircle.radius = 12.785\r\nprint('12\" circle')\r\ntoggleCircle() end\r\nif index == 7 then\r\ncircle.radius = 18.785\r\nprint('18\" circle')\r\ntoggleCircle() end\r\nif index == 8 then\r\ncircle.radius = 24.785\r\nprint('24\" circle')\r\ntoggleCircle() end\r\nif index == 9 then\r\ncircle.radius = 30.785\r\nprint('30\" circle')\r\ntoggleCircle() end\r\nend\r\nend\r\n\r\nfunction toggleCircle()\r\n\tcircle.show = not circle.show\r\n\tif circle.show then\r\n\t\tself.setVectorLines({\r\n\t\t\t{\r\n\t\t\t\tpoints    = getCircleVectorPoints(circle.radius, circle.steps, circle.vertical_position),\r\n\t\t\t\tcolor     = circle.color,\r\n\t\t\t\tthickness = circle.thickness,\r\n\t\t\t\trotation  = {0,0,0},\r\n\t\t\t}\r\n\t\t})\r\n\telse\r\n\t\tself.setVectorLines({})\r\n\tend\r\nend\r\n\r\nfunction getCircleVectorPoints(radius, steps, y)\r\n\tlocal t = {}\r\n\tlocal d,s,c,r = 360/steps, math.sin, math.cos, math.rad\r\n\tfor i = 0,steps do\r\n\t\ttable.insert(t, {\r\n\t\t\tc(r(d*i))*radius,\r\n\t\t\ty,\r\n\t\t\ts(r(d*i))*radius\r\n\t\t})\r\n\tend\r\n\treturn t\r\nend",
      "LuaScriptState": "",
      "XmlUI": "",
      "ChildObjects": [
        {
          "GUID": "94bfdf",
          "Name": "Custom_Model",
          "Transform": {
            "posX": 0.007816118,
            "posY": 0.118208386,
            "posZ": -0.0461366065,
            "rotX": -0.000513809151,
            "rotY": 180.030411,
            "rotZ": 0.000366869,
            "scaleX": 0.812500656,
            "scaleY": 0.8321373,
            "scaleZ": 0.812500656
          },
          "Nickname": "Officer",
          "Description": "",
          "GMNotes": "",
          "ColorDiffuse": {
            "r": 1.0,
            "g": 1.0,
            "b": 1.0
          },
          "LayoutGroupSortIndex": 0,
          "Locked": false,
          "Grid": true,
          "Snap": false,
          "IgnoreFoW": false,
          "MeasureMovement": false,
          "DragSelectable": true,
          "Autoraise": true,
          "Sticky": false,
          "Tooltip": true,
          "GridProjection": false,
          "HideWhenFaceDown": false,
          "Hands": false,
          "CustomMesh": {
            "MeshURL": "http://cloud-3.steamusercontent.com/ugc/1666853488469113098/4D4A1AEA179F7DC72F3E28F77710AABFFB15F4D5/",
            "DiffuseURL": "http://cloud-3.steamusercontent.com/ugc/1666853488469113324/E62B22CDE5A4E80584508D66A34D669B7B745807/",
            "NormalURL": "",
            "ColliderURL": "http://cloud-3.steamusercontent.com/ugc/1012689151634469159/9B34DA65B0FBA7F8A39BE6BE535778600C33B45C/",
            "Convex": true,
            "MaterialIndex": 2,
            "TypeIndex": 1,
            "CustomShader": {
              "SpecularColor": {
                "r": 0.7372549,
                "g": 0.7372549,
                "b": 0.7372549
              },
              "SpecularIntensity": 0.0,
              "SpecularSharpness": 7.0,
              "FresnelStrength": 0.0
            },
            "CastShadows": true
          },
          "LuaScript": "",
          "LuaScriptState": "",
          "XmlUI": ""
        }
      ]
    },
    {
      "GUID": "616326",
      "Name": "Custom_Model",
      "Transform": {
        "posX": -1.73994958,
        "posY": 0.9603124,
        "posZ": -3.74927139,
        "rotX": -7.45736656E-07,
        "rotY": 329.979553,
        "rotZ": -4.064298E-06,
        "scaleX": 0.625000358,
        "scaleY": 0.625000358,
        "scaleZ": 0.625000358
      },
      "Nickname": "Zameon Gydrael",
      "Description": "",
      "GMNotes": "",
      "ColorDiffuse": {
        "r": 1.0,
        "g": 1.0,
        "b": 1.0
      },
      "LayoutGroupSortIndex": 0,
      "Locked": false,
      "Grid": true,
      "Snap": false,
      "IgnoreFoW": false,
      "MeasureMovement": false,
      "DragSelectable": true,
      "Autoraise": true,
      "Sticky": false,
      "Tooltip": true,
      "GridProjection": false,
      "HideWhenFaceDown": false,
      "Hands": false,
      "CustomMesh": {
        "MeshURL": "http://cloud-3.steamusercontent.com/ugc/1666853488469475225/1C623EC1DDCA63E194609A8B82BDC9790BA15C3C/",
        "DiffuseURL": "http://cloud-3.steamusercontent.com/ugc/1666853488469475429/8713D48EEEEAF0851B801B9E2A6639F4D4C664E1/",
        "NormalURL": "",
        "ColliderURL": "http://cloud-3.steamusercontent.com/ugc/1012689151634469159/9B34DA65B0FBA7F8A39BE6BE535778600C33B45C/",
        "Convex": true,
        "MaterialIndex": 2,
        "TypeIndex": 1,
        "CustomShader": {
          "SpecularColor": {
            "r": 0.7372549,
            "g": 0.7372549,
            "b": 0.7372549
          },
          "SpecularIntensity": 0.0,
          "SpecularSharpness": 7.0,
          "FresnelStrength": 0.0
        },
        "CastShadows": true
      },
      "LuaScript": "",
      "LuaScriptState": "",
      "XmlUI": ""
    },
    {
      "GUID": "607315",
      "Name": "Custom_Model",
      "Transform": {
        "posX": 0.0111393994,
        "posY": 0.960307956,
        "posZ": -0.3974733,
        "rotX": 2.615425E-06,
        "rotY": 180.000916,
        "rotZ": 2.7813694E-06,
        "scaleX": 0.6000004,
        "scaleY": 0.615781,
        "scaleZ": 0.6000004
      },
      "Nickname": "Rodricus Grytt",
      "Description": "",
      "GMNotes": "",
      "ColorDiffuse": {
        "r": 1.0,
        "g": 1.0,
        "b": 1.0
      },
      "LayoutGroupSortIndex": 0,
      "Locked": false,
      "Grid": true,
      "Snap": false,
      "IgnoreFoW": false,
      "MeasureMovement": false,
      "DragSelectable": true,
      "Autoraise": true,
      "Sticky": false,
      "Tooltip": true,
      "GridProjection": false,
      "HideWhenFaceDown": false,
      "Hands": false,
      "CustomMesh": {
        "MeshURL": "http://cloud-3.steamusercontent.com/ugc/1666853724046413671/26997986799125229E52B73E84C257BAA4627957/",
        "DiffuseURL": "http://cloud-3.steamusercontent.com/ugc/1666853724046413869/7860F4C3B2CAC9D82DFB9302D059C81A3844F5F8/",
        "NormalURL": "",
        "ColliderURL": "http://cloud-3.steamusercontent.com/ugc/1012689151634469159/9B34DA65B0FBA7F8A39BE6BE535778600C33B45C/",
        "Convex": true,
        "MaterialIndex": 2,
        "TypeIndex": 1,
        "CustomShader": {
          "SpecularColor": {
            "r": 0.7372549,
            "g": 0.7372549,
            "b": 0.7372549
          },
          "SpecularIntensity": 0.0,
          "SpecularSharpness": 7.0,
          "FresnelStrength": 0.0
        },
        "CastShadows": true
      },
      "LuaScript": "",
      "LuaScriptState": "",
      "XmlUI": ""
    },
    {
      "GUID": "b9ce9a",
      "Name": "Custom_Model",
      "Transform": {
        "posX": -3.12908649,
        "posY": 0.960312366,
        "posZ": -5.105133,
        "rotX": -3.944329E-06,
        "rotY": 135.021317,
        "rotZ": 1.86179636E-06,
        "scaleX": 0.625000358,
        "scaleY": 0.625000358,
        "scaleZ": 0.625000358
      },
      "Nickname": "Ortan Cassius",
      "Description": "",
      "GMNotes": "",
      "ColorDiffuse": {
        "r": 1.0,
        "g": 1.0,
        "b": 1.0
      },
      "LayoutGroupSortIndex": 0,
      "Locked": false,
      "Grid": true,
      "Snap": false,
      "IgnoreFoW": false,
      "MeasureMovement": false,
      "DragSelectable": true,
      "Autoraise": true,
      "Sticky": false,
      "Tooltip": true,
      "GridProjection": false,
      "HideWhenFaceDown": false,
      "Hands": false,
      "CustomMesh": {
        "MeshURL": "http://cloud-3.steamusercontent.com/ugc/1666853724047150045/F00255388AE70520BB28D921DD139E5A5F6EE431/",
        "DiffuseURL": "http://cloud-3.steamusercontent.com/ugc/1666853724047150270/35598056200E5DAA2E0F46D134D63A4615646610/",
        "NormalURL": "",
        "ColliderURL": "http://cloud-3.steamusercontent.com/ugc/1012689151634469159/9B34DA65B0FBA7F8A39BE6BE535778600C33B45C/",
        "Convex": true,
        "MaterialIndex": 2,
        "TypeIndex": 1,
        "CustomShader": {
          "SpecularColor": {
            "r": 0.7372549,
            "g": 0.7372549,
            "b": 0.7372549
          },
          "SpecularIntensity": 0.0,
          "SpecularSharpness": 7.0,
          "FresnelStrength": 0.0
        },
        "CastShadows": true
      },
      "LuaScript": "",
      "LuaScriptState": "",
      "XmlUI": ""
    },
    {
      "GUID": "b56c03",
      "Name": "3DText",
      "Transform": {
        "posX": -2.23035145,
        "posY": 0.9611351,
        "posZ": -9.834941,
        "rotX": 90.0,
        "rotY": 0.0,
        "rotZ": 0.0,
        "scaleX": 1.0,
        "scaleY": 1.0,
        "scaleZ": 1.0
      },
      "Nickname": "",
      "Description": "",
      "GMNotes": "",
      "ColorDiffuse": {
        "r": 1.0,
        "g": 1.0,
        "b": 1.0
      },
      "LayoutGroupSortIndex": 0,
      "Locked": true,
      "Grid": true,
      "Snap": true,
      "IgnoreFoW": false,
      "MeasureMovement": false,
      "DragSelectable": true,
      "Autoraise": true,
      "Sticky": true,
      "Tooltip": true,
      "GridProjection": false,
      "HideWhenFaceDown": false,
      "Hands": false,
      "Text": {
        "Text": "If you like my work feel free to check out the link in the \ndescription to my Ko-fi and fund my coffee addiction :)",
        "colorstate": {
          "r": 1.0,
          "g": 1.0,
          "b": 1.0
        },
        "fontSize": 64
      },
      "LuaScript": "",
      "LuaScriptState": "",
      "XmlUI": ""
    }
  ]
}