[
  {
    "Directory": "C:\\Users\\Malice_Red\\Documents//My Games//Tabletop Simulator//Saves\\Adeptus Astartes\\TS_Save_22.json",
    "Name": "22 - Space Marines Special Units and Recolorables - 12/4/2019 7:42:57 PM",
    "UpdateTime": 1575506625
  },
  {
    "Directory": "C:\\Users\\Malice_Red\\Documents//My Games//Tabletop Simulator//Saves\\Adeptus Astartes\\TS_Save_29.json",
    "Name": "29 - Centurions - 4/20/2020 11:06:14 PM",
    "UpdateTime": 1587438376
  },
  {
    "Directory": "C:\\Users\\Malice_Red\\Documents//My Games//Tabletop Simulator//Saves\\Adeptus Astartes\\TS_Save_49.json",
    "Name": "49 - Imperial Fists - 2/13/2020 7:27:54 PM",
    "UpdateTime": 1581643676
  },
  {
    "Directory": "C:\\Users\\Malice_Red\\Documents//My Games//Tabletop Simulator//Saves\\Adeptus Astartes\\TS_Save_50.json",
    "Name": "50 - Ultramarines - 2/13/2020 7:26:25 PM",
    "UpdateTime": 1581643586
  },
  {
    "Directory": "C:\\Users\\Malice_Red\\Documents//My Games//Tabletop Simulator//Saves\\Adeptus Astartes\\TS_Save_51.json",
    "Name": "51 - White Scars - 2/13/2020 7:24:55 PM",
    "UpdateTime": 1581643496
  },
  {
    "Directory": "C:\\Users\\Malice_Red\\Documents//My Games//Tabletop Simulator//Saves\\Adeptus Astartes\\TS_Save_52.json",
    "Name": "52 - Salamanders - 2/13/2020 7:23:24 PM",
    "UpdateTime": 1581643406
  },
  {
    "Directory": "C:\\Users\\Malice_Red\\Documents//My Games//Tabletop Simulator//Saves\\Adeptus Astartes\\TS_Save_53.json",
    "Name": "53 - Iron Hands - 2/13/2020 7:21:50 PM",
    "UpdateTime": 1581643312
  },
  {
    "Directory": "C:\\Users\\Malice_Red\\Documents//My Games//Tabletop Simulator//Saves\\Adeptus Astartes\\TS_Save_54.json",
    "Name": "54 - Raven Guard - 2/13/2020 7:20:11 PM",
    "UpdateTime": 1581643212
  },
  {
    "Directory": "C:\\Users\\Malice_Red\\Documents//My Games//Tabletop Simulator//Saves\\Adeptus Astartes\\TS_Save_55.json",
    "Name": "55 - Blood Angels - 2/13/2020 7:17:56 PM",
    "UpdateTime": 1581643078
  },
  {
    "Directory": "C:\\Users\\Malice_Red\\Documents//My Games//Tabletop Simulator//Saves\\Adeptus Astartes\\TS_Save_56.json",
    "Name": "56 - Dark Angels - 4/16/2020 7:41:10 PM",
    "UpdateTime": 1587279948
  },
  {
    "Directory": "C:\\Users\\Malice_Red\\Documents//My Games//Tabletop Simulator//Saves\\Adeptus Astartes\\TS_Save_57.json",
    "Name": "57 - Space Wolves - 2/13/2020 7:14:26 PM",
    "UpdateTime": 1581642868
  },
  {
    "Directory": "C:\\Users\\Malice_Red\\Documents//My Games//Tabletop Simulator//Saves\\Adeptus Astartes\\TS_Save_58.json",
    "Name": "58 - Black Templars - 2/13/2020 7:12:45 PM",
    "UpdateTime": 1581642766
  },
  {
    "Directory": "C:\\Users\\Malice_Red\\Documents//My Games//Tabletop Simulator//Saves\\Adeptus Astartes\\TS_Save_59.json",
    "Name": "59 - Blood Ravens - 2/29/2020 7:20:30 PM",
    "UpdateTime": 1583025632
  },
  {
    "Directory": "C:\\Users\\Malice_Red\\Documents//My Games//Tabletop Simulator//Saves\\Adeptus Astartes\\TS_Save_60.json",
    "Name": "60 - Grey Knights - 2/25/2020 7:23:17 PM",
    "UpdateTime": 1582680198
  },
  {
    "Directory": "C:\\Users\\Malice_Red\\Documents//My Games//Tabletop Simulator//Saves\\Adeptus Astartes\\TS_Save_79.json",
    "Name": "79 - Space Marine Special Characters - 4/20/2020 11:02:26 PM",
    "UpdateTime": 1587438148
  },
  {
    "Directory": "C:\\Users\\Malice_Red\\Documents//My Games//Tabletop Simulator//Saves\\Adeptus Astartes\\TS_Save_80.json",
    "Name": "80 - Space Marines Primaris and Extras (recolorable) - 3/12/2020 7:16:58 PM",
    "UpdateTime": 1584055020
  },
  {
    "Directory": "C:\\Users\\Malice_Red\\Documents//My Games//Tabletop Simulator//Saves\\Adeptus Astartes\\TS_Save_81.json",
    "Name": "81 - Space Marine Supplement Units - 2/13/2020 6:58:53 PM",
    "UpdateTime": 1581641934
  },
  {
    "Directory": "C:\\Users\\Malice_Red\\Documents//My Games//Tabletop Simulator//Saves\\Adeptus Astartes\\TS_Save_82.json",
    "Name": "82 - Space Wolves Codex Units - 2/25/2020 2:25:18 AM",
    "UpdateTime": 1582619120
  },
  {
    "Directory": "C:\\Users\\Malice_Red\\Documents//My Games//Tabletop Simulator//Saves\\Adeptus Astartes\\TS_Save_83.json",
    "Name": "83 - Blood Angels Codex Units - 4/10/2020 5:18:38 PM",
    "UpdateTime": 1586553520
  },
  {
    "Directory": "C:\\Users\\Malice_Red\\Documents//My Games//Tabletop Simulator//Saves\\Adeptus Astartes\\TS_Save_84.json",
    "Name": "84 - Dark Angels Codex Units - 2/25/2020 4:22:45 AM",
    "UpdateTime": 1582626166
  },
  {
    "Directory": "C:\\Users\\Malice_Red\\Documents//My Games//Tabletop Simulator//Saves\\Adeptus Astartes\\TS_Save_88.json",
    "Name": "88 - Drop Pod - 2/14/2020 11:04:30 PM",
    "UpdateTime": 1581743072
  },
  {
    "Directory": "C:\\Users\\Malice_Red\\Documents//My Games//Tabletop Simulator//Saves\\Adeptus Astartes\\TS_Save_90.json",
    "Name": "90 - Space Marine Forge World Units - 3/2/2020 7:35:33 PM",
    "UpdateTime": 1583199334
  },
  {
    "Directory": "C:\\Users\\Malice_Red\\Documents//My Games//Tabletop Simulator//Saves\\Adeptus Astartes\\TS_Save_92.json",
    "Name": "92 - Deathwatch - 3/12/2020 5:29:12 PM",
    "UpdateTime": 1584048554
  },
  {
    "Directory": "C:\\Users\\Malice_Red\\Documents//My Games//Tabletop Simulator//Saves\\Chaos\\TS_Save_2093.json",
    "Name": "2093 - Renegades and Heretics - 3/28/2020 9:03:41 PM",
    "UpdateTime": 1585443822
  },
  {
    "Directory": "C:\\Users\\Malice_Red\\Documents//My Games//Tabletop Simulator//Saves\\Chaos\\TS_Save_2112.json",
    "Name": "2112 - Traitoris Titanicus - 4/20/2020 11:21:19 PM",
    "UpdateTime": 1587439280
  },
  {
    "Directory": "C:\\Users\\Malice_Red\\Documents//My Games//Tabletop Simulator//Saves\\Chaos\\TS_Save_61.json",
    "Name": "61 - Black Legion/Chaos Undivided - 4/14/2020 3:38:14 PM",
    "UpdateTime": 1587279948
  },
  {
    "Directory": "C:\\Users\\Malice_Red\\Documents//My Games//Tabletop Simulator//Saves\\Chaos\\TS_Save_62.json",
    "Name": "62 - Death Guard - 3/16/2020 7:55:09 PM",
    "UpdateTime": 1584402910
  },
  {
    "Directory": "C:\\Users\\Malice_Red\\Documents//My Games//Tabletop Simulator//Saves\\Chaos\\TS_Save_63.json",
    "Name": "63 - Thousand Sons - 3/27/2020 5:34:58 PM",
    "UpdateTime": 1585344900
  },
  {
    "Directory": "C:\\Users\\Malice_Red\\Documents//My Games//Tabletop Simulator//Saves\\Chaos\\TS_Save_64.json",
    "Name": "64 - Chaos Knights - 3/1/2020 12:51:12 AM",
    "UpdateTime": 1583045474
  },
  {
    "Directory": "C:\\Users\\Malice_Red\\Documents//My Games//Tabletop Simulator//Saves\\Chaos\\TS_Save_65.json",
    "Name": "65 - Daemons - 4/6/2020 6:26:32 PM",
    "UpdateTime": 1586211994
  },
  {
    "Directory": "C:\\Users\\Malice_Red\\Documents//My Games//Tabletop Simulator//Saves\\Chaos\\TS_Save_66.json",
    "Name": "66 - Servants of the Abyss and Gellarpox Infected - 2/13/2020 7:37:52 PM",
    "UpdateTime": 1581644274
  },
  {
    "Directory": "C:\\Users\\Malice_Red\\Documents//My Games//Tabletop Simulator//Saves\\Chaos\\TS_Save_67.json",
    "Name": "67 - World Eaters - 3/15/2020 12:11:13 PM",
    "UpdateTime": 1584288676
  },
  {
    "Directory": "C:\\Users\\Malice_Red\\Documents//My Games//Tabletop Simulator//Saves\\Chaos\\TS_Save_68.json",
    "Name": "68 - Emperor's Children - 2/25/2020 1:00:42 AM",
    "UpdateTime": 1582614044
  },
  {
    "Directory": "C:\\Users\\Malice_Red\\Documents//My Games//Tabletop Simulator//Saves\\Eldar\\TS_Save_37.json",
    "Name": "37 - Dark Eldar - 3/30/2020 6:57:21 PM",
    "UpdateTime": 1585609042
  },
  {
    "Directory": "C:\\Users\\Malice_Red\\Documents//My Games//Tabletop Simulator//Saves\\Eldar\\TS_Save_38.json",
    "Name": "38 - Harlequins - 2/24/2020 6:03:51 PM",
    "UpdateTime": 1582589032
  },
  {
    "Directory": "C:\\Users\\Malice_Red\\Documents//My Games//Tabletop Simulator//Saves\\Eldar\\TS_Save_40.json",
    "Name": "40 - Eldar 2 - 3/13/2020 2:38:32 PM",
    "UpdateTime": 1584124714
  },
  {
    "Directory": "C:\\Users\\Malice_Red\\Documents//My Games//Tabletop Simulator//Saves\\Eldar\\TS_Save_41.json",
    "Name": "41 - Eldar + special characters - 4/14/2020 3:58:43 PM",
    "UpdateTime": 1586894324
  },
  {
    "Directory": "C:\\Users\\Malice_Red\\Documents//My Games//Tabletop Simulator//Saves\\Imperium\\TS_Save_140.json",
    "Name": "140 - Adeptus Arbites (Homebrew) - 3/4/2020 1:49:19 AM",
    "UpdateTime": 1583308160
  },
  {
    "Directory": "C:\\Users\\Malice_Red\\Documents//My Games//Tabletop Simulator//Saves\\Imperium\\TS_Save_141.json",
    "Name": "141 - Death Korps of Krieg 1 - 3/4/2020 12:46:28 PM",
    "UpdateTime": 1583347590
  },
  {
    "Directory": "C:\\Users\\Malice_Red\\Documents//My Games//Tabletop Simulator//Saves\\Imperium\\TS_Save_2102.json",
    "Name": "2102 - Imperial Guard Leman Russ Variants - 4/2/2020 3:13:08 PM",
    "UpdateTime": 1585854790
  },
  {
    "Directory": "C:\\Users\\Malice_Red\\Documents//My Games//Tabletop Simulator//Saves\\Imperium\\TS_Save_2111.json",
    "Name": "2111 - Adeptus Titanicus - 4/20/2020 11:20:05 PM",
    "UpdateTime": 1587439206
  },
  {
    "Directory": "C:\\Users\\Malice_Red\\Documents//My Games//Tabletop Simulator//Saves\\Imperium\\TS_Save_42.json",
    "Name": "42 - Adeptus Custodes and Sisters of Silence - 3/1/2020 12:41:49 AM",
    "UpdateTime": 1583044910
  },
  {
    "Directory": "C:\\Users\\Malice_Red\\Documents//My Games//Tabletop Simulator//Saves\\Imperium\\TS_Save_43.json",
    "Name": "43 - Inquisition, Rogue Traders, and Assassins - 2/27/2020 4:08:25 AM",
    "UpdateTime": 1582798106
  },
  {
    "Directory": "C:\\Users\\Malice_Red\\Documents//My Games//Tabletop Simulator//Saves\\Imperium\\TS_Save_44.json",
    "Name": "44 - Imperial Guard 1 - 3/16/2020 11:36:02 AM",
    "UpdateTime": 1584372964
  },
  {
    "Directory": "C:\\Users\\Malice_Red\\Documents//My Games//Tabletop Simulator//Saves\\Imperium\\TS_Save_45.json",
    "Name": "45 - Imperial Guard 2 - 2/13/2020 8:00:34 PM",
    "UpdateTime": 1581645636
  },
  {
    "Directory": "C:\\Users\\Malice_Red\\Documents//My Games//Tabletop Simulator//Saves\\Imperium\\TS_Save_46.json",
    "Name": "46 - Adeptus Mechanicus - 2/13/2020 7:57:00 PM",
    "UpdateTime": 1581645422
  },
  {
    "Directory": "C:\\Users\\Malice_Red\\Documents//My Games//Tabletop Simulator//Saves\\Imperium\\TS_Save_47.json",
    "Name": "47 - Imperial Knights - 3/1/2020 12:45:03 AM",
    "UpdateTime": 1583045104
  },
  {
    "Directory": "C:\\Users\\Malice_Red\\Documents//My Games//Tabletop Simulator//Saves\\Imperium\\TS_Save_77.json",
    "Name": "77 - Sisters of Battle - 4/8/2020 7:10:32 PM",
    "UpdateTime": 1586387434
  },
  {
    "Directory": "C:\\Users\\Malice_Red\\Documents//My Games//Tabletop Simulator//Saves\\Maps, Tools, and Terrain\\Maps\\TS_Save_100.json",
    "Name": "100 - BCB Map Converter 2.0 - 2/29/2020 5:20:45 PM",
    "UpdateTime": 1583014848
  },
  {
    "Directory": "C:\\Users\\Malice_Red\\Documents//My Games//Tabletop Simulator//Saves\\Maps, Tools, and Terrain\\Maps\\TS_Save_102.json",
    "Name": "102 - Alpha League 40k Map Base - v2.17 - 4/19/2020 7:35:57 AM",
    "UpdateTime": 1587279948
  },
  {
    "Directory": "C:\\Users\\Malice_Red\\Documents//My Games//Tabletop Simulator//Saves\\Maps, Tools, and Terrain\\Maps\\TS_Save_103.json",
    "Name": "103 - Dawn of War - 4/18/2020 8:22:28 PM",
    "UpdateTime": 1587279948
  },
  {
    "Directory": "C:\\Users\\Malice_Red\\Documents//My Games//Tabletop Simulator//Saves\\Maps, Tools, and Terrain\\Maps\\TS_Save_104.json",
    "Name": "104 - Frontline Assault - 4/18/2020 8:21:43 PM",
    "UpdateTime": 1587279948
  },
  {
    "Directory": "C:\\Users\\Malice_Red\\Documents//My Games//Tabletop Simulator//Saves\\Maps, Tools, and Terrain\\Maps\\TS_Save_105.json",
    "Name": "105 - Hammer and Anvil - 4/18/2020 8:20:39 PM",
    "UpdateTime": 1587279948
  },
  {
    "Directory": "C:\\Users\\Malice_Red\\Documents//My Games//Tabletop Simulator//Saves\\Maps, Tools, and Terrain\\Maps\\TS_Save_106.json",
    "Name": "106 - Spearhead - 4/18/2020 8:19:28 PM",
    "UpdateTime": 1587279948
  },
  {
    "Directory": "C:\\Users\\Malice_Red\\Documents//My Games//Tabletop Simulator//Saves\\Maps, Tools, and Terrain\\Maps\\TS_Save_107.json",
    "Name": "107 - Search and Destroy - 4/18/2020 8:18:25 PM",
    "UpdateTime": 1587279948
  },
  {
    "Directory": "C:\\Users\\Malice_Red\\Documents//My Games//Tabletop Simulator//Saves\\Maps, Tools, and Terrain\\Maps\\TS_Save_108.json",
    "Name": "108 - Vanguard - 4/18/2020 8:17:24 PM",
    "UpdateTime": 1587279948
  },
  {
    "Directory": "C:\\Users\\Malice_Red\\Documents//My Games//Tabletop Simulator//Saves\\Maps, Tools, and Terrain\\Maps\\TS_Save_128.json",
    "Name": "128 - Wastelands - 6'x4' ITC - 4/18/2020 5:46:17 PM",
    "UpdateTime": 1587279948
  },
  {
    "Directory": "C:\\Users\\Malice_Red\\Documents//My Games//Tabletop Simulator//Saves\\Maps, Tools, and Terrain\\Maps\\TS_Save_129.json",
    "Name": "129 - Kastellengrad - 6 x 4 ITC - 4/18/2020 8:08:49 PM",
    "UpdateTime": 1587279948
  },
  {
    "Directory": "C:\\Users\\Malice_Red\\Documents//My Games//Tabletop Simulator//Saves\\Maps, Tools, and Terrain\\Maps\\TS_Save_130.json",
    "Name": "130 - Forgotten Factory - 6'x4' ITC - 4/19/2020 8:00:05 AM",
    "UpdateTime": 1587279948
  },
  {
    "Directory": "C:\\Users\\Malice_Red\\Documents//My Games//Tabletop Simulator//Saves\\Maps, Tools, and Terrain\\Maps\\TS_Save_131.json",
    "Name": "131 - Tau City - 6 x 4 - 4/19/2020 7:58:58 AM",
    "UpdateTime": 1587279948
  },
  {
    "Directory": "C:\\Users\\Malice_Red\\Documents//My Games//Tabletop Simulator//Saves\\Maps, Tools, and Terrain\\Maps\\TS_Save_132.json",
    "Name": "132 - Cargo Depot - 6 x 4 ITC - 4/18/2020 6:14:34 PM",
    "UpdateTime": 1587279948
  },
  {
    "Directory": "C:\\Users\\Malice_Red\\Documents//My Games//Tabletop Simulator//Saves\\Maps, Tools, and Terrain\\Maps\\TS_Save_133.json",
    "Name": "133 - Canyon Trail - 6 x 4 - 4/18/2020 6:15:19 PM",
    "UpdateTime": 1587279948
  },
  {
    "Directory": "C:\\Users\\Malice_Red\\Documents//My Games//Tabletop Simulator//Saves\\Maps, Tools, and Terrain\\Maps\\TS_Save_134.json",
    "Name": "134 - Industrial Complex - 6 x 4 ITC - 4/18/2020 6:16:00 PM",
    "UpdateTime": 1587279948
  },
  {
    "Directory": "C:\\Users\\Malice_Red\\Documents//My Games//Tabletop Simulator//Saves\\Maps, Tools, and Terrain\\Maps\\TS_Save_135.json",
    "Name": "135 - Snowy Forge World - 6 x 4 - 4/19/2020 7:54:30 AM",
    "UpdateTime": 1587279948
  },
  {
    "Directory": "C:\\Users\\Malice_Red\\Documents//My Games//Tabletop Simulator//Saves\\Maps, Tools, and Terrain\\Maps\\TS_Save_136.json",
    "Name": "136 - Ruined Marketplace - 6 x 4 - 4/18/2020 6:17:11 PM",
    "UpdateTime": 1587279948
  },
  {
    "Directory": "C:\\Users\\Malice_Red\\Documents//My Games//Tabletop Simulator//Saves\\Maps, Tools, and Terrain\\Maps\\TS_Save_137.json",
    "Name": "137 - Refinery - 6 x 4 - 4/18/2020 5:50:47 PM",
    "UpdateTime": 1587279948
  },
  {
    "Directory": "C:\\Users\\Malice_Red\\Documents//My Games//Tabletop Simulator//Saves\\Maps, Tools, and Terrain\\Maps\\TS_Save_138.json",
    "Name": "138 - Ruined Cityscape - 6 x 4 - 4/18/2020 5:48:37 PM",
    "UpdateTime": 1587279948
  },
  {
    "Directory": "C:\\Users\\Malice_Red\\Documents//My Games//Tabletop Simulator//Saves\\Maps, Tools, and Terrain\\Maps\\TS_Save_139.json",
    "Name": "139 - Mars Wastes - 6 x 4 - 4/19/2020 7:48:33 AM",
    "UpdateTime": 1587279948
  },
  {
    "Directory": "C:\\Users\\Malice_Red\\Documents//My Games//Tabletop Simulator//Saves\\Maps, Tools, and Terrain\\Maps\\TS_Save_145.json",
    "Name": "145 - Abandoned Lunar Base - 6 x 4 - 4/18/2020 7:44:08 PM",
    "UpdateTime": 1587279948
  },
  {
    "Directory": "C:\\Users\\Malice_Red\\Documents//My Games//Tabletop Simulator//Saves\\Maps, Tools, and Terrain\\Maps\\TS_Save_146.json",
    "Name": "146 - Warehouse Panic - 6 x 4 - 4/18/2020 7:45:25 PM",
    "UpdateTime": 1587279948
  },
  {
    "Directory": "C:\\Users\\Malice_Red\\Documents//My Games//Tabletop Simulator//Saves\\Maps, Tools, and Terrain\\Maps\\TS_Save_147.json",
    "Name": "147 - Desert River - 6 x 4 - 4/18/2020 7:55:34 PM",
    "UpdateTime": 1587279948
  },
  {
    "Directory": "C:\\Users\\Malice_Red\\Documents//My Games//Tabletop Simulator//Saves\\Maps, Tools, and Terrain\\Maps\\TS_Save_148.json",
    "Name": "148 - Killzone: Mechanicus Power Station Beta - 4/18/2020 6:06:31 PM",
    "UpdateTime": 1587279948
  },
  {
    "Directory": "C:\\Users\\Malice_Red\\Documents//My Games//Tabletop Simulator//Saves\\Maps, Tools, and Terrain\\Maps\\TS_Save_149.json",
    "Name": "149 - Killzone: Imperial Defense Line - 4/18/2020 6:09:11 PM",
    "UpdateTime": 1587279948
  },
  {
    "Directory": "C:\\Users\\Malice_Red\\Documents//My Games//Tabletop Simulator//Saves\\Maps, Tools, and Terrain\\Maps\\TS_Save_150.json",
    "Name": "150 - Killzone: Mining Site - 4/18/2020 6:02:06 PM",
    "UpdateTime": 1587279948
  },
  {
    "Directory": "C:\\Users\\Malice_Red\\Documents//My Games//Tabletop Simulator//Saves\\Maps, Tools, and Terrain\\Maps\\TS_Save_151.json",
    "Name": "151 - Killzone: Munitorum Loading Bay - 4/18/2020 5:59:58 PM",
    "UpdateTime": 1587279948
  },
  {
    "Directory": "C:\\Users\\Malice_Red\\Documents//My Games//Tabletop Simulator//Saves\\Maps, Tools, and Terrain\\Maps\\TS_Save_152.json",
    "Name": "152 - Killzone: Blackstone Research Station - 4/18/2020 7:59:47 PM",
    "UpdateTime": 1587279948
  },
  {
    "Directory": "C:\\Users\\Malice_Red\\Documents//My Games//Tabletop Simulator//Saves\\Maps, Tools, and Terrain\\Maps\\TS_Save_153.json",
    "Name": "153 - Killzone: Ship Boarding - 4/18/2020 8:07:35 PM",
    "UpdateTime": 1587279948
  },
  {
    "Directory": "C:\\Users\\Malice_Red\\Documents//My Games//Tabletop Simulator//Saves\\Maps, Tools, and Terrain\\Maps\\TS_Save_154.json",
    "Name": "154 - Killzone: Garrison - 4/18/2020 6:12:08 PM",
    "UpdateTime": 1587279948
  },
  {
    "Directory": "C:\\Users\\Malice_Red\\Documents//My Games//Tabletop Simulator//Saves\\Maps, Tools, and Terrain\\Maps\\TS_Save_155.json",
    "Name": "155 - Killzone: Sector Imperialis Area 11A - 4/18/2020 5:55:50 PM",
    "UpdateTime": 1587279948
  },
  {
    "Directory": "C:\\Users\\Malice_Red\\Documents//My Games//Tabletop Simulator//Saves\\Maps, Tools, and Terrain\\Terrain\\TS_Save_112.json",
    "Name": "112 - Ultimate Terrain Collection - 4/12/2020 8:46:11 PM",
    "UpdateTime": 1586891568
  },
  {
    "Directory": "C:\\Users\\Malice_Red\\Documents//My Games//Tabletop Simulator//Saves\\Maps, Tools, and Terrain\\Terrain\\TS_Save_113.json",
    "Name": "113 - Battlefield Terrain Objects 1 - 3/1/2020 12:20:40 AM",
    "UpdateTime": 1583043642
  },
  {
    "Directory": "C:\\Users\\Malice_Red\\Documents//My Games//Tabletop Simulator//Saves\\Maps, Tools, and Terrain\\Terrain\\TS_Save_114.json",
    "Name": "114 - Battlefield Terrain Objects 2 - 3/1/2020 12:22:27 AM",
    "UpdateTime": 1583043748
  },
  {
    "Directory": "C:\\Users\\Malice_Red\\Documents//My Games//Tabletop Simulator//Saves\\Maps, Tools, and Terrain\\Terrain\\TS_Save_115.json",
    "Name": "115 - Battlefield Terrain Objects 4 - 3/1/2020 12:24:27 AM",
    "UpdateTime": 1583043868
  },
  {
    "Directory": "C:\\Users\\Malice_Red\\Documents//My Games//Tabletop Simulator//Saves\\Maps, Tools, and Terrain\\Terrain\\TS_Save_116.json",
    "Name": "116 - Battlefield Terrain Objects 4 - 3/1/2020 12:24:58 AM",
    "UpdateTime": 1583040302
  },
  {
    "Directory": "C:\\Users\\Malice_Red\\Documents//My Games//Tabletop Simulator//Saves\\Maps, Tools, and Terrain\\Terrain\\TS_Save_117.json",
    "Name": "117 - Battlefield Terrain Objects 5 - 3/1/2020 12:25:39 AM",
    "UpdateTime": 1583043940
  },
  {
    "Directory": "C:\\Users\\Malice_Red\\Documents//My Games//Tabletop Simulator//Saves\\Maps, Tools, and Terrain\\Terrain\\TS_Save_118.json",
    "Name": "118 - Imperial Guard Buildings - 3/1/2020 12:26:57 AM",
    "UpdateTime": 1583044018
  },
  {
    "Directory": "C:\\Users\\Malice_Red\\Documents//My Games//Tabletop Simulator//Saves\\Maps, Tools, and Terrain\\Terrain\\TS_Save_119.json",
    "Name": "119 - Dark Eldar Buildings - 3/1/2020 12:27:36 AM",
    "UpdateTime": 1583044058
  },
  {
    "Directory": "C:\\Users\\Malice_Red\\Documents//My Games//Tabletop Simulator//Saves\\Maps, Tools, and Terrain\\Terrain\\TS_Save_120.json",
    "Name": "120 - Ecclesiarchy Buildings - 3/1/2020 12:28:42 AM",
    "UpdateTime": 1583044124
  },
  {
    "Directory": "C:\\Users\\Malice_Red\\Documents//My Games//Tabletop Simulator//Saves\\Maps, Tools, and Terrain\\Terrain\\TS_Save_121.json",
    "Name": "121 - Fortifications - 3/1/2020 12:32:41 AM",
    "UpdateTime": 1583044362
  },
  {
    "Directory": "C:\\Users\\Malice_Red\\Documents//My Games//Tabletop Simulator//Saves\\Maps, Tools, and Terrain\\Terrain\\TS_Save_122.json",
    "Name": "122 - Ruins - 3/1/2020 12:34:18 AM",
    "UpdateTime": 1583044460
  },
  {
    "Directory": "C:\\Users\\Malice_Red\\Documents//My Games//Tabletop Simulator//Saves\\Maps, Tools, and Terrain\\Terrain\\TS_Save_123.json",
    "Name": "123 - Desert and Ruins - 3/1/2020 12:35:11 AM",
    "UpdateTime": 1583044512
  },
  {
    "Directory": "C:\\Users\\Malice_Red\\Documents//My Games//Tabletop Simulator//Saves\\Maps, Tools, and Terrain\\Terrain\\TS_Save_124.json",
    "Name": "124 - Urban Wreckage - 3/1/2020 12:37:33 AM",
    "UpdateTime": 1583041058
  },
  {
    "Directory": "C:\\Users\\Malice_Red\\Documents//My Games//Tabletop Simulator//Saves\\Maps, Tools, and Terrain\\Terrain\\TS_Save_125.json",
    "Name": "125 - Assorted Buildings - 3/1/2020 12:40:20 AM",
    "UpdateTime": 1583044822
  },
  {
    "Directory": "C:\\Users\\Malice_Red\\Documents//My Games//Tabletop Simulator//Saves\\Maps, Tools, and Terrain\\Terrain\\TS_Save_144.json",
    "Name": "144 - Fortifications 2 - 4/3/2020 10:21:21 PM",
    "UpdateTime": 1585966882
  },
  {
    "Directory": "C:\\Users\\Malice_Red\\Documents//My Games//Tabletop Simulator//Saves\\Maps, Tools, and Terrain\\Tools\\TS_Save_100.json",
    "Name": "100 - BCB Map Converter 2.0 - 2/29/2020 5:20:45 PM",
    "UpdateTime": 1587279948
  },
  {
    "Directory": "C:\\Users\\Malice_Red\\Documents//My Games//Tabletop Simulator//Saves\\Maps, Tools, and Terrain\\Tools\\TS_Save_101.json",
    "Name": "101 - Battlescribe2TTS - 3/12/2020 5:34:40 PM",
    "UpdateTime": 1584048882
  },
  {
    "Directory": "C:\\Users\\Malice_Red\\Documents//My Games//Tabletop Simulator//Saves\\Maps, Tools, and Terrain\\Tools\\TS_Save_109.json",
    "Name": "109 - Realistic Fire - 3/1/2020 12:12:56 AM",
    "UpdateTime": 1583043178
  },
  {
    "Directory": "C:\\Users\\Malice_Red\\Documents//My Games//Tabletop Simulator//Saves\\Maps, Tools, and Terrain\\Tools\\TS_Save_110.json",
    "Name": "110 - Realistic Smoke - 3/1/2020 12:13:45 AM",
    "UpdateTime": 1583043226
  },
  {
    "Directory": "C:\\Users\\Malice_Red\\Documents//My Games//Tabletop Simulator//Saves\\Maps, Tools, and Terrain\\Tools\\TS_Save_111.json",
    "Name": "111 - Base Size Chart - 3/1/2020 12:14:27 AM",
    "UpdateTime": 1583043268
  },
  {
    "Directory": "C:\\Users\\Malice_Red\\Documents//My Games//Tabletop Simulator//Saves\\Maps, Tools, and Terrain\\Tools\\TS_Save_156.json",
    "Name": "156 - Open War Cards - 3/20/2020 7:07:04 PM",
    "UpdateTime": 1584745626
  },
  {
    "Directory": "C:\\Users\\Malice_Red\\Documents//My Games//Tabletop Simulator//Saves\\Maps, Tools, and Terrain\\Tools\\TS_Save_2090.json",
    "Name": "2090 - Tactical Objective Decks - 3/26/2020 1:42:54 PM",
    "UpdateTime": 1585244576
  },
  {
    "Directory": "C:\\Users\\Malice_Red\\Documents//My Games//Tabletop Simulator//Saves\\Maps, Tools, and Terrain\\Tools\\TS_Save_97.json",
    "Name": "97 - BCB Army Builder 2.11 - 3/14/2020 10:47:54 AM",
    "UpdateTime": 1584197276
  },
  {
    "Directory": "C:\\Users\\Malice_Red\\Documents//My Games//Tabletop Simulator//Saves\\Maps, Tools, and Terrain\\Tools\\TS_Save_98.json",
    "Name": "98 - Apocalyse Movement Trays - 2/29/2020 5:17:33 PM",
    "UpdateTime": 1583018254
  },
  {
    "Directory": "C:\\Users\\Malice_Red\\Documents//My Games//Tabletop Simulator//Saves\\Maps, Tools, and Terrain\\Tools\\TS_Save_99.json",
    "Name": "99 - BCB Apoc Army Builder - 3/12/2020 5:44:56 PM",
    "UpdateTime": 1584049498
  },
  {
    "Directory": "C:\\Users\\Malice_Red\\Documents//My Games//Tabletop Simulator//Saves\\Necrons\\TS_Save_35.json",
    "Name": "35 - Necrons - 3/12/2020 10:16:41 AM",
    "UpdateTime": 1584022604
  },
  {
    "Directory": "C:\\Users\\Malice_Red\\Documents//My Games//Tabletop Simulator//Saves\\Orks\\TS_Save_2092.json",
    "Name": "2092 - Ghazghkull Mag Uruk Thraka (and Makari) - 3/26/2020 8:47:03 PM",
    "UpdateTime": 1585270024
  },
  {
    "Directory": "C:\\Users\\Malice_Red\\Documents//My Games//Tabletop Simulator//Saves\\Orks\\TS_Save_2110.json",
    "Name": "2110 - Ork Forge World Units - 4/14/2020 4:08:10 PM",
    "UpdateTime": 1586894892
  },
  {
    "Directory": "C:\\Users\\Malice_Red\\Documents//My Games//Tabletop Simulator//Saves\\Orks\\TS_Save_32.json",
    "Name": "32 - Orks 1 - 2/13/2020 9:28:20 PM",
    "UpdateTime": 1581647299
  },
  {
    "Directory": "C:\\Users\\Malice_Red\\Documents//My Games//Tabletop Simulator//Saves\\Orks\\TS_Save_33.json",
    "Name": "33 - Orks 2 - 2/13/2020 9:23:16 PM",
    "UpdateTime": 1581646994
  },
  {
    "Directory": "C:\\Users\\Malice_Red\\Documents//My Games//Tabletop Simulator//Saves\\Orks\\TS_Save_34.json",
    "Name": "34 - Kaptin Badrukk and Flash Gits - 3/12/2020 7:07:30 PM",
    "UpdateTime": 1584054452
  },
  {
    "Directory": "C:\\Users\\Malice_Red\\Documents//My Games//Tabletop Simulator//Saves\\Orks\\TS_Save_36.json",
    "Name": "36 - Battlewagon w/Cannons - 2/13/2020 9:14:24 PM",
    "UpdateTime": 1581650066
  },
  {
    "Directory": "C:\\Users\\Malice_Red\\Documents//My Games//Tabletop Simulator//Saves\\Orks\\TS_Save_75.json",
    "Name": "75 - Speed Freekz - 2/13/2020 9:13:49 PM",
    "UpdateTime": 1581650030
  },
  {
    "Directory": "C:\\Users\\Malice_Red\\Documents//My Games//Tabletop Simulator//Saves\\Orks\\TS_Save_89.json",
    "Name": "89 - Orks - 4/14/2020 4:08:46 PM",
    "UpdateTime": 1586894928
  },
  {
    "Directory": "C:\\Users\\Malice_Red\\Documents//My Games//Tabletop Simulator//Saves\\Specialist Games\\TS_Save_126.json",
    "Name": "126 - Battlefleet Gothic - 4/2/2020 3:13:57 PM",
    "UpdateTime": 1586891568
  },
  {
    "Directory": "C:\\Users\\Malice_Red\\Documents//My Games//Tabletop Simulator//Saves\\Specialist Games\\TS_Save_127.json",
    "Name": "127 - Areonautica Imperialis - 4/20/2020 10:31:14 PM",
    "UpdateTime": 1587436276
  },
  {
    "Directory": "C:\\Users\\Malice_Red\\Documents//My Games//Tabletop Simulator//Saves\\Specialist Games\\TS_Save_2091.json",
    "Name": "2091 - Adeptus Titanicus - 4/12/2020 6:15:03 PM",
    "UpdateTime": 1586891568
  },
  {
    "Directory": "C:\\Users\\Malice_Red\\Documents//My Games//Tabletop Simulator//Saves\\Specialist Games\\TS_Save_2113.json",
    "Name": "2113 - Epic Armageddon - 4/20/2020 11:43:25 PM",
    "UpdateTime": 1587440606
  },
  {
    "Directory": "C:\\Users\\Malice_Red\\Documents//My Games//Tabletop Simulator//Saves\\Tau\\TS_Save_2103.json",
    "Name": "2103 - Tau Commander Variants - 4/4/2020 7:30:48 PM",
    "UpdateTime": 1586043050
  },
  {
    "Directory": "C:\\Users\\Malice_Red\\Documents//My Games//Tabletop Simulator//Saves\\Tau\\TS_Save_31.json",
    "Name": "31 - Tau Empire - 4/20/2020 11:28:47 PM",
    "UpdateTime": 1587439728
  },
  {
    "Directory": "C:\\Users\\Malice_Red\\Documents//My Games//Tabletop Simulator//Saves\\Tau\\TS_Save_69.json",
    "Name": "69 - T'au - 4/20/2020 11:25:01 PM",
    "UpdateTime": 1587439502
  },
  {
    "Directory": "C:\\Users\\Malice_Red\\Documents//My Games//Tabletop Simulator//Saves\\Tau\\TS_Save_70.json",
    "Name": "70 - Vior'la - 4/20/2020 11:24:10 PM",
    "UpdateTime": 1587439452
  },
  {
    "Directory": "C:\\Users\\Malice_Red\\Documents//My Games//Tabletop Simulator//Saves\\Tau\\TS_Save_71.json",
    "Name": "71 - Farsight Enclaves - 4/20/2020 11:23:23 PM",
    "UpdateTime": 1587439404
  },
  {
    "Directory": "C:\\Users\\Malice_Red\\Documents//My Games//Tabletop Simulator//Saves\\Tau\\TS_Save_91.json",
    "Name": "91 - Tau Special Characters - 4/4/2020 7:37:28 PM",
    "UpdateTime": 1586043450
  },
  {
    "Directory": "C:\\Users\\Malice_Red\\Documents//My Games//Tabletop Simulator//Saves\\Tyranids\\TS_Save_2104.json",
    "Name": "2104 - Tyranids (Kraken) - 4/12/2020 9:01:17 PM",
    "UpdateTime": 1586891568
  },
  {
    "Directory": "C:\\Users\\Malice_Red\\Documents//My Games//Tabletop Simulator//Saves\\Tyranids\\TS_Save_2105.json",
    "Name": "2105 - Tyranids (Leviathan) - 4/14/2020 8:09:59 PM",
    "UpdateTime": 1586891568
  },
  {
    "Directory": "C:\\Users\\Malice_Red\\Documents//My Games//Tabletop Simulator//Saves\\Tyranids\\TS_Save_2107.json",
    "Name": "2107 - Tyranids (Jormungandr) - 4/12/2020 9:02:28 PM",
    "UpdateTime": 1586891568
  },
  {
    "Directory": "C:\\Users\\Malice_Red\\Documents//My Games//Tabletop Simulator//Saves\\Tyranids\\TS_Save_2108.json",
    "Name": "2108 - Tyranids (Behemoth) - 4/14/2020 8:10:25 PM",
    "UpdateTime": 1586891568
  },
  {
    "Directory": "C:\\Users\\Malice_Red\\Documents//My Games//Tabletop Simulator//Saves\\Tyranids\\TS_Save_2109.json",
    "Name": "2109 - Tyranids (Hydra) - 4/14/2020 8:10:39 PM",
    "UpdateTime": 1586891568
  },
  {
    "Directory": "C:\\Users\\Malice_Red\\Documents//My Games//Tabletop Simulator//Saves\\Tyranids\\TS_Save_23.json",
    "Name": "23 - Genestealer Cults - 3/4/2020 11:48:13 AM",
    "UpdateTime": 1583344094
  },
  {
    "Directory": "C:\\Users\\Malice_Red\\Documents//My Games//Tabletop Simulator//Saves\\Maps, Tools, and Terrain\\Maps\\TS_Save_2114.json",
    "Name": "2114 - BCB 40k Map Base - v2.21 - 4/30/2020 6:31:01 AM",
    "UpdateTime": 1588242661
  },
  {
    "Directory": "C:\\Users\\Malice_Red\\Documents//My Games//Tabletop Simulator//Saves\\Maps, Tools, and Terrain\\Maps\\TS_Save_2115.json",
    "Name": "2115 - BCB 40k Apoc Map Base v2.19 - 4/30/2020 6:32:07 AM",
    "UpdateTime": 1588242727
  },
  {
    "Directory": "C:\\Users\\Malice_Red\\Documents//My Games//Tabletop Simulator//Saves\\Maps, Tools, and Terrain\\Maps\\TS_Save_95.json",
    "Name": "95 - BCB 40k Map Base - 4/7/2020 10:35:08 PM",
    "UpdateTime": 1586313310
  },
  {
    "Directory": "C:\\Users\\Malice_Red\\Documents//My Games//Tabletop Simulator//Saves\\Maps, Tools, and Terrain\\Maps\\TS_Save_96.json",
    "Name": "96 - BCB 40k Apoc Map Base - 4/5/2020 3:48:32 PM",
    "UpdateTime": 1586116114
  },
  {
    "Directory": "C:\\Users\\Malice_Red\\Documents//My Games//Tabletop Simulator//Saves\\Tyranids\\TS_Save_93.json",
    "Name": "93 - Tyranids - 2/21/2020 8:37:29 PM",
    "UpdateTime": 1582339052
  },
  {
    "Directory": "C:\\Users\\Malice_Red\\Documents//My Games//Tabletop Simulator//Saves\\TS_AutoSave.json",
    "Name": "Auto Save - Apocalyse Movement Trays - 5/1/2020 2:30:07 PM",
    "UpdateTime": 1588357807
  }
]