{
  "SaveName": "Wastelands - 6'x4' ITC",
  "GameMode": "BCB 40k Map - 6'x4' Template",
  "Gravity": 0.5,
  "PlayArea": 0.5,
  "Date": "3/2/2020 6:37:26 PM",
  "Table": "Table_Custom",
  "TableURL": "",
  "Sky": "Sky_Museum",
  "Note": "By default hands are NOT hidden. If you need to hide hands (e.g. Sealed Orders mission) click \"Options > Hands > Hiding: Default\"\n\nFor instructions on how to make your own map, click the Notebook in the top toolbar.\n\nObjective markers have a 3\" circle state so you can easily check range and a generic back for hidden objectives.\n \nThe Tactical Objective Decks should snap onto the \"Objective Deck\" and \"Discard\" slots.\n\nCredits can be found in the Notepad.\n\nCome join us on the TTS Warhammer 40k:\ndiscord.gg/XkBbs5M ",
  "Rules": "",
  "XmlUI": "<!-- Xml UI. See documentation: https://api.tabletopsimulator.com/ui/introUI/ -->",
  "LuaScript": "--",
  "LuaScriptState": "",
  "Grid": {
    "Type": 0,
    "Lines": false,
    "Color": {
      "r": 0.0,
      "g": 0.0,
      "b": 0.0
    },
    "Opacity": 0.75,
    "ThickLines": true,
    "Snapping": false,
    "Offset": false,
    "BothSnapping": false,
    "xSize": 0.5,
    "ySize": 0.5,
    "PosOffset": {
      "x": 0.0,
      "y": 1.0,
      "z": 0.0
    }
  },
  "Lighting": {
    "LightIntensity": 0.54,
    "LightColor": {
      "r": 1.0,
      "g": 0.9804,
      "b": 0.8902
    },
    "AmbientIntensity": 1.3,
    "AmbientType": 0,
    "AmbientSkyColor": {
      "r": 0.5,
      "g": 0.5,
      "b": 0.5
    },
    "AmbientEquatorColor": {
      "r": 0.5,
      "g": 0.5,
      "b": 0.5
    },
    "AmbientGroundColor": {
      "r": 0.5,
      "g": 0.5,
      "b": 0.5
    },
    "ReflectionIntensity": 1.0,
    "LutIndex": 0,
    "LutContribution": 1.0
  },
  "Hands": {
    "Enable": true,
    "DisableUnused": true,
    "Hiding": 2,
    "HandTransforms": [
      {
        "Color": "Blue",
        "Transform": {
          "posX": 23.6700039,
          "posY": 2.52584028,
          "posZ": 34.4527626,
          "rotX": 0.0,
          "rotY": 179.8,
          "rotZ": 0.0,
          "scaleX": 15.3385782,
          "scaleY": 11.8970528,
          "scaleZ": 6.35596848
        }
      },
      {
        "Color": "Brown",
        "Transform": {
          "posX": 0.0,
          "posY": 2.52584028,
          "posZ": -34.42515,
          "rotX": 0.0,
          "rotY": 0.0,
          "rotZ": 0.0,
          "scaleX": 15.3268919,
          "scaleY": 11.8970528,
          "scaleZ": 6.35014534
        }
      },
      {
        "Color": "Green",
        "Transform": {
          "posX": -23.6700039,
          "posY": 2.52584028,
          "posZ": 34.43159,
          "rotX": 0.0,
          "rotY": 180.0,
          "rotZ": 0.0,
          "scaleX": 15.3268747,
          "scaleY": 11.8970528,
          "scaleZ": 6.35014534
        }
      },
      {
        "Color": "Orange",
        "Transform": {
          "posX": -61.39405,
          "posY": 2.52584028,
          "posZ": -11.7324,
          "rotX": 0.0,
          "rotY": 90.0,
          "rotZ": 0.0,
          "scaleX": 15.204484,
          "scaleY": 11.8970528,
          "scaleZ": 6.41130352
        }
      },
      {
        "Color": "Pink",
        "Transform": {
          "posX": 51.64263,
          "posY": 2.52584028,
          "posZ": -11.7324,
          "rotX": 0.0,
          "rotY": 270.0,
          "rotZ": 0.0,
          "scaleX": 15.2044687,
          "scaleY": 11.8970528,
          "scaleZ": 6.41130352
        }
      },
      {
        "Color": "Purple",
        "Transform": {
          "posX": 51.5785675,
          "posY": 2.52584028,
          "posZ": 11.7324,
          "rotX": 0.0,
          "rotY": 270.0,
          "rotZ": 0.0,
          "scaleX": 15.2044706,
          "scaleY": 11.8970528,
          "scaleZ": 6.41130352
        }
      },
      {
        "Color": "Red",
        "Transform": {
          "posX": -23.6700039,
          "posY": 2.52584028,
          "posZ": -34.42515,
          "rotX": 0.0,
          "rotY": 0.0,
          "rotZ": 0.0,
          "scaleX": 15.3268948,
          "scaleY": 11.8970528,
          "scaleZ": 6.35014534
        }
      },
      {
        "Color": "Teal",
        "Transform": {
          "posX": 0.0,
          "posY": 2.52584028,
          "posZ": 34.4527626,
          "rotX": 0.0,
          "rotY": 179.800049,
          "rotZ": 0.0,
          "scaleX": 15.3385811,
          "scaleY": 11.8970528,
          "scaleZ": 6.3559494
        }
      },
      {
        "Color": "White",
        "Transform": {
          "posX": 17.2412548,
          "posY": 2.52584028,
          "posZ": -31.5406551,
          "rotX": 0.0,
          "rotY": 0.0,
          "rotZ": 0.0,
          "scaleX": 15.3268747,
          "scaleY": 11.8970547,
          "scaleZ": 6.705048
        }
      },
      {
        "Color": "Yellow",
        "Transform": {
          "posX": -61.7192039,
          "posY": 2.52584028,
          "posZ": 11.7324,
          "rotX": 0.0,
          "rotY": 90.0,
          "rotZ": 0.0,
          "scaleX": 15.204483,
          "scaleY": 11.8970528,
          "scaleZ": 6.41130352
        }
      }
    ]
  },
  "Turns": {
    "Enable": false,
    "Type": 0,
    "TurnOrder": [],
    "Reverse": false,
    "SkipEmpty": false,
    "DisableInteractions": false,
    "PassTurns": true,
    "TurnColor": ""
  },
  "ObjectStates": [
    {
      "Name": "Custom_Model",
      "Transform": {
        "posX": -23.73571,
        "posY": 1.57380652,
        "posZ": 22.265686,
        "rotX": 354.044281,
        "rotY": 235.490036,
        "rotZ": 184.293839,
        "scaleX": 0.5,
        "scaleY": 0.5,
        "scaleZ": 0.5
      },
      "Nickname": "",
      "Description": "",
      "GMNotes": "",
      "ColorDiffuse": {
        "r": 0.9999998,
        "g": 0.992164552,
        "b": 0.9999998
      },
      "Locked": true,
      "Grid": true,
      "Snap": true,
      "IgnoreFoW": false,
      "Autoraise": true,
      "Sticky": true,
      "Tooltip": true,
      "GridProjection": false,
      "HideWhenFaceDown": false,
      "Hands": false,
      "CustomMesh": {
        "MeshURL": "www.googledrive.com/host/0BwpXdiEgZ5GzQi1ZUlFMR2QyVUE",
        "DiffuseURL": "http://i.imgur.com/XJezWl8.jpg",
        "NormalURL": "http://i.imgur.com/qNNmw0A.jpg",
        "ColliderURL": "www.googledrive.com/host/0BwpXdiEgZ5GzNUhVRjlaZzRDUms",
        "Convex": true,
        "MaterialIndex": 0,
        "TypeIndex": 0,
        "CustomShader": {
          "SpecularColor": {
            "r": 1.0,
            "g": 1.0,
            "b": 1.0
          },
          "SpecularIntensity": 0.0,
          "SpecularSharpness": 7.0,
          "FresnelStrength": 0.4
        },
        "CastShadows": true
      },
      "XmlUI": "",
      "LuaScript": "",
      "LuaScriptState": "",
      "GUID": "b253c5"
    },
    {
      "Name": "Custom_Model",
      "Transform": {
        "posX": -22.1499138,
        "posY": 1.55089879,
        "posZ": 18.0753269,
        "rotX": 0.135997936,
        "rotY": 164.998764,
        "rotZ": 179.9854,
        "scaleX": 0.5,
        "scaleY": 0.5,
        "scaleZ": 0.5
      },
      "Nickname": "",
      "Description": "",
      "GMNotes": "",
      "ColorDiffuse": {
        "r": 0.9999998,
        "g": 0.992164552,
        "b": 0.9999998
      },
      "Locked": true,
      "Grid": true,
      "Snap": true,
      "IgnoreFoW": false,
      "Autoraise": true,
      "Sticky": true,
      "Tooltip": true,
      "GridProjection": false,
      "HideWhenFaceDown": false,
      "Hands": false,
      "CustomMesh": {
        "MeshURL": "www.googledrive.com/host/0BwpXdiEgZ5GzQi1ZUlFMR2QyVUE",
        "DiffuseURL": "http://i.imgur.com/XJezWl8.jpg",
        "NormalURL": "http://i.imgur.com/qNNmw0A.jpg",
        "ColliderURL": "www.googledrive.com/host/0BwpXdiEgZ5GzNUhVRjlaZzRDUms",
        "Convex": true,
        "MaterialIndex": 0,
        "TypeIndex": 0,
        "CustomShader": {
          "SpecularColor": {
            "r": 1.0,
            "g": 1.0,
            "b": 1.0
          },
          "SpecularIntensity": 0.0,
          "SpecularSharpness": 7.0,
          "FresnelStrength": 0.4
        },
        "CastShadows": true
      },
      "XmlUI": "",
      "LuaScript": "",
      "LuaScriptState": "",
      "GUID": "afb932"
    },
    {
      "Name": "Custom_Model",
      "Transform": {
        "posX": -27.4727249,
        "posY": 1.37393713,
        "posZ": 21.931015,
        "rotX": 359.377869,
        "rotY": 76.69768,
        "rotZ": 181.995926,
        "scaleX": 0.5,
        "scaleY": 0.5,
        "scaleZ": 0.5
      },
      "Nickname": "",
      "Description": "",
      "GMNotes": "",
      "ColorDiffuse": {
        "r": 0.9999998,
        "g": 0.992164552,
        "b": 0.9999998
      },
      "Locked": true,
      "Grid": true,
      "Snap": true,
      "IgnoreFoW": false,
      "Autoraise": true,
      "Sticky": true,
      "Tooltip": true,
      "GridProjection": false,
      "HideWhenFaceDown": false,
      "Hands": false,
      "CustomMesh": {
        "MeshURL": "www.googledrive.com/host/0BwpXdiEgZ5GzQi1ZUlFMR2QyVUE",
        "DiffuseURL": "http://i.imgur.com/XJezWl8.jpg",
        "NormalURL": "http://i.imgur.com/qNNmw0A.jpg",
        "ColliderURL": "www.googledrive.com/host/0BwpXdiEgZ5GzNUhVRjlaZzRDUms",
        "Convex": true,
        "MaterialIndex": 0,
        "TypeIndex": 0,
        "CustomShader": {
          "SpecularColor": {
            "r": 1.0,
            "g": 1.0,
            "b": 1.0
          },
          "SpecularIntensity": 0.0,
          "SpecularSharpness": 7.0,
          "FresnelStrength": 0.4
        },
        "CastShadows": true
      },
      "XmlUI": "",
      "LuaScript": "",
      "LuaScriptState": "",
      "GUID": "275e75"
    },
    {
      "Name": "Custom_Model",
      "Transform": {
        "posX": -25.9209976,
        "posY": 1.02712965,
        "posZ": 18.4803638,
        "rotX": 0.07798149,
        "rotY": 119.934517,
        "rotZ": 0.02564945,
        "scaleX": 1.64350688,
        "scaleY": 2.1359086,
        "scaleZ": 1.43416071
      },
      "Nickname": "",
      "Description": "",
      "GMNotes": "",
      "ColorDiffuse": {
        "r": 0.9999998,
        "g": 0.992160261,
        "b": 0.9999998
      },
      "Locked": true,
      "Grid": true,
      "Snap": true,
      "IgnoreFoW": false,
      "Autoraise": true,
      "Sticky": true,
      "Tooltip": true,
      "GridProjection": false,
      "HideWhenFaceDown": false,
      "Hands": false,
      "CustomMesh": {
        "MeshURL": "https://www.dropbox.com/s/obwhunjenlmjdvz/Hill_Rounded3.obj?dl=1",
        "DiffuseURL": "https://cusicusi.files.wordpress.com/2011/12/rubble_tile.jpg",
        "NormalURL": "",
        "ColliderURL": "https://www.dropbox.com/s/obwhunjenlmjdvz/Hill_Rounded3.obj?dl=1",
        "Convex": true,
        "MaterialIndex": 3,
        "TypeIndex": 0,
        "CastShadows": true
      },
      "XmlUI": "",
      "LuaScript": "",
      "LuaScriptState": "",
      "GUID": "a6c7e1"
    },
    {
      "Name": "Custom_Model",
      "Transform": {
        "posX": -21.8541946,
        "posY": 0.406229764,
        "posZ": 20.1890335,
        "rotX": 359.878571,
        "rotY": 314.962433,
        "rotZ": 0.08634888,
        "scaleX": 0.5,
        "scaleY": 0.5,
        "scaleZ": 0.5
      },
      "Nickname": "",
      "Description": "",
      "GMNotes": "",
      "ColorDiffuse": {
        "r": 0.9999998,
        "g": 0.992164552,
        "b": 0.9999998
      },
      "Locked": true,
      "Grid": true,
      "Snap": true,
      "IgnoreFoW": false,
      "Autoraise": true,
      "Sticky": true,
      "Tooltip": true,
      "GridProjection": false,
      "HideWhenFaceDown": false,
      "Hands": false,
      "CustomMesh": {
        "MeshURL": "www.googledrive.com/host/0BwpXdiEgZ5GzQi1ZUlFMR2QyVUE",
        "DiffuseURL": "http://i.imgur.com/XJezWl8.jpg",
        "NormalURL": "http://i.imgur.com/qNNmw0A.jpg",
        "ColliderURL": "www.googledrive.com/host/0BwpXdiEgZ5GzNUhVRjlaZzRDUms",
        "Convex": true,
        "MaterialIndex": 0,
        "TypeIndex": 0,
        "CustomShader": {
          "SpecularColor": {
            "r": 1.0,
            "g": 1.0,
            "b": 1.0
          },
          "SpecularIntensity": 0.0,
          "SpecularSharpness": 7.0,
          "FresnelStrength": 0.4
        },
        "CastShadows": true
      },
      "XmlUI": "",
      "LuaScript": "",
      "LuaScriptState": "",
      "GUID": "7a45fd"
    },
    {
      "Name": "Custom_Model",
      "Transform": {
        "posX": -16.6634979,
        "posY": 1.008272,
        "posZ": 19.7593613,
        "rotX": 359.9028,
        "rotY": 89.9855347,
        "rotZ": 0.08429308,
        "scaleX": 0.7337386,
        "scaleY": 0.651378036,
        "scaleZ": 0.6222385
      },
      "Nickname": "",
      "Description": "",
      "GMNotes": "",
      "ColorDiffuse": {
        "r": 1.0,
        "g": 1.0,
        "b": 1.0
      },
      "Locked": true,
      "Grid": true,
      "Snap": true,
      "IgnoreFoW": false,
      "Autoraise": true,
      "Sticky": true,
      "Tooltip": true,
      "GridProjection": false,
      "HideWhenFaceDown": false,
      "Hands": false,
      "CustomMesh": {
        "MeshURL": "http://cloud-3.steamusercontent.com/ugc/2440264453843181632/D50EF1778448022957B149EA0579AB27B8A81B67/",
        "DiffuseURL": "https://www.dropbox.com/s/rpn9u091xg1vdv8/Dirty_wall_01.jpg?dl=1",
        "NormalURL": "",
        "ColliderURL": "http://cloud-3.steamusercontent.com/ugc/2440264453843181632/D50EF1778448022957B149EA0579AB27B8A81B67/",
        "Convex": false,
        "MaterialIndex": 3,
        "TypeIndex": 0,
        "CastShadows": true
      },
      "XmlUI": "",
      "LuaScript": "",
      "LuaScriptState": "",
      "GUID": "6c829c"
    },
    {
      "Name": "Custom_Model",
      "Transform": {
        "posX": -25.1958,
        "posY": 0.4132975,
        "posZ": 15.11395,
        "rotX": 359.878326,
        "rotY": 330.0225,
        "rotZ": 0.0522035249,
        "scaleX": 0.5,
        "scaleY": 0.5,
        "scaleZ": 0.5
      },
      "Nickname": "",
      "Description": "",
      "GMNotes": "",
      "ColorDiffuse": {
        "r": 0.9999998,
        "g": 0.992164552,
        "b": 0.9999998
      },
      "Locked": true,
      "Grid": true,
      "Snap": true,
      "IgnoreFoW": false,
      "Autoraise": true,
      "Sticky": true,
      "Tooltip": true,
      "GridProjection": false,
      "HideWhenFaceDown": false,
      "Hands": false,
      "CustomMesh": {
        "MeshURL": "www.googledrive.com/host/0BwpXdiEgZ5GzQi1ZUlFMR2QyVUE",
        "DiffuseURL": "http://i.imgur.com/XJezWl8.jpg",
        "NormalURL": "http://i.imgur.com/qNNmw0A.jpg",
        "ColliderURL": "www.googledrive.com/host/0BwpXdiEgZ5GzNUhVRjlaZzRDUms",
        "Convex": true,
        "MaterialIndex": 0,
        "TypeIndex": 0,
        "CustomShader": {
          "SpecularColor": {
            "r": 1.0,
            "g": 1.0,
            "b": 1.0
          },
          "SpecularIntensity": 0.0,
          "SpecularSharpness": 7.0,
          "FresnelStrength": 0.4
        },
        "CastShadows": true
      },
      "XmlUI": "",
      "LuaScript": "",
      "LuaScriptState": "",
      "GUID": "ef4baf"
    },
    {
      "Name": "Custom_Model",
      "Transform": {
        "posX": -29.4416084,
        "posY": 1.145088,
        "posZ": 16.8126221,
        "rotX": 358.594025,
        "rotY": 356.5764,
        "rotZ": 4.208642,
        "scaleX": 0.5,
        "scaleY": 0.5,
        "scaleZ": 0.5
      },
      "Nickname": "",
      "Description": "",
      "GMNotes": "",
      "ColorDiffuse": {
        "r": 0.9999998,
        "g": 0.992164552,
        "b": 0.9999998
      },
      "Locked": true,
      "Grid": true,
      "Snap": true,
      "IgnoreFoW": false,
      "Autoraise": true,
      "Sticky": true,
      "Tooltip": true,
      "GridProjection": false,
      "HideWhenFaceDown": false,
      "Hands": false,
      "CustomMesh": {
        "MeshURL": "www.googledrive.com/host/0BwpXdiEgZ5GzQi1ZUlFMR2QyVUE",
        "DiffuseURL": "http://i.imgur.com/XJezWl8.jpg",
        "NormalURL": "http://i.imgur.com/qNNmw0A.jpg",
        "ColliderURL": "www.googledrive.com/host/0BwpXdiEgZ5GzNUhVRjlaZzRDUms",
        "Convex": true,
        "MaterialIndex": 0,
        "TypeIndex": 0,
        "CustomShader": {
          "SpecularColor": {
            "r": 1.0,
            "g": 1.0,
            "b": 1.0
          },
          "SpecularIntensity": 0.0,
          "SpecularSharpness": 7.0,
          "FresnelStrength": 0.4
        },
        "CastShadows": true
      },
      "XmlUI": "",
      "LuaScript": "",
      "LuaScriptState": "",
      "GUID": "7c5436"
    },
    {
      "Name": "Custom_Model",
      "Transform": {
        "posX": -31.1933441,
        "posY": 1.03251207,
        "posZ": 7.955697,
        "rotX": 0.07989892,
        "rotY": 89.99677,
        "rotZ": 359.9452,
        "scaleX": 0.625,
        "scaleY": 0.625,
        "scaleZ": 0.625
      },
      "Nickname": "",
      "Description": "",
      "GMNotes": "",
      "ColorDiffuse": {
        "r": 0.9999998,
        "g": 0.992164552,
        "b": 0.9999998
      },
      "Locked": true,
      "Grid": true,
      "Snap": true,
      "IgnoreFoW": false,
      "Autoraise": true,
      "Sticky": true,
      "Tooltip": true,
      "GridProjection": false,
      "HideWhenFaceDown": false,
      "Hands": false,
      "CustomMesh": {
        "MeshURL": "https://sites.google.com/site/tabletopsimulator4/wwg_mayhem_streets/transit_wall.obj",
        "DiffuseURL": "https://sites.google.com/site/tabletopsimulator4/wwg_mayhem_streets/transit_wall_s06.jpg",
        "NormalURL": "",
        "ColliderURL": "",
        "Convex": true,
        "MaterialIndex": 0,
        "TypeIndex": 4,
        "CustomShader": {
          "SpecularColor": {
            "r": 1.0,
            "g": 1.0,
            "b": 1.0
          },
          "SpecularIntensity": 0.0,
          "SpecularSharpness": 7.0,
          "FresnelStrength": 0.4
        },
        "CastShadows": true
      },
      "XmlUI": "",
      "LuaScript": "",
      "LuaScriptState": "",
      "PhysicsMaterial": {
        "StaticFriction": 1.0,
        "DynamicFriction": 1.0,
        "Bounciness": 0.0,
        "FrictionCombine": 0,
        "BounceCombine": 0
      },
      "Rigidbody": {
        "Mass": 10.0,
        "Drag": 10.0,
        "AngularDrag": 10.0,
        "UseGravity": true
      },
      "GUID": "47fcb2"
    },
    {
      "Name": "Custom_Model",
      "Transform": {
        "posX": -26.3089066,
        "posY": 1.0249784,
        "posZ": 5.5535655,
        "rotX": 0.01689753,
        "rotY": 180.017,
        "rotZ": 0.0495356359,
        "scaleX": 0.6249969,
        "scaleY": 0.625,
        "scaleZ": 0.328502834
      },
      "Nickname": "",
      "Description": "",
      "GMNotes": "",
      "ColorDiffuse": {
        "r": 0.9999998,
        "g": 0.992164552,
        "b": 0.9999998
      },
      "Locked": true,
      "Grid": true,
      "Snap": true,
      "IgnoreFoW": false,
      "Autoraise": true,
      "Sticky": true,
      "Tooltip": true,
      "GridProjection": false,
      "HideWhenFaceDown": false,
      "Hands": false,
      "CustomMesh": {
        "MeshURL": "https://sites.google.com/site/tabletopsimulator4/wwg_mayhem_streets/transit_wall.obj",
        "DiffuseURL": "https://sites.google.com/site/tabletopsimulator4/wwg_mayhem_streets/transit_wall_s06.jpg",
        "NormalURL": "",
        "ColliderURL": "",
        "Convex": true,
        "MaterialIndex": 0,
        "TypeIndex": 4,
        "CustomShader": {
          "SpecularColor": {
            "r": 1.0,
            "g": 1.0,
            "b": 1.0
          },
          "SpecularIntensity": 0.0,
          "SpecularSharpness": 7.0,
          "FresnelStrength": 0.4
        },
        "CastShadows": true
      },
      "XmlUI": "",
      "LuaScript": "",
      "LuaScriptState": "",
      "PhysicsMaterial": {
        "StaticFriction": 1.0,
        "DynamicFriction": 1.0,
        "Bounciness": 0.0,
        "FrictionCombine": 0,
        "BounceCombine": 0
      },
      "Rigidbody": {
        "Mass": 10.0,
        "Drag": 10.0,
        "AngularDrag": 10.0,
        "UseGravity": true
      },
      "GUID": "eab4a0"
    },
    {
      "Name": "Custom_Model",
      "Transform": {
        "posX": -16.6262131,
        "posY": 0.947561145,
        "posZ": 1.81120014,
        "rotX": 359.897583,
        "rotY": 90.01897,
        "rotZ": 0.09387595,
        "scaleX": 0.7220623,
        "scaleY": 0.6315124,
        "scaleZ": 0.652520239
      },
      "Nickname": "",
      "Description": "",
      "GMNotes": "",
      "ColorDiffuse": {
        "r": 1.0,
        "g": 1.0,
        "b": 1.0
      },
      "Locked": true,
      "Grid": true,
      "Snap": true,
      "IgnoreFoW": false,
      "Autoraise": true,
      "Sticky": true,
      "Tooltip": true,
      "GridProjection": false,
      "HideWhenFaceDown": false,
      "Hands": false,
      "CustomMesh": {
        "MeshURL": "http://cloud-3.steamusercontent.com/ugc/2440264453843128373/E640E94050A9127724F3695A4FDA40337CAD9B88/",
        "DiffuseURL": "https://www.dropbox.com/s/rpn9u091xg1vdv8/Dirty_wall_01.jpg?dl=1",
        "NormalURL": "",
        "ColliderURL": "http://cloud-3.steamusercontent.com/ugc/2440264453843128373/E640E94050A9127724F3695A4FDA40337CAD9B88/",
        "Convex": false,
        "MaterialIndex": 3,
        "TypeIndex": 0,
        "CastShadows": true
      },
      "XmlUI": "",
      "LuaScript": "",
      "LuaScriptState": "",
      "GUID": "6b6f1e"
    },
    {
      "Name": "Custom_Model",
      "Transform": {
        "posX": -2.95169449,
        "posY": 0.8643838,
        "posZ": 10.9406891,
        "rotX": 359.924866,
        "rotY": 258.970154,
        "rotZ": 0.0318809673,
        "scaleX": 1.37499952,
        "scaleY": 1.37499952,
        "scaleZ": 1.37499952
      },
      "Nickname": "",
      "Description": "",
      "GMNotes": "",
      "ColorDiffuse": {
        "r": 0.9999998,
        "g": 0.992160261,
        "b": 0.9999998
      },
      "Locked": true,
      "Grid": false,
      "Snap": false,
      "IgnoreFoW": false,
      "Autoraise": false,
      "Sticky": false,
      "Tooltip": true,
      "GridProjection": false,
      "HideWhenFaceDown": false,
      "Hands": false,
      "CustomMesh": {
        "MeshURL": "www.michaelbrandeberry.com/Scenery/Crater/Crater_02.obj",
        "DiffuseURL": "www.michaelbrandeberry.com/Scenery/Crater/Craters.jpg",
        "NormalURL": "",
        "ColliderURL": "www.michaelbrandeberry.com/Scenery/Crater/Crater_02_COL.obj",
        "Convex": true,
        "MaterialIndex": 3,
        "TypeIndex": 0,
        "CastShadows": true
      },
      "XmlUI": "",
      "LuaScript": "",
      "LuaScriptState": "",
      "GUID": "a3fdea"
    },
    {
      "Name": "Custom_Model",
      "Transform": {
        "posX": -26.3618584,
        "posY": 1.02157843,
        "posZ": -6.016682,
        "rotX": 0.0176533982,
        "rotY": 179.506088,
        "rotZ": 0.0791855752,
        "scaleX": 0.62500006,
        "scaleY": 0.625,
        "scaleZ": 0.341074
      },
      "Nickname": "",
      "Description": "",
      "GMNotes": "",
      "ColorDiffuse": {
        "r": 0.9999998,
        "g": 0.992164552,
        "b": 0.9999998
      },
      "Locked": true,
      "Grid": true,
      "Snap": true,
      "IgnoreFoW": false,
      "Autoraise": true,
      "Sticky": true,
      "Tooltip": true,
      "GridProjection": false,
      "HideWhenFaceDown": false,
      "Hands": false,
      "CustomMesh": {
        "MeshURL": "https://sites.google.com/site/tabletopsimulator4/wwg_mayhem_streets/transit_wall.obj",
        "DiffuseURL": "https://sites.google.com/site/tabletopsimulator4/wwg_mayhem_streets/transit_wall_s06.jpg",
        "NormalURL": "",
        "ColliderURL": "",
        "Convex": true,
        "MaterialIndex": 0,
        "TypeIndex": 4,
        "CustomShader": {
          "SpecularColor": {
            "r": 1.0,
            "g": 1.0,
            "b": 1.0
          },
          "SpecularIntensity": 0.0,
          "SpecularSharpness": 7.0,
          "FresnelStrength": 0.4
        },
        "CastShadows": true
      },
      "XmlUI": "",
      "LuaScript": "",
      "LuaScriptState": "",
      "PhysicsMaterial": {
        "StaticFriction": 1.0,
        "DynamicFriction": 1.0,
        "Bounciness": 0.0,
        "FrictionCombine": 0,
        "BounceCombine": 0
      },
      "Rigidbody": {
        "Mass": 10.0,
        "Drag": 10.0,
        "AngularDrag": 10.0,
        "UseGravity": true
      },
      "GUID": "6bfac1"
    },
    {
      "Name": "Custom_Model",
      "Transform": {
        "posX": -31.22332,
        "posY": 1.02771163,
        "posZ": -8.464361,
        "rotX": 359.9202,
        "rotY": 269.96994,
        "rotZ": 359.979675,
        "scaleX": 0.625,
        "scaleY": 0.625,
        "scaleZ": 0.625
      },
      "Nickname": "",
      "Description": "",
      "GMNotes": "",
      "ColorDiffuse": {
        "r": 0.9999998,
        "g": 0.992164552,
        "b": 0.9999998
      },
      "Locked": true,
      "Grid": true,
      "Snap": true,
      "IgnoreFoW": false,
      "Autoraise": true,
      "Sticky": true,
      "Tooltip": true,
      "GridProjection": false,
      "HideWhenFaceDown": false,
      "Hands": false,
      "CustomMesh": {
        "MeshURL": "https://sites.google.com/site/tabletopsimulator4/wwg_mayhem_streets/transit_wall.obj",
        "DiffuseURL": "https://sites.google.com/site/tabletopsimulator4/wwg_mayhem_streets/transit_wall_s06.jpg",
        "NormalURL": "",
        "ColliderURL": "",
        "Convex": true,
        "MaterialIndex": 0,
        "TypeIndex": 4,
        "CustomShader": {
          "SpecularColor": {
            "r": 1.0,
            "g": 1.0,
            "b": 1.0
          },
          "SpecularIntensity": 0.0,
          "SpecularSharpness": 7.0,
          "FresnelStrength": 0.4
        },
        "CastShadows": true
      },
      "XmlUI": "",
      "LuaScript": "",
      "LuaScriptState": "",
      "PhysicsMaterial": {
        "StaticFriction": 1.0,
        "DynamicFriction": 1.0,
        "Bounciness": 0.0,
        "FrictionCombine": 0,
        "BounceCombine": 0
      },
      "Rigidbody": {
        "Mass": 10.0,
        "Drag": 10.0,
        "AngularDrag": 10.0,
        "UseGravity": true
      },
      "GUID": "66af1f"
    },
    {
      "Name": "Custom_Model",
      "Transform": {
        "posX": -0.576889038,
        "posY": 0.960288167,
        "posZ": 11.56837,
        "rotX": 359.930573,
        "rotY": 255.024963,
        "rotZ": 0.07766898,
        "scaleX": 1.12499976,
        "scaleY": 1.12499976,
        "scaleZ": 1.12499976
      },
      "Nickname": "",
      "Description": "",
      "GMNotes": "",
      "ColorDiffuse": {
        "r": 0.9999998,
        "g": 0.992160261,
        "b": 0.9999998
      },
      "Locked": true,
      "Grid": false,
      "Snap": false,
      "IgnoreFoW": false,
      "Autoraise": false,
      "Sticky": false,
      "Tooltip": true,
      "GridProjection": false,
      "HideWhenFaceDown": false,
      "Hands": false,
      "CustomMesh": {
        "MeshURL": "www.michaelbrandeberry.com/Scenery/Crater/Crater_02.obj",
        "DiffuseURL": "www.michaelbrandeberry.com/Scenery/Crater/Craters.jpg",
        "NormalURL": "",
        "ColliderURL": "www.michaelbrandeberry.com/Scenery/Crater/Crater_02_COL.obj",
        "Convex": true,
        "MaterialIndex": 3,
        "TypeIndex": 0,
        "CastShadows": true
      },
      "XmlUI": "",
      "LuaScript": "",
      "LuaScriptState": "",
      "GUID": "56c47e"
    },
    {
      "Name": "Custom_Model",
      "Transform": {
        "posX": -27.0981674,
        "posY": 1.19159114,
        "posZ": -9.475968,
        "rotX": 359.9831,
        "rotY": 0.0017772381,
        "rotZ": 359.9201,
        "scaleX": 1.69999945,
        "scaleY": 1.69999945,
        "scaleZ": 1.69999945
      },
      "Nickname": "",
      "Description": "",
      "GMNotes": "",
      "ColorDiffuse": {
        "r": 1.0,
        "g": 0.877858341,
        "b": 0.6705671
      },
      "Locked": true,
      "Grid": true,
      "Snap": true,
      "IgnoreFoW": false,
      "Autoraise": true,
      "Sticky": true,
      "Tooltip": true,
      "GridProjection": false,
      "HideWhenFaceDown": false,
      "Hands": false,
      "CustomMesh": {
        "MeshURL": "www.general-chaos.com/rp/ts/2x1stairw.obj",
        "DiffuseURL": "www.general-chaos.com/rp/ts/3x1wallw.png",
        "NormalURL": "www.general-chaos.com/rp/ts/3x1wallwn.png",
        "ColliderURL": "www.general-chaos.com/rp/ts/2x1stairo.obj",
        "Convex": false,
        "MaterialIndex": 1,
        "TypeIndex": 4,
        "CastShadows": true
      },
      "XmlUI": "",
      "LuaScript": "",
      "LuaScriptState": "",
      "GUID": "af43de"
    },
    {
      "Name": "Custom_Model",
      "Transform": {
        "posX": -1.65015984,
        "posY": 0.952306867,
        "posZ": 13.2047977,
        "rotX": 359.9272,
        "rotY": 254.994873,
        "rotZ": 0.03670917,
        "scaleX": 1.12499976,
        "scaleY": 1.12499976,
        "scaleZ": 1.12499976
      },
      "Nickname": "",
      "Description": "",
      "GMNotes": "",
      "ColorDiffuse": {
        "r": 0.9999998,
        "g": 0.992160261,
        "b": 0.9999998
      },
      "Locked": true,
      "Grid": false,
      "Snap": false,
      "IgnoreFoW": false,
      "Autoraise": false,
      "Sticky": false,
      "Tooltip": true,
      "GridProjection": false,
      "HideWhenFaceDown": false,
      "Hands": false,
      "CustomMesh": {
        "MeshURL": "www.michaelbrandeberry.com/Scenery/Crater/Crater_02.obj",
        "DiffuseURL": "www.michaelbrandeberry.com/Scenery/Crater/Craters.jpg",
        "NormalURL": "",
        "ColliderURL": "www.michaelbrandeberry.com/Scenery/Crater/Crater_02_COL.obj",
        "Convex": true,
        "MaterialIndex": 3,
        "TypeIndex": 0,
        "CastShadows": true
      },
      "XmlUI": "",
      "LuaScript": "",
      "LuaScriptState": "",
      "GUID": "721d50"
    },
    {
      "Name": "Custom_Model",
      "Transform": {
        "posX": -27.1198273,
        "posY": 1.19111645,
        "posZ": -11.1887121,
        "rotX": 359.983063,
        "rotY": 359.982635,
        "rotZ": 359.920135,
        "scaleX": 1.69999945,
        "scaleY": 1.69999945,
        "scaleZ": 1.69999945
      },
      "Nickname": "",
      "Description": "",
      "GMNotes": "",
      "ColorDiffuse": {
        "r": 1.0,
        "g": 0.877858341,
        "b": 0.6705671
      },
      "Locked": true,
      "Grid": true,
      "Snap": true,
      "IgnoreFoW": false,
      "Autoraise": true,
      "Sticky": true,
      "Tooltip": true,
      "GridProjection": false,
      "HideWhenFaceDown": false,
      "Hands": false,
      "CustomMesh": {
        "MeshURL": "www.general-chaos.com/rp/ts/2x1stairw.obj",
        "DiffuseURL": "www.general-chaos.com/rp/ts/3x1wallw.png",
        "NormalURL": "www.general-chaos.com/rp/ts/3x1wallwn.png",
        "ColliderURL": "www.general-chaos.com/rp/ts/2x1stairo.obj",
        "Convex": false,
        "MaterialIndex": 1,
        "TypeIndex": 4,
        "CastShadows": true
      },
      "XmlUI": "",
      "LuaScript": "",
      "LuaScriptState": "",
      "GUID": "7cdf9f"
    },
    {
      "Name": "Custom_Model",
      "Transform": {
        "posX": -14.9629745,
        "posY": 0.9987086,
        "posZ": -15.9719639,
        "rotX": 359.859436,
        "rotY": 0.00973384548,
        "rotZ": 359.9911,
        "scaleX": 0.7337386,
        "scaleY": 0.651378036,
        "scaleZ": 0.6222385
      },
      "Nickname": "",
      "Description": "",
      "GMNotes": "",
      "ColorDiffuse": {
        "r": 1.0,
        "g": 1.0,
        "b": 1.0
      },
      "Locked": true,
      "Grid": true,
      "Snap": true,
      "IgnoreFoW": false,
      "Autoraise": true,
      "Sticky": true,
      "Tooltip": true,
      "GridProjection": false,
      "HideWhenFaceDown": false,
      "Hands": false,
      "CustomMesh": {
        "MeshURL": "http://cloud-3.steamusercontent.com/ugc/2440264453843181632/D50EF1778448022957B149EA0579AB27B8A81B67/",
        "DiffuseURL": "https://www.dropbox.com/s/rpn9u091xg1vdv8/Dirty_wall_01.jpg?dl=1",
        "NormalURL": "",
        "ColliderURL": "http://cloud-3.steamusercontent.com/ugc/2440264453843181632/D50EF1778448022957B149EA0579AB27B8A81B67/",
        "Convex": false,
        "MaterialIndex": 3,
        "TypeIndex": 0,
        "CastShadows": true
      },
      "XmlUI": "",
      "LuaScript": "",
      "LuaScriptState": "",
      "GUID": "fbecaa"
    },
    {
      "Name": "Custom_Model",
      "Transform": {
        "posX": 15.8267946,
        "posY": 0.966665864,
        "posZ": 15.3641891,
        "rotX": 359.950867,
        "rotY": 179.9975,
        "rotZ": 0.115384921,
        "scaleX": 0.7337386,
        "scaleY": 0.651378036,
        "scaleZ": 0.6222385
      },
      "Nickname": "",
      "Description": "",
      "GMNotes": "",
      "ColorDiffuse": {
        "r": 1.0,
        "g": 1.0,
        "b": 1.0
      },
      "Locked": true,
      "Grid": true,
      "Snap": true,
      "IgnoreFoW": false,
      "Autoraise": true,
      "Sticky": true,
      "Tooltip": true,
      "GridProjection": false,
      "HideWhenFaceDown": false,
      "Hands": false,
      "CustomMesh": {
        "MeshURL": "http://cloud-3.steamusercontent.com/ugc/2440264453843181632/D50EF1778448022957B149EA0579AB27B8A81B67/",
        "DiffuseURL": "https://www.dropbox.com/s/rpn9u091xg1vdv8/Dirty_wall_01.jpg?dl=1",
        "NormalURL": "",
        "ColliderURL": "http://cloud-3.steamusercontent.com/ugc/2440264453843181632/D50EF1778448022957B149EA0579AB27B8A81B67/",
        "Convex": false,
        "MaterialIndex": 3,
        "TypeIndex": 0,
        "CastShadows": true
      },
      "XmlUI": "",
      "LuaScript": "",
      "LuaScriptState": "",
      "GUID": "2d386a"
    },
    {
      "Name": "Custom_Model",
      "Transform": {
        "posX": 16.8025684,
        "posY": 0.952907562,
        "posZ": -20.2213154,
        "rotX": 359.776062,
        "rotY": 269.989929,
        "rotZ": 0.09981333,
        "scaleX": 0.7337386,
        "scaleY": 0.651378036,
        "scaleZ": 0.6222385
      },
      "Nickname": "",
      "Description": "",
      "GMNotes": "",
      "ColorDiffuse": {
        "r": 1.0,
        "g": 1.0,
        "b": 1.0
      },
      "Locked": true,
      "Grid": true,
      "Snap": true,
      "IgnoreFoW": false,
      "Autoraise": true,
      "Sticky": true,
      "Tooltip": true,
      "GridProjection": false,
      "HideWhenFaceDown": false,
      "Hands": false,
      "CustomMesh": {
        "MeshURL": "http://cloud-3.steamusercontent.com/ugc/2440264453843181632/D50EF1778448022957B149EA0579AB27B8A81B67/",
        "DiffuseURL": "https://www.dropbox.com/s/rpn9u091xg1vdv8/Dirty_wall_01.jpg?dl=1",
        "NormalURL": "",
        "ColliderURL": "http://cloud-3.steamusercontent.com/ugc/2440264453843181632/D50EF1778448022957B149EA0579AB27B8A81B67/",
        "Convex": false,
        "MaterialIndex": 3,
        "TypeIndex": 0,
        "CastShadows": true
      },
      "XmlUI": "",
      "LuaScript": "",
      "LuaScriptState": "",
      "GUID": "42e0aa"
    },
    {
      "Name": "Custom_Model",
      "Transform": {
        "posX": 17.0019455,
        "posY": 0.8843157,
        "posZ": -2.805641,
        "rotX": 359.920044,
        "rotY": 270.003052,
        "rotZ": 0.01686755,
        "scaleX": 0.7220623,
        "scaleY": 0.6315124,
        "scaleZ": 0.652520239
      },
      "Nickname": "",
      "Description": "",
      "GMNotes": "",
      "ColorDiffuse": {
        "r": 1.0,
        "g": 1.0,
        "b": 1.0
      },
      "Locked": true,
      "Grid": true,
      "Snap": true,
      "IgnoreFoW": false,
      "Autoraise": true,
      "Sticky": true,
      "Tooltip": true,
      "GridProjection": false,
      "HideWhenFaceDown": false,
      "Hands": false,
      "CustomMesh": {
        "MeshURL": "http://cloud-3.steamusercontent.com/ugc/2440264453843128373/E640E94050A9127724F3695A4FDA40337CAD9B88/",
        "DiffuseURL": "https://www.dropbox.com/s/rpn9u091xg1vdv8/Dirty_wall_01.jpg?dl=1",
        "NormalURL": "",
        "ColliderURL": "http://cloud-3.steamusercontent.com/ugc/2440264453843128373/E640E94050A9127724F3695A4FDA40337CAD9B88/",
        "Convex": false,
        "MaterialIndex": 3,
        "TypeIndex": 0,
        "CastShadows": true
      },
      "XmlUI": "",
      "LuaScript": "",
      "LuaScriptState": "",
      "GUID": "0f2c2a"
    },
    {
      "Name": "Custom_Model",
      "Transform": {
        "posX": -5.615614,
        "posY": 1.15806067,
        "posZ": -21.61112,
        "rotX": 0.0168734863,
        "rotY": 180.020416,
        "rotZ": 0.07988975,
        "scaleX": 1.69999945,
        "scaleY": 1.69999945,
        "scaleZ": 1.69999945
      },
      "Nickname": "",
      "Description": "",
      "GMNotes": "",
      "ColorDiffuse": {
        "r": 1.0,
        "g": 0.877858341,
        "b": 0.6705671
      },
      "Locked": true,
      "Grid": true,
      "Snap": true,
      "IgnoreFoW": false,
      "Autoraise": true,
      "Sticky": true,
      "Tooltip": true,
      "GridProjection": false,
      "HideWhenFaceDown": false,
      "Hands": false,
      "CustomMesh": {
        "MeshURL": "www.general-chaos.com/rp/ts/2x1stairw.obj",
        "DiffuseURL": "www.general-chaos.com/rp/ts/3x1wallw.png",
        "NormalURL": "www.general-chaos.com/rp/ts/3x1wallwn.png",
        "ColliderURL": "www.general-chaos.com/rp/ts/2x1stairo.obj",
        "Convex": false,
        "MaterialIndex": 1,
        "TypeIndex": 4,
        "CastShadows": true
      },
      "XmlUI": "",
      "LuaScript": "",
      "LuaScriptState": "",
      "GUID": "791af2"
    },
    {
      "Name": "Custom_Model",
      "Transform": {
        "posX": 5.88734627,
        "posY": 1.14201927,
        "posZ": -21.6343136,
        "rotX": 359.9831,
        "rotY": 0.003748981,
        "rotZ": 359.9201,
        "scaleX": 1.69999945,
        "scaleY": 1.69999945,
        "scaleZ": 1.69999945
      },
      "Nickname": "",
      "Description": "",
      "GMNotes": "",
      "ColorDiffuse": {
        "r": 1.0,
        "g": 0.877858341,
        "b": 0.6705671
      },
      "Locked": true,
      "Grid": true,
      "Snap": true,
      "IgnoreFoW": false,
      "Autoraise": true,
      "Sticky": true,
      "Tooltip": true,
      "GridProjection": false,
      "HideWhenFaceDown": false,
      "Hands": false,
      "CustomMesh": {
        "MeshURL": "www.general-chaos.com/rp/ts/2x1stairw.obj",
        "DiffuseURL": "www.general-chaos.com/rp/ts/3x1wallw.png",
        "NormalURL": "www.general-chaos.com/rp/ts/3x1wallwn.png",
        "ColliderURL": "www.general-chaos.com/rp/ts/2x1stairo.obj",
        "Convex": false,
        "MaterialIndex": 1,
        "TypeIndex": 4,
        "CastShadows": true
      },
      "XmlUI": "",
      "LuaScript": "",
      "LuaScriptState": "",
      "GUID": "26740e"
    },
    {
      "Name": "Custom_Model",
      "Transform": {
        "posX": -5.636881,
        "posY": 1.157586,
        "posZ": -23.3239079,
        "rotX": 0.0168787558,
        "rotY": 180.02449,
        "rotZ": 0.0798928738,
        "scaleX": 1.69999945,
        "scaleY": 1.69999945,
        "scaleZ": 1.69999945
      },
      "Nickname": "",
      "Description": "",
      "GMNotes": "",
      "ColorDiffuse": {
        "r": 1.0,
        "g": 0.877858341,
        "b": 0.6705671
      },
      "Locked": true,
      "Grid": true,
      "Snap": true,
      "IgnoreFoW": false,
      "Autoraise": true,
      "Sticky": true,
      "Tooltip": true,
      "GridProjection": false,
      "HideWhenFaceDown": false,
      "Hands": false,
      "CustomMesh": {
        "MeshURL": "www.general-chaos.com/rp/ts/2x1stairw.obj",
        "DiffuseURL": "www.general-chaos.com/rp/ts/3x1wallw.png",
        "NormalURL": "www.general-chaos.com/rp/ts/3x1wallwn.png",
        "ColliderURL": "www.general-chaos.com/rp/ts/2x1stairo.obj",
        "Convex": false,
        "MaterialIndex": 1,
        "TypeIndex": 4,
        "CastShadows": true
      },
      "XmlUI": "",
      "LuaScript": "",
      "LuaScriptState": "",
      "GUID": "b9b2d0"
    },
    {
      "Name": "Custom_Model",
      "Transform": {
        "posX": 5.86568069,
        "posY": 1.14154494,
        "posZ": -23.3470478,
        "rotX": 359.983063,
        "rotY": 359.984772,
        "rotZ": 359.9201,
        "scaleX": 1.69999945,
        "scaleY": 1.69999945,
        "scaleZ": 1.69999945
      },
      "Nickname": "",
      "Description": "",
      "GMNotes": "",
      "ColorDiffuse": {
        "r": 1.0,
        "g": 0.877858341,
        "b": 0.6705671
      },
      "Locked": true,
      "Grid": true,
      "Snap": true,
      "IgnoreFoW": false,
      "Autoraise": true,
      "Sticky": true,
      "Tooltip": true,
      "GridProjection": false,
      "HideWhenFaceDown": false,
      "Hands": false,
      "CustomMesh": {
        "MeshURL": "www.general-chaos.com/rp/ts/2x1stairw.obj",
        "DiffuseURL": "www.general-chaos.com/rp/ts/3x1wallw.png",
        "NormalURL": "www.general-chaos.com/rp/ts/3x1wallwn.png",
        "ColliderURL": "www.general-chaos.com/rp/ts/2x1stairo.obj",
        "Convex": false,
        "MaterialIndex": 1,
        "TypeIndex": 4,
        "CastShadows": true
      },
      "XmlUI": "",
      "LuaScript": "",
      "LuaScriptState": "",
      "GUID": "72c282"
    },
    {
      "Name": "Custom_Model",
      "Transform": {
        "posX": 26.07127,
        "posY": 0.9486846,
        "posZ": -5.54077959,
        "rotX": 359.983154,
        "rotY": 359.983826,
        "rotZ": 359.891418,
        "scaleX": 0.62500006,
        "scaleY": 0.62500006,
        "scaleZ": 0.326618731
      },
      "Nickname": "",
      "Description": "",
      "GMNotes": "",
      "ColorDiffuse": {
        "r": 0.9999998,
        "g": 0.992164552,
        "b": 0.9999998
      },
      "Locked": true,
      "Grid": true,
      "Snap": true,
      "IgnoreFoW": false,
      "Autoraise": true,
      "Sticky": true,
      "Tooltip": true,
      "GridProjection": false,
      "HideWhenFaceDown": false,
      "Hands": false,
      "CustomMesh": {
        "MeshURL": "https://sites.google.com/site/tabletopsimulator4/wwg_mayhem_streets/transit_wall.obj",
        "DiffuseURL": "https://sites.google.com/site/tabletopsimulator4/wwg_mayhem_streets/transit_wall_s06.jpg",
        "NormalURL": "",
        "ColliderURL": "",
        "Convex": true,
        "MaterialIndex": 0,
        "TypeIndex": 4,
        "CustomShader": {
          "SpecularColor": {
            "r": 1.0,
            "g": 1.0,
            "b": 1.0
          },
          "SpecularIntensity": 0.0,
          "SpecularSharpness": 7.0,
          "FresnelStrength": 0.4
        },
        "CastShadows": true
      },
      "XmlUI": "",
      "LuaScript": "",
      "LuaScriptState": "",
      "PhysicsMaterial": {
        "StaticFriction": 1.0,
        "DynamicFriction": 1.0,
        "Bounciness": 0.0,
        "FrictionCombine": 0,
        "BounceCombine": 0
      },
      "Rigidbody": {
        "Mass": 10.0,
        "Drag": 10.0,
        "AngularDrag": 10.0,
        "UseGravity": true
      },
      "GUID": "a9259d"
    },
    {
      "Name": "Custom_Model",
      "Transform": {
        "posX": 26.3073578,
        "posY": 0.9516692,
        "posZ": 5.64061069,
        "rotX": 359.9827,
        "rotY": 359.984161,
        "rotZ": 359.882629,
        "scaleX": 0.62500006,
        "scaleY": 0.625,
        "scaleZ": 0.3384751
      },
      "Nickname": "",
      "Description": "",
      "GMNotes": "",
      "ColorDiffuse": {
        "r": 0.9999998,
        "g": 0.992164552,
        "b": 0.9999998
      },
      "Locked": true,
      "Grid": true,
      "Snap": true,
      "IgnoreFoW": false,
      "Autoraise": true,
      "Sticky": true,
      "Tooltip": true,
      "GridProjection": false,
      "HideWhenFaceDown": false,
      "Hands": false,
      "CustomMesh": {
        "MeshURL": "https://sites.google.com/site/tabletopsimulator4/wwg_mayhem_streets/transit_wall.obj",
        "DiffuseURL": "https://sites.google.com/site/tabletopsimulator4/wwg_mayhem_streets/transit_wall_s06.jpg",
        "NormalURL": "",
        "ColliderURL": "",
        "Convex": true,
        "MaterialIndex": 0,
        "TypeIndex": 4,
        "CustomShader": {
          "SpecularColor": {
            "r": 1.0,
            "g": 1.0,
            "b": 1.0
          },
          "SpecularIntensity": 0.0,
          "SpecularSharpness": 7.0,
          "FresnelStrength": 0.4
        },
        "CastShadows": true
      },
      "XmlUI": "",
      "LuaScript": "",
      "LuaScriptState": "",
      "PhysicsMaterial": {
        "StaticFriction": 1.0,
        "DynamicFriction": 1.0,
        "Bounciness": 0.0,
        "FrictionCombine": 0,
        "BounceCombine": 0
      },
      "Rigidbody": {
        "Mass": 10.0,
        "Drag": 10.0,
        "AngularDrag": 10.0,
        "UseGravity": true
      },
      "GUID": "27ba75"
    },
    {
      "Name": "Custom_Assetbundle",
      "Transform": {
        "posX": 27.87658,
        "posY": 1.47522652,
        "posZ": -17.2960262,
        "rotX": 359.974182,
        "rotY": 29.92954,
        "rotZ": 353.35733,
        "scaleX": 0.250000417,
        "scaleY": 0.250000417,
        "scaleZ": 0.250000417
      },
      "Nickname": "",
      "Description": "",
      "GMNotes": "",
      "ColorDiffuse": {
        "r": 0.8,
        "g": 0.8,
        "b": 0.8
      },
      "Locked": true,
      "Grid": true,
      "Snap": true,
      "IgnoreFoW": false,
      "Autoraise": true,
      "Sticky": true,
      "Tooltip": true,
      "GridProjection": false,
      "HideWhenFaceDown": false,
      "Hands": false,
      "CustomAssetbundle": {
        "AssetbundleURL": "https://drive.google.com/uc?export=download&id=0BwpXdiEgZ5GzaTg3MExpakJkbm8",
        "AssetbundleSecondaryURL": "",
        "MaterialIndex": 0,
        "TypeIndex": 0,
        "LoopingEffectIndex": 0
      },
      "XmlUI": "",
      "LuaScript": "",
      "LuaScriptState": "",
      "GUID": "6db30a"
    },
    {
      "Name": "Custom_Model",
      "Transform": {
        "posX": 26.7793961,
        "posY": 0.9388174,
        "posZ": 6.09798956,
        "rotX": 359.939,
        "rotY": 240.004547,
        "rotZ": 0.0547452122,
        "scaleX": 0.5,
        "scaleY": 0.5,
        "scaleZ": 0.5
      },
      "Nickname": "",
      "Description": "",
      "GMNotes": "",
      "ColorDiffuse": {
        "r": 0.9999998,
        "g": 0.992164552,
        "b": 0.9999998
      },
      "Locked": true,
      "Grid": true,
      "Snap": true,
      "IgnoreFoW": false,
      "Autoraise": true,
      "Sticky": true,
      "Tooltip": true,
      "GridProjection": false,
      "HideWhenFaceDown": false,
      "Hands": false,
      "CustomMesh": {
        "MeshURL": "www.googledrive.com/host/0BwpXdiEgZ5GzQi1ZUlFMR2QyVUE",
        "DiffuseURL": "http://i.imgur.com/XJezWl8.jpg",
        "NormalURL": "http://i.imgur.com/qNNmw0A.jpg",
        "ColliderURL": "www.googledrive.com/host/0BwpXdiEgZ5GzNUhVRjlaZzRDUms",
        "Convex": true,
        "MaterialIndex": 0,
        "TypeIndex": 0,
        "CustomShader": {
          "SpecularColor": {
            "r": 1.0,
            "g": 1.0,
            "b": 1.0
          },
          "SpecularIntensity": 0.0,
          "SpecularSharpness": 7.0,
          "FresnelStrength": 0.4
        },
        "CastShadows": true
      },
      "XmlUI": "",
      "LuaScript": "",
      "LuaScriptState": "",
      "GUID": "8fe7cb"
    },
    {
      "Name": "Custom_Model",
      "Transform": {
        "posX": 26.8466511,
        "posY": 0.9391875,
        "posZ": 7.613074,
        "rotX": 359.9358,
        "rotY": 270.037079,
        "rotZ": 359.974579,
        "scaleX": 0.5,
        "scaleY": 0.5,
        "scaleZ": 0.5
      },
      "Nickname": "",
      "Description": "",
      "GMNotes": "",
      "ColorDiffuse": {
        "r": 0.9999998,
        "g": 0.992164552,
        "b": 0.9999998
      },
      "Locked": true,
      "Grid": true,
      "Snap": true,
      "IgnoreFoW": false,
      "Autoraise": true,
      "Sticky": true,
      "Tooltip": true,
      "GridProjection": false,
      "HideWhenFaceDown": false,
      "Hands": false,
      "CustomMesh": {
        "MeshURL": "www.googledrive.com/host/0BwpXdiEgZ5GzQi1ZUlFMR2QyVUE",
        "DiffuseURL": "http://i.imgur.com/XJezWl8.jpg",
        "NormalURL": "http://i.imgur.com/qNNmw0A.jpg",
        "ColliderURL": "www.googledrive.com/host/0BwpXdiEgZ5GzNUhVRjlaZzRDUms",
        "Convex": true,
        "MaterialIndex": 0,
        "TypeIndex": 0,
        "CustomShader": {
          "SpecularColor": {
            "r": 1.0,
            "g": 1.0,
            "b": 1.0
          },
          "SpecularIntensity": 0.0,
          "SpecularSharpness": 7.0,
          "FresnelStrength": 0.4
        },
        "CastShadows": true
      },
      "XmlUI": "",
      "LuaScript": "",
      "LuaScriptState": "",
      "GUID": "7c6974"
    },
    {
      "Name": "Custom_Model",
      "Transform": {
        "posX": 26.79875,
        "posY": 0.9391024,
        "posZ": 6.90666866,
        "rotX": 359.932648,
        "rotY": 240.016022,
        "rotZ": 0.0844490454,
        "scaleX": 0.5,
        "scaleY": 0.5,
        "scaleZ": 0.5
      },
      "Nickname": "",
      "Description": "",
      "GMNotes": "",
      "ColorDiffuse": {
        "r": 0.9999998,
        "g": 0.992164552,
        "b": 0.9999998
      },
      "Locked": true,
      "Grid": true,
      "Snap": true,
      "IgnoreFoW": false,
      "Autoraise": true,
      "Sticky": true,
      "Tooltip": true,
      "GridProjection": false,
      "HideWhenFaceDown": false,
      "Hands": false,
      "CustomMesh": {
        "MeshURL": "www.googledrive.com/host/0BwpXdiEgZ5GzQi1ZUlFMR2QyVUE",
        "DiffuseURL": "http://i.imgur.com/XJezWl8.jpg",
        "NormalURL": "http://i.imgur.com/qNNmw0A.jpg",
        "ColliderURL": "www.googledrive.com/host/0BwpXdiEgZ5GzNUhVRjlaZzRDUms",
        "Convex": true,
        "MaterialIndex": 0,
        "TypeIndex": 0,
        "CustomShader": {
          "SpecularColor": {
            "r": 1.0,
            "g": 1.0,
            "b": 1.0
          },
          "SpecularIntensity": 0.0,
          "SpecularSharpness": 7.0,
          "FresnelStrength": 0.4
        },
        "CastShadows": true
      },
      "XmlUI": "",
      "LuaScript": "",
      "LuaScriptState": "",
      "GUID": "81142b"
    },
    {
      "Name": "Custom_Model",
      "Transform": {
        "posX": 27.5259323,
        "posY": 0.9380133,
        "posZ": 6.901424,
        "rotX": 359.939,
        "rotY": 239.988892,
        "rotZ": 0.05475229,
        "scaleX": 0.5,
        "scaleY": 0.5,
        "scaleZ": 0.5
      },
      "Nickname": "",
      "Description": "",
      "GMNotes": "",
      "ColorDiffuse": {
        "r": 0.9999998,
        "g": 0.992164552,
        "b": 0.9999998
      },
      "Locked": true,
      "Grid": true,
      "Snap": true,
      "IgnoreFoW": false,
      "Autoraise": true,
      "Sticky": true,
      "Tooltip": true,
      "GridProjection": false,
      "HideWhenFaceDown": false,
      "Hands": false,
      "CustomMesh": {
        "MeshURL": "www.googledrive.com/host/0BwpXdiEgZ5GzQi1ZUlFMR2QyVUE",
        "DiffuseURL": "http://i.imgur.com/XJezWl8.jpg",
        "NormalURL": "http://i.imgur.com/qNNmw0A.jpg",
        "ColliderURL": "www.googledrive.com/host/0BwpXdiEgZ5GzNUhVRjlaZzRDUms",
        "Convex": true,
        "MaterialIndex": 0,
        "TypeIndex": 0,
        "CustomShader": {
          "SpecularColor": {
            "r": 1.0,
            "g": 1.0,
            "b": 1.0
          },
          "SpecularIntensity": 0.0,
          "SpecularSharpness": 7.0,
          "FresnelStrength": 0.4
        },
        "CastShadows": true
      },
      "XmlUI": "",
      "LuaScript": "",
      "LuaScriptState": "",
      "GUID": "1b5d5b"
    },
    {
      "Name": "Custom_Model",
      "Transform": {
        "posX": 26.8485146,
        "posY": 1.93079853,
        "posZ": 7.614767,
        "rotX": 359.9115,
        "rotY": 239.984253,
        "rotZ": 359.989,
        "scaleX": 0.5,
        "scaleY": 0.5,
        "scaleZ": 0.5
      },
      "Nickname": "",
      "Description": "",
      "GMNotes": "",
      "ColorDiffuse": {
        "r": 0.9999998,
        "g": 0.992164552,
        "b": 0.9999998
      },
      "Locked": true,
      "Grid": true,
      "Snap": true,
      "IgnoreFoW": false,
      "Autoraise": true,
      "Sticky": true,
      "Tooltip": true,
      "GridProjection": false,
      "HideWhenFaceDown": false,
      "Hands": false,
      "CustomMesh": {
        "MeshURL": "www.googledrive.com/host/0BwpXdiEgZ5GzQi1ZUlFMR2QyVUE",
        "DiffuseURL": "http://i.imgur.com/XJezWl8.jpg",
        "NormalURL": "http://i.imgur.com/qNNmw0A.jpg",
        "ColliderURL": "www.googledrive.com/host/0BwpXdiEgZ5GzNUhVRjlaZzRDUms",
        "Convex": true,
        "MaterialIndex": 0,
        "TypeIndex": 0,
        "CustomShader": {
          "SpecularColor": {
            "r": 1.0,
            "g": 1.0,
            "b": 1.0
          },
          "SpecularIntensity": 0.0,
          "SpecularSharpness": 7.0,
          "FresnelStrength": 0.4
        },
        "CastShadows": true
      },
      "XmlUI": "",
      "LuaScript": "",
      "LuaScriptState": "",
      "GUID": "5834f4"
    },
    {
      "Name": "Custom_Model",
      "Transform": {
        "posX": 26.8292274,
        "posY": 1.93068957,
        "posZ": 6.928348,
        "rotX": 359.9905,
        "rotY": 240.000717,
        "rotZ": 0.154938489,
        "scaleX": 0.5,
        "scaleY": 0.5,
        "scaleZ": 0.5
      },
      "Nickname": "",
      "Description": "",
      "GMNotes": "",
      "ColorDiffuse": {
        "r": 0.9999998,
        "g": 0.992164552,
        "b": 0.9999998
      },
      "Locked": true,
      "Grid": true,
      "Snap": true,
      "IgnoreFoW": false,
      "Autoraise": true,
      "Sticky": true,
      "Tooltip": true,
      "GridProjection": false,
      "HideWhenFaceDown": false,
      "Hands": false,
      "CustomMesh": {
        "MeshURL": "www.googledrive.com/host/0BwpXdiEgZ5GzQi1ZUlFMR2QyVUE",
        "DiffuseURL": "http://i.imgur.com/XJezWl8.jpg",
        "NormalURL": "http://i.imgur.com/qNNmw0A.jpg",
        "ColliderURL": "www.googledrive.com/host/0BwpXdiEgZ5GzNUhVRjlaZzRDUms",
        "Convex": true,
        "MaterialIndex": 0,
        "TypeIndex": 0,
        "CustomShader": {
          "SpecularColor": {
            "r": 1.0,
            "g": 1.0,
            "b": 1.0
          },
          "SpecularIntensity": 0.0,
          "SpecularSharpness": 7.0,
          "FresnelStrength": 0.4
        },
        "CastShadows": true
      },
      "XmlUI": "",
      "LuaScript": "",
      "LuaScriptState": "",
      "GUID": "a88b12"
    },
    {
      "Name": "Custom_Model",
      "Transform": {
        "posX": 27.5698853,
        "posY": 0.938165545,
        "posZ": 7.625511,
        "rotX": 359.920135,
        "rotY": 270.014832,
        "rotZ": 0.0163944,
        "scaleX": 0.5,
        "scaleY": 0.5,
        "scaleZ": 0.5
      },
      "Nickname": "",
      "Description": "",
      "GMNotes": "",
      "ColorDiffuse": {
        "r": 0.9999998,
        "g": 0.992164552,
        "b": 0.9999998
      },
      "Locked": true,
      "Grid": true,
      "Snap": true,
      "IgnoreFoW": false,
      "Autoraise": true,
      "Sticky": true,
      "Tooltip": true,
      "GridProjection": false,
      "HideWhenFaceDown": false,
      "Hands": false,
      "CustomMesh": {
        "MeshURL": "www.googledrive.com/host/0BwpXdiEgZ5GzQi1ZUlFMR2QyVUE",
        "DiffuseURL": "http://i.imgur.com/XJezWl8.jpg",
        "NormalURL": "http://i.imgur.com/qNNmw0A.jpg",
        "ColliderURL": "www.googledrive.com/host/0BwpXdiEgZ5GzNUhVRjlaZzRDUms",
        "Convex": true,
        "MaterialIndex": 0,
        "TypeIndex": 0,
        "CustomShader": {
          "SpecularColor": {
            "r": 1.0,
            "g": 1.0,
            "b": 1.0
          },
          "SpecularIntensity": 0.0,
          "SpecularSharpness": 7.0,
          "FresnelStrength": 0.4
        },
        "CastShadows": true
      },
      "XmlUI": "",
      "LuaScript": "",
      "LuaScriptState": "",
      "GUID": "ea1b25"
    },
    {
      "Name": "Custom_Model",
      "Transform": {
        "posX": 26.8041458,
        "posY": 2.92253828,
        "posZ": 7.59253,
        "rotX": 359.9307,
        "rotY": 254.958527,
        "rotZ": 359.980225,
        "scaleX": 0.5,
        "scaleY": 0.5,
        "scaleZ": 0.5
      },
      "Nickname": "",
      "Description": "",
      "GMNotes": "",
      "ColorDiffuse": {
        "r": 0.9999998,
        "g": 0.992164552,
        "b": 0.9999998
      },
      "Locked": true,
      "Grid": true,
      "Snap": true,
      "IgnoreFoW": false,
      "Autoraise": true,
      "Sticky": true,
      "Tooltip": true,
      "GridProjection": false,
      "HideWhenFaceDown": false,
      "Hands": false,
      "CustomMesh": {
        "MeshURL": "www.googledrive.com/host/0BwpXdiEgZ5GzQi1ZUlFMR2QyVUE",
        "DiffuseURL": "http://i.imgur.com/XJezWl8.jpg",
        "NormalURL": "http://i.imgur.com/qNNmw0A.jpg",
        "ColliderURL": "www.googledrive.com/host/0BwpXdiEgZ5GzNUhVRjlaZzRDUms",
        "Convex": true,
        "MaterialIndex": 0,
        "TypeIndex": 0,
        "CustomShader": {
          "SpecularColor": {
            "r": 1.0,
            "g": 1.0,
            "b": 1.0
          },
          "SpecularIntensity": 0.0,
          "SpecularSharpness": 7.0,
          "FresnelStrength": 0.4
        },
        "CastShadows": true
      },
      "XmlUI": "",
      "LuaScript": "",
      "LuaScriptState": "",
      "GUID": "c4c18a"
    },
    {
      "Name": "Custom_Assetbundle",
      "Transform": {
        "posX": 28.2915115,
        "posY": 0.847884536,
        "posZ": -17.52097,
        "rotX": 0.0181052312,
        "rotY": 29.8478489,
        "rotZ": 3.37783241,
        "scaleX": 0.250000417,
        "scaleY": 0.250000417,
        "scaleZ": 0.250000417
      },
      "Nickname": "",
      "Description": "",
      "GMNotes": "",
      "ColorDiffuse": {
        "r": 0.8,
        "g": 0.8,
        "b": 0.8
      },
      "Locked": true,
      "Grid": true,
      "Snap": true,
      "IgnoreFoW": false,
      "Autoraise": true,
      "Sticky": true,
      "Tooltip": true,
      "GridProjection": false,
      "HideWhenFaceDown": false,
      "Hands": false,
      "CustomAssetbundle": {
        "AssetbundleURL": "https://drive.google.com/uc?export=download&id=0BwpXdiEgZ5GzaTg3MExpakJkbm8",
        "AssetbundleSecondaryURL": "",
        "MaterialIndex": 0,
        "TypeIndex": 0,
        "LoopingEffectIndex": 0
      },
      "XmlUI": "",
      "LuaScript": "",
      "LuaScriptState": "",
      "GUID": "534c25"
    },
    {
      "Name": "Custom_Assetbundle",
      "Transform": {
        "posX": 29.18837,
        "posY": 0.850481153,
        "posZ": -18.0207233,
        "rotX": 0.0321422331,
        "rotY": 30.1654282,
        "rotZ": 351.190063,
        "scaleX": 0.250000417,
        "scaleY": 0.250000417,
        "scaleZ": 0.250000417
      },
      "Nickname": "",
      "Description": "",
      "GMNotes": "",
      "ColorDiffuse": {
        "r": 0.8,
        "g": 0.8,
        "b": 0.8
      },
      "Locked": true,
      "Grid": true,
      "Snap": true,
      "IgnoreFoW": false,
      "Autoraise": true,
      "Sticky": true,
      "Tooltip": true,
      "GridProjection": false,
      "HideWhenFaceDown": false,
      "Hands": false,
      "CustomAssetbundle": {
        "AssetbundleURL": "https://drive.google.com/uc?export=download&id=0BwpXdiEgZ5GzaTg3MExpakJkbm8",
        "AssetbundleSecondaryURL": "",
        "MaterialIndex": 0,
        "TypeIndex": 0,
        "LoopingEffectIndex": 0
      },
      "XmlUI": "",
      "LuaScript": "",
      "LuaScriptState": "",
      "GUID": "c6034a"
    },
    {
      "Name": "Custom_Assetbundle",
      "Transform": {
        "posX": 28.837923,
        "posY": 1.36109746,
        "posZ": -17.8196869,
        "rotX": 0.17667529,
        "rotY": 29.9825611,
        "rotZ": 14.5359936,
        "scaleX": 0.250000417,
        "scaleY": 0.250000417,
        "scaleZ": 0.250000417
      },
      "Nickname": "",
      "Description": "",
      "GMNotes": "",
      "ColorDiffuse": {
        "r": 0.8,
        "g": 0.8,
        "b": 0.8
      },
      "Locked": true,
      "Grid": true,
      "Snap": true,
      "IgnoreFoW": false,
      "Autoraise": true,
      "Sticky": true,
      "Tooltip": true,
      "GridProjection": false,
      "HideWhenFaceDown": false,
      "Hands": false,
      "CustomAssetbundle": {
        "AssetbundleURL": "https://drive.google.com/uc?export=download&id=0BwpXdiEgZ5GzaTg3MExpakJkbm8",
        "AssetbundleSecondaryURL": "",
        "MaterialIndex": 0,
        "TypeIndex": 0,
        "LoopingEffectIndex": 0
      },
      "XmlUI": "",
      "LuaScript": "",
      "LuaScriptState": "",
      "GUID": "999710"
    },
    {
      "Name": "Custom_Assetbundle",
      "Transform": {
        "posX": 28.3899918,
        "posY": 1.9775641,
        "posZ": -17.53053,
        "rotX": 0.122122385,
        "rotY": 30.0704231,
        "rotZ": 354.9645,
        "scaleX": 0.250000417,
        "scaleY": 0.250000417,
        "scaleZ": 0.250000417
      },
      "Nickname": "",
      "Description": "",
      "GMNotes": "",
      "ColorDiffuse": {
        "r": 0.8,
        "g": 0.8,
        "b": 0.8
      },
      "Locked": true,
      "Grid": true,
      "Snap": true,
      "IgnoreFoW": false,
      "Autoraise": true,
      "Sticky": true,
      "Tooltip": true,
      "GridProjection": false,
      "HideWhenFaceDown": false,
      "Hands": false,
      "CustomAssetbundle": {
        "AssetbundleURL": "https://drive.google.com/uc?export=download&id=0BwpXdiEgZ5GzaTg3MExpakJkbm8",
        "AssetbundleSecondaryURL": "",
        "MaterialIndex": 0,
        "TypeIndex": 0,
        "LoopingEffectIndex": 0
      },
      "XmlUI": "",
      "LuaScript": "",
      "LuaScriptState": "",
      "GUID": "b1b89b"
    },
    {
      "Name": "Custom_Assetbundle",
      "Transform": {
        "posX": 27.4996281,
        "posY": 0.862982631,
        "posZ": -17.00804,
        "rotX": 0.0248418245,
        "rotY": 30.0057926,
        "rotZ": 343.476746,
        "scaleX": 0.250000417,
        "scaleY": 0.250000417,
        "scaleZ": 0.250000417
      },
      "Nickname": "",
      "Description": "",
      "GMNotes": "",
      "ColorDiffuse": {
        "r": 0.8,
        "g": 0.8,
        "b": 0.8
      },
      "Locked": true,
      "Grid": true,
      "Snap": true,
      "IgnoreFoW": false,
      "Autoraise": true,
      "Sticky": true,
      "Tooltip": true,
      "GridProjection": false,
      "HideWhenFaceDown": false,
      "Hands": false,
      "CustomAssetbundle": {
        "AssetbundleURL": "https://drive.google.com/uc?export=download&id=0BwpXdiEgZ5GzaTg3MExpakJkbm8",
        "AssetbundleSecondaryURL": "",
        "MaterialIndex": 0,
        "TypeIndex": 0,
        "LoopingEffectIndex": 0
      },
      "XmlUI": "",
      "LuaScript": "",
      "LuaScriptState": "",
      "GUID": "1d30eb"
    },
    {
      "Name": "Custom_Model",
      "Transform": {
        "posX": 28.30209,
        "posY": 0.9371675,
        "posZ": 7.70348644,
        "rotX": 359.939026,
        "rotY": 239.973328,
        "rotZ": 0.0547397546,
        "scaleX": 0.5,
        "scaleY": 0.5,
        "scaleZ": 0.5
      },
      "Nickname": "",
      "Description": "",
      "GMNotes": "",
      "ColorDiffuse": {
        "r": 0.9999998,
        "g": 0.992164552,
        "b": 0.9999998
      },
      "Locked": true,
      "Grid": true,
      "Snap": true,
      "IgnoreFoW": false,
      "Autoraise": true,
      "Sticky": true,
      "Tooltip": true,
      "GridProjection": false,
      "HideWhenFaceDown": false,
      "Hands": false,
      "CustomMesh": {
        "MeshURL": "www.googledrive.com/host/0BwpXdiEgZ5GzQi1ZUlFMR2QyVUE",
        "DiffuseURL": "http://i.imgur.com/XJezWl8.jpg",
        "NormalURL": "http://i.imgur.com/qNNmw0A.jpg",
        "ColliderURL": "www.googledrive.com/host/0BwpXdiEgZ5GzNUhVRjlaZzRDUms",
        "Convex": true,
        "MaterialIndex": 0,
        "TypeIndex": 0,
        "CustomShader": {
          "SpecularColor": {
            "r": 1.0,
            "g": 1.0,
            "b": 1.0
          },
          "SpecularIntensity": 0.0,
          "SpecularSharpness": 7.0,
          "FresnelStrength": 0.4
        },
        "CastShadows": true
      },
      "XmlUI": "",
      "LuaScript": "",
      "LuaScriptState": "",
      "GUID": "51f172"
    },
    {
      "Name": "Custom_Model",
      "Transform": {
        "posX": 27.5749741,
        "posY": 1.92968988,
        "posZ": 7.61320734,
        "rotX": 359.943024,
        "rotY": 239.973816,
        "rotZ": 0.0648259,
        "scaleX": 0.5,
        "scaleY": 0.5,
        "scaleZ": 0.5
      },
      "Nickname": "",
      "Description": "",
      "GMNotes": "",
      "ColorDiffuse": {
        "r": 0.9999998,
        "g": 0.992164552,
        "b": 0.9999998
      },
      "Locked": true,
      "Grid": true,
      "Snap": true,
      "IgnoreFoW": false,
      "Autoraise": true,
      "Sticky": true,
      "Tooltip": true,
      "GridProjection": false,
      "HideWhenFaceDown": false,
      "Hands": false,
      "CustomMesh": {
        "MeshURL": "www.googledrive.com/host/0BwpXdiEgZ5GzQi1ZUlFMR2QyVUE",
        "DiffuseURL": "http://i.imgur.com/XJezWl8.jpg",
        "NormalURL": "http://i.imgur.com/qNNmw0A.jpg",
        "ColliderURL": "www.googledrive.com/host/0BwpXdiEgZ5GzNUhVRjlaZzRDUms",
        "Convex": true,
        "MaterialIndex": 0,
        "TypeIndex": 0,
        "CustomShader": {
          "SpecularColor": {
            "r": 1.0,
            "g": 1.0,
            "b": 1.0
          },
          "SpecularIntensity": 0.0,
          "SpecularSharpness": 7.0,
          "FresnelStrength": 0.4
        },
        "CastShadows": true
      },
      "XmlUI": "",
      "LuaScript": "",
      "LuaScriptState": "",
      "GUID": "e78994"
    },
    {
      "Name": "Custom_Model",
      "Transform": {
        "posX": 30.98547,
        "posY": 0.941164255,
        "posZ": -7.872629,
        "rotX": 359.920135,
        "rotY": 270.008362,
        "rotZ": 359.980469,
        "scaleX": 0.625,
        "scaleY": 0.625,
        "scaleZ": 0.625
      },
      "Nickname": "",
      "Description": "",
      "GMNotes": "",
      "ColorDiffuse": {
        "r": 0.9999998,
        "g": 0.992164552,
        "b": 0.9999998
      },
      "Locked": true,
      "Grid": true,
      "Snap": true,
      "IgnoreFoW": false,
      "Autoraise": true,
      "Sticky": true,
      "Tooltip": true,
      "GridProjection": false,
      "HideWhenFaceDown": false,
      "Hands": false,
      "CustomMesh": {
        "MeshURL": "https://sites.google.com/site/tabletopsimulator4/wwg_mayhem_streets/transit_wall.obj",
        "DiffuseURL": "https://sites.google.com/site/tabletopsimulator4/wwg_mayhem_streets/transit_wall_s06.jpg",
        "NormalURL": "",
        "ColliderURL": "",
        "Convex": true,
        "MaterialIndex": 0,
        "TypeIndex": 4,
        "CustomShader": {
          "SpecularColor": {
            "r": 1.0,
            "g": 1.0,
            "b": 1.0
          },
          "SpecularIntensity": 0.0,
          "SpecularSharpness": 7.0,
          "FresnelStrength": 0.4
        },
        "CastShadows": true
      },
      "XmlUI": "",
      "LuaScript": "",
      "LuaScriptState": "",
      "PhysicsMaterial": {
        "StaticFriction": 1.0,
        "DynamicFriction": 1.0,
        "Bounciness": 0.0,
        "FrictionCombine": 0,
        "BounceCombine": 0
      },
      "Rigidbody": {
        "Mass": 10.0,
        "Drag": 10.0,
        "AngularDrag": 10.0,
        "UseGravity": true
      },
      "GUID": "9c3d7b"
    },
    {
      "Name": "Custom_Model",
      "Transform": {
        "posX": 30.9513817,
        "posY": 0.945901632,
        "posZ": 8.2922945,
        "rotX": 0.08005035,
        "rotY": 90.58997,
        "rotZ": 359.982849,
        "scaleX": 0.625,
        "scaleY": 0.625,
        "scaleZ": 0.625
      },
      "Nickname": "",
      "Description": "",
      "GMNotes": "",
      "ColorDiffuse": {
        "r": 0.9999998,
        "g": 0.992164552,
        "b": 0.9999998
      },
      "Locked": true,
      "Grid": true,
      "Snap": true,
      "IgnoreFoW": false,
      "Autoraise": true,
      "Sticky": true,
      "Tooltip": true,
      "GridProjection": false,
      "HideWhenFaceDown": false,
      "Hands": false,
      "CustomMesh": {
        "MeshURL": "https://sites.google.com/site/tabletopsimulator4/wwg_mayhem_streets/transit_wall.obj",
        "DiffuseURL": "https://sites.google.com/site/tabletopsimulator4/wwg_mayhem_streets/transit_wall_s06.jpg",
        "NormalURL": "",
        "ColliderURL": "",
        "Convex": true,
        "MaterialIndex": 0,
        "TypeIndex": 4,
        "CustomShader": {
          "SpecularColor": {
            "r": 1.0,
            "g": 1.0,
            "b": 1.0
          },
          "SpecularIntensity": 0.0,
          "SpecularSharpness": 7.0,
          "FresnelStrength": 0.4
        },
        "CastShadows": true
      },
      "XmlUI": "",
      "LuaScript": "",
      "LuaScriptState": "",
      "PhysicsMaterial": {
        "StaticFriction": 1.0,
        "DynamicFriction": 1.0,
        "Bounciness": 0.0,
        "FrictionCombine": 0,
        "BounceCombine": 0
      },
      "Rigidbody": {
        "Mass": 10.0,
        "Drag": 10.0,
        "AngularDrag": 10.0,
        "UseGravity": true
      },
      "GUID": "1faab0"
    },
    {
      "Name": "Custom_Model",
      "Transform": {
        "posX": 33.4606438,
        "posY": 1.11440575,
        "posZ": 15.1165648,
        "rotX": 0.07999746,
        "rotY": 89.9914551,
        "rotZ": 359.983124,
        "scaleX": 1.69999945,
        "scaleY": 1.69999945,
        "scaleZ": 1.69999945
      },
      "Nickname": "",
      "Description": "",
      "GMNotes": "",
      "ColorDiffuse": {
        "r": 1.0,
        "g": 0.877858341,
        "b": 0.6705671
      },
      "Locked": true,
      "Grid": true,
      "Snap": true,
      "IgnoreFoW": false,
      "Autoraise": true,
      "Sticky": true,
      "Tooltip": true,
      "GridProjection": false,
      "HideWhenFaceDown": false,
      "Hands": false,
      "CustomMesh": {
        "MeshURL": "www.general-chaos.com/rp/ts/2x1stairw.obj",
        "DiffuseURL": "www.general-chaos.com/rp/ts/3x1wallw.png",
        "NormalURL": "www.general-chaos.com/rp/ts/3x1wallwn.png",
        "ColliderURL": "www.general-chaos.com/rp/ts/2x1stairo.obj",
        "Convex": false,
        "MaterialIndex": 1,
        "TypeIndex": 4,
        "CastShadows": true
      },
      "XmlUI": "",
      "LuaScript": "",
      "LuaScriptState": "",
      "GUID": "f1e112"
    },
    {
      "Name": "Custom_Model",
      "Transform": {
        "posX": 35.1707077,
        "posY": 1.11201453,
        "posZ": 15.095541,
        "rotX": 0.0799846,
        "rotY": 89.98814,
        "rotZ": 359.983124,
        "scaleX": 1.69999945,
        "scaleY": 1.69999945,
        "scaleZ": 1.69999945
      },
      "Nickname": "",
      "Description": "",
      "GMNotes": "",
      "ColorDiffuse": {
        "r": 1.0,
        "g": 0.877858341,
        "b": 0.6705671
      },
      "Locked": true,
      "Grid": true,
      "Snap": true,
      "IgnoreFoW": false,
      "Autoraise": true,
      "Sticky": true,
      "Tooltip": true,
      "GridProjection": false,
      "HideWhenFaceDown": false,
      "Hands": false,
      "CustomMesh": {
        "MeshURL": "www.general-chaos.com/rp/ts/2x1stairw.obj",
        "DiffuseURL": "www.general-chaos.com/rp/ts/3x1wallw.png",
        "NormalURL": "www.general-chaos.com/rp/ts/3x1wallwn.png",
        "ColliderURL": "www.general-chaos.com/rp/ts/2x1stairo.obj",
        "Convex": false,
        "MaterialIndex": 1,
        "TypeIndex": 4,
        "CastShadows": true
      },
      "XmlUI": "",
      "LuaScript": "",
      "LuaScriptState": "",
      "GUID": "348a58"
    },
    {
      "Name": "Custom_Model",
      "Transform": {
        "posX": 0.119594574,
        "posY": 0.80687356,
        "posZ": -22.47108,
        "rotX": 359.9831,
        "rotY": 359.9844,
        "rotZ": 359.920135,
        "scaleX": 1.88700438,
        "scaleY": 0.6780043,
        "scaleZ": 1.01817393
      },
      "Nickname": "",
      "Description": "",
      "GMNotes": "",
      "ColorDiffuse": {
        "r": 0.9999998,
        "g": 0.992160261,
        "b": 0.9999998
      },
      "Locked": true,
      "Grid": true,
      "Snap": true,
      "IgnoreFoW": false,
      "Autoraise": true,
      "Sticky": true,
      "Tooltip": true,
      "GridProjection": false,
      "HideWhenFaceDown": false,
      "Hands": false,
      "CustomMesh": {
        "MeshURL": "http://cloud-3.steamusercontent.com/ugc/964220916269089045/41F64E592AF58FF1635582F1FC672802237D2579/",
        "DiffuseURL": "https://www.dropbox.com/s/rpn9u091xg1vdv8/Dirty_wall_01.jpg?dl=1",
        "NormalURL": "",
        "ColliderURL": "http://cloud-3.steamusercontent.com/ugc/964220916269089045/41F64E592AF58FF1635582F1FC672802237D2579/",
        "Convex": false,
        "MaterialIndex": 0,
        "TypeIndex": 0,
        "CustomShader": {
          "SpecularColor": {
            "r": 1.0,
            "g": 1.0,
            "b": 1.0
          },
          "SpecularIntensity": 0.0,
          "SpecularSharpness": 7.0,
          "FresnelStrength": 0.4
        },
        "CastShadows": true
      },
      "XmlUI": "",
      "LuaScript": "",
      "LuaScriptState": "",
      "GUID": "e9bb7b"
    },
    {
      "Name": "Custom_Model",
      "Transform": {
        "posX": -32.7464333,
        "posY": 0.8562627,
        "posZ": -10.357769,
        "rotX": 359.9831,
        "rotY": 359.984528,
        "rotZ": 359.920135,
        "scaleX": 1.88700438,
        "scaleY": 0.6780043,
        "scaleZ": 1.01817393
      },
      "Nickname": "",
      "Description": "",
      "GMNotes": "",
      "ColorDiffuse": {
        "r": 0.9999998,
        "g": 0.992160261,
        "b": 0.9999998
      },
      "Locked": true,
      "Grid": true,
      "Snap": true,
      "IgnoreFoW": false,
      "Autoraise": true,
      "Sticky": true,
      "Tooltip": true,
      "GridProjection": false,
      "HideWhenFaceDown": false,
      "Hands": false,
      "CustomMesh": {
        "MeshURL": "http://cloud-3.steamusercontent.com/ugc/964220916269089045/41F64E592AF58FF1635582F1FC672802237D2579/",
        "DiffuseURL": "https://www.dropbox.com/s/rpn9u091xg1vdv8/Dirty_wall_01.jpg?dl=1",
        "NormalURL": "",
        "ColliderURL": "http://cloud-3.steamusercontent.com/ugc/964220916269089045/41F64E592AF58FF1635582F1FC672802237D2579/",
        "Convex": false,
        "MaterialIndex": 0,
        "TypeIndex": 0,
        "CustomShader": {
          "SpecularColor": {
            "r": 1.0,
            "g": 1.0,
            "b": 1.0
          },
          "SpecularIntensity": 0.0,
          "SpecularSharpness": 7.0,
          "FresnelStrength": 0.4
        },
        "CastShadows": true
      },
      "XmlUI": "",
      "LuaScript": "",
      "LuaScriptState": "",
      "GUID": "5a1dd6"
    },
    {
      "Name": "Custom_Model",
      "Transform": {
        "posX": 34.25582,
        "posY": 0.7720134,
        "posZ": 20.7606735,
        "rotX": 359.920074,
        "rotY": 269.987061,
        "rotZ": 0.0168833621,
        "scaleX": 1.88700438,
        "scaleY": 0.6780043,
        "scaleZ": 1.01817393
      },
      "Nickname": "",
      "Description": "",
      "GMNotes": "",
      "ColorDiffuse": {
        "r": 0.9999998,
        "g": 0.992160261,
        "b": 0.9999998
      },
      "Locked": true,
      "Grid": true,
      "Snap": true,
      "IgnoreFoW": false,
      "Autoraise": true,
      "Sticky": true,
      "Tooltip": true,
      "GridProjection": false,
      "HideWhenFaceDown": false,
      "Hands": false,
      "CustomMesh": {
        "MeshURL": "http://cloud-3.steamusercontent.com/ugc/964220916269089045/41F64E592AF58FF1635582F1FC672802237D2579/",
        "DiffuseURL": "https://www.dropbox.com/s/rpn9u091xg1vdv8/Dirty_wall_01.jpg?dl=1",
        "NormalURL": "",
        "ColliderURL": "http://cloud-3.steamusercontent.com/ugc/964220916269089045/41F64E592AF58FF1635582F1FC672802237D2579/",
        "Convex": false,
        "MaterialIndex": 0,
        "TypeIndex": 0,
        "CustomShader": {
          "SpecularColor": {
            "r": 1.0,
            "g": 1.0,
            "b": 1.0
          },
          "SpecularIntensity": 0.0,
          "SpecularSharpness": 7.0,
          "FresnelStrength": 0.4
        },
        "CastShadows": true
      },
      "XmlUI": "",
      "LuaScript": "",
      "LuaScriptState": "",
      "GUID": "e3b6b8"
    },
    {
      "Name": "Custom_Model",
      "Transform": {
        "posX": 0.267190933,
        "posY": 0.6843703,
        "posZ": 0.436722547,
        "rotX": 359.9831,
        "rotY": 359.984222,
        "rotZ": 359.920135,
        "scaleX": 2.9970746,
        "scaleY": 1.18392754,
        "scaleZ": 3.138215
      },
      "Nickname": "",
      "Description": "",
      "GMNotes": "",
      "ColorDiffuse": {
        "r": 0.9999998,
        "g": 0.992160261,
        "b": 0.9999998
      },
      "Locked": true,
      "Grid": true,
      "Snap": true,
      "IgnoreFoW": false,
      "Autoraise": true,
      "Sticky": true,
      "Tooltip": true,
      "GridProjection": false,
      "HideWhenFaceDown": false,
      "Hands": false,
      "CustomMesh": {
        "MeshURL": "http://cloud-3.steamusercontent.com/ugc/964220916269089045/41F64E592AF58FF1635582F1FC672802237D2579/",
        "DiffuseURL": "https://www.dropbox.com/s/rpn9u091xg1vdv8/Dirty_wall_01.jpg?dl=1",
        "NormalURL": "",
        "ColliderURL": "http://cloud-3.steamusercontent.com/ugc/964220916269089045/41F64E592AF58FF1635582F1FC672802237D2579/",
        "Convex": false,
        "MaterialIndex": 0,
        "TypeIndex": 0,
        "CustomShader": {
          "SpecularColor": {
            "r": 1.0,
            "g": 1.0,
            "b": 1.0
          },
          "SpecularIntensity": 0.0,
          "SpecularSharpness": 7.0,
          "FresnelStrength": 0.4
        },
        "CastShadows": true
      },
      "XmlUI": "",
      "LuaScript": "",
      "LuaScriptState": "",
      "GUID": "b9b860"
    },
    {
      "Name": "Custom_Model",
      "Transform": {
        "posX": 0.256399155,
        "posY": 3.766728,
        "posZ": 0.2923423,
        "rotX": 359.9831,
        "rotY": 359.977936,
        "rotZ": 359.920135,
        "scaleX": 1.00381386,
        "scaleY": 1.15519392,
        "scaleZ": 1.0652324
      },
      "Nickname": "",
      "Description": "",
      "GMNotes": "",
      "ColorDiffuse": {
        "r": 0.9999998,
        "g": 0.992160261,
        "b": 0.9999998
      },
      "Locked": true,
      "Grid": true,
      "Snap": true,
      "IgnoreFoW": false,
      "Autoraise": true,
      "Sticky": true,
      "Tooltip": true,
      "GridProjection": false,
      "HideWhenFaceDown": false,
      "Hands": false,
      "CustomMesh": {
        "MeshURL": "http://cloud-3.steamusercontent.com/ugc/964220916269089045/41F64E592AF58FF1635582F1FC672802237D2579/",
        "DiffuseURL": "https://www.dropbox.com/s/rpn9u091xg1vdv8/Dirty_wall_01.jpg?dl=1",
        "NormalURL": "",
        "ColliderURL": "http://cloud-3.steamusercontent.com/ugc/964220916269089045/41F64E592AF58FF1635582F1FC672802237D2579/",
        "Convex": false,
        "MaterialIndex": 0,
        "TypeIndex": 0,
        "CustomShader": {
          "SpecularColor": {
            "r": 1.0,
            "g": 1.0,
            "b": 1.0
          },
          "SpecularIntensity": 0.0,
          "SpecularSharpness": 7.0,
          "FresnelStrength": 0.4
        },
        "CastShadows": true
      },
      "XmlUI": "",
      "LuaScript": "",
      "LuaScriptState": "",
      "GUID": "2d4a7d"
    },
    {
      "Name": "BlockTriangle",
      "Transform": {
        "posX": -42.0,
        "posY": 2.0,
        "posZ": 0.0,
        "rotX": 4.35099829E-12,
        "rotY": 1.38036056E-12,
        "rotZ": -2.436152E-09,
        "scaleX": 1.0,
        "scaleY": 1.0,
        "scaleZ": 1.0
      },
      "Nickname": "Map extractor",
      "Description": "",
      "GMNotes": "",
      "ColorDiffuse": {
        "r": 0.00539905,
        "g": 0.772058845,
        "b": 0.0
      },
      "Locked": true,
      "Grid": false,
      "Snap": false,
      "IgnoreFoW": false,
      "Autoraise": true,
      "Sticky": true,
      "Tooltip": true,
      "GridProjection": false,
      "HideWhenFaceDown": false,
      "Hands": false,
      "XmlUI": "",
      "LuaScript": "-- Map Extractor\r\nconvertBtn={\r\n    label=\"Convert\", click_function=\"convert\", function_owner=self,\r\n    position={0,1,0}, rotation={0,270,0}, height=1200, width=3500, scale={2,2,2},\r\n    font_size=700, color={0.5,0.5,0.5}, font_color={1,1,1}\r\n}\r\nurlDisplay={\r\n    label=\"The url of the old mat\", input_function=\"none\", function_owner=self,\r\n    alignment=3, position={0,1,0}, rotation={0,270,0}, height=500, width=400,\r\n    font_size=400, tooltip=\"\",\r\n    value=\"\"\r\n}\r\nimageUrl=\"\"\r\nplayZone=nil\r\nplayZoneData={\r\n    type = \"ScriptingTrigger\",\r\n    position          = {x=-18, y=20, z=0.2},\r\n    rotation          = {x=0, y=0, z=0},\r\n    scale             = {x=72.2, y=40, z=48.4},\r\n    sound             = false,\r\n    snap_to_grid      = false,\r\n}\r\n\r\nflexTableGuid=\"bd69bd\"\r\n\r\nfunction onSave()\r\n    saved_data = JSON.encode({svimageUrl=imageUrl})\r\n    --saved_data = \"\"\r\n    return saved_data\r\nend\r\n\r\nfunction onLoad(saved_data)\r\n    if saved_data ~= \"\" then\r\n         local loaded_data = JSON.decode(saved_data)\r\n         imageUrl = loaded_data.svimageUrl\r\n    else\r\n        imageUrl = \"\"\r\n    end\r\n    if imageUrl == \"\" then\r\n        self.createButton(convertBtn)\r\n    else\r\n        urlDisplay.width=string.len(imageUrl)*200\r\n        urlDisplay.value=imageUrl\r\n        self.createInput(urlDisplay)\r\n    end\r\n\r\n\r\nend\r\n\r\nfunction convert()\r\n    local obj_surface = getObjectFromGUID(\"4ee1f2\")\r\n    local customInfo = obj_surface.getCustomObject()\r\n    imageUrl= customInfo.diffuse\r\n    print (imageUrl)\r\n    urlDisplay.width=string.len(imageUrl)*200\r\n    urlDisplay.value=imageUrl\r\n    self.createInput(urlDisplay)\r\n    self.clearButtons()\r\n    --print(\"Converting...\")\r\n    spawnPlayZone()\r\n    Wait.frames(convert2, 3)\r\nend\r\n\r\nfunction convert2()\r\n    --print(\"Starting to delete\")\r\n    deleteTable()\r\n    local allObj=getAllObjects()\r\n    local zoneObj=playZone.getObjects()\r\n    for i, objA in ipairs(allObj) do\r\n        local delete=true\r\n        for j, objZ in ipairs (zoneObj) do\r\n            if objA == objZ or objA == self then\r\n                delete=false\r\n                objZ.setLock(true)\r\n\r\n            end\r\n        end\r\n        if delete then\r\n            objA.destroy()\r\n        end\r\n    end\r\n    moveAll()\r\n    self.setPosition({-42,2,0})\r\n    --self.destroy()\r\nend\r\n\r\nfunction deleteTable()\r\n    --flexTable=getObjectFromGUID(flexTableGuid)\r\n    local guidList = {\r\n        \"afc863\",\"c8edca\",\"393bf7\",\"12c65e\",\"f938a2\",\"9f95fd\",\"35b95f\",\r\n        \"5af8f2\",\"4ee1f2\",\"bd69bd\"\r\n    }\r\n    for i, tbl in ipairs(guidList) do\r\n        getObjectFromGUID(tbl).destroy()\r\n    end\r\nend\r\n\r\nfunction moveAll()\r\n    local toMove=getAllObjects()\r\n    for i, obj in ipairs(toMove) do\r\n        local newPos={}\r\n        newPos={obj.getPosition().x+18,obj.getPosition().y-0.52,obj.getPosition().z}\r\n        obj.setPosition(newPos)\r\n    end\r\nend\r\n\r\nfunction spawnPlayZone()\r\n    playZone=spawnObject(playZoneData)\r\nend\r\n\r\nfunction none()\r\nend",
      "LuaScriptState": "{\"svimageUrl\":\"http://cloud-3.steamusercontent.com/ugc/2439138762295833286/0DA6D33E5536C849CF8A5F433BCC9BDDB0013CB6/\"}",
      "GUID": "0c6dc5"
    }
  ],
  "DecalPallet": [],
  "TabStates": {
    "0": {
      "title": "Instructions",
      "body": "Click the white button on the lower left corner of the table (to the bottom and right of the blue players dice roller), copy the template URL and open in a browser to save it.\r\n\r\nEdit the maps background using GIMP or whatever. The black part is the 6'x4' playing area.\r\n\r\nMake a custom tile, and put your map onto it to upload it to the Steam Cloud. Copy this URL.\r\n\r\nClick the white button on the lower left corner of the table, replace the template URL with the Steam Cloud URL of your map. Click \"Apply Image to Table Surface\". Save the game then reload.\r\n\r\nSet up terrain as desired etc.\r\n\r\nSave game, Load Game, Upload to workshop as usual if so desired.\n\nHow to import a table image: https://youtu.be/xKzAf-fu1KQ",
      "color": "Grey",
      "visibleColor": {
        "r": 0.5,
        "g": 0.5,
        "b": 0.5
      },
      "id": 0
    },
    "1": {
      "title": "Credits",
      "body": "*******************Credits*******************\nBaconCatBug's Warhammer 40k Maps - 6'x4' Template (id: 1364668572)\n\n\n\n\nKustom 40k Dice Roller\r by BaconCatBug (id: 959360907)\n\nTactical Objective Decks by GenWilhelm and BaconCatBug (id: 950253690)\n\nTokens by Malice of the Reddit 40k TTS Discord http://discord.gg/XkBbs5M\n(id: 1364449509) \n\nMemory Bag 2.0 by MrStump (id: 953770080)\n\nWargame Rulers by D6 (id: 1255723994)",
      "color": "Grey",
      "visibleColor": {
        "r": 0.5,
        "g": 0.5,
        "b": 0.5
      },
      "id": 1
    }
  },
  "VersionNumber": "v12.2.2"
}