{
  "SaveName": "Industrial Complex - 6 x 4 ITC",
  "GameMode": "BCB 40k Map - 6'x4' Template",
  "Gravity": 0.5,
  "PlayArea": 0.5,
  "Date": "3/2/2020 7:03:49 PM",
  "Table": "Table_None",
  "Sky": "Sky_Museum",
  "Note": "THIS IS NOT A GAMING TABLE       \nI REPEAT                       \nTHIS IS NOT A GAMING TABLE       \n\nThis is a tool map to make terrain save files for BaconCatBug Template v2.0 or above\n\nFor instructions on how to make your own map, click the Notebook in the top toolbar.\n\nCredits can be found in the Notepad.\n\nCome join us on the TTS Warhammer 40k:\ndiscord.gg/XkBbs5M ",
  "Rules": "",
  "XmlUI": "<!-- Xml UI. See documentation: https://api.tabletopsimulator.com/ui/introUI/ -->",
  "LuaScript": "--",
  "LuaScriptState": "",
  "Grid": {
    "Type": 0,
    "Lines": false,
    "Color": {
      "r": 0.0,
      "g": 0.0,
      "b": 0.0
    },
    "Opacity": 0.75,
    "ThickLines": true,
    "Snapping": false,
    "Offset": false,
    "BothSnapping": false,
    "xSize": 0.5,
    "ySize": 0.5,
    "PosOffset": {
      "x": 0.0,
      "y": 1.0,
      "z": 0.0
    }
  },
  "Lighting": {
    "LightIntensity": 0.54,
    "LightColor": {
      "r": 1.0,
      "g": 0.9804,
      "b": 0.8902
    },
    "AmbientIntensity": 1.3,
    "AmbientType": 0,
    "AmbientSkyColor": {
      "r": 0.5,
      "g": 0.5,
      "b": 0.5
    },
    "AmbientEquatorColor": {
      "r": 0.5,
      "g": 0.5,
      "b": 0.5
    },
    "AmbientGroundColor": {
      "r": 0.5,
      "g": 0.5,
      "b": 0.5
    },
    "ReflectionIntensity": 1.0,
    "LutIndex": 0,
    "LutContribution": 1.0
  },
  "Hands": {
    "Enable": true,
    "DisableUnused": true,
    "Hiding": 2,
    "HandTransforms": []
  },
  "Turns": {
    "Enable": false,
    "Type": 0,
    "TurnOrder": [],
    "Reverse": false,
    "SkipEmpty": false,
    "DisableInteractions": false,
    "PassTurns": true,
    "TurnColor": ""
  },
  "ObjectStates": [
    {
      "Name": "BlockRectangle",
      "Transform": {
        "posX": -38.0,
        "posY": -0.53,
        "posZ": 0.0,
        "rotX": -1.41732551E-06,
        "rotY": -0.00152179354,
        "rotZ": 7.397896E-06,
        "scaleX": 2.0,
        "scaleY": 2.0,
        "scaleZ": 2.0
      },
      "Nickname": "Mat url",
      "Description": "",
      "GMNotes": "",
      "ColorDiffuse": {
        "r": 0.0,
        "g": 0.201567829,
        "b": 0.8235294
      },
      "Locked": true,
      "Grid": true,
      "Snap": true,
      "IgnoreFoW": false,
      "Autoraise": true,
      "Sticky": true,
      "Tooltip": false,
      "GridProjection": false,
      "HideWhenFaceDown": false,
      "Hands": false,
      "XmlUI": "--hi",
      "LuaScript": "function refreshSurface()\r\n    obj_surface = getObjectFromGUID(\"4ee1f2\")\r\nend\r\n\r\nfunction onSave()\r\n    saved_data = JSON.encode({link=url})\r\n    --saved_data = \"\"\r\n    return saved_data\r\nend\r\n\r\nfunction onLoad(saved_data)\r\n\r\n    self.setInvisibleTo({})\r\n    self.interactable=true\r\n    if saved_data ~= \"\" then\r\n         local loaded_data = JSON.decode(saved_data)\r\n         url = loaded_data.link\r\n\r\n    else\r\n         url ='No url'\r\n    end\r\n\r\n    flexControl = getObjectFromGUID('bd69bd')\r\n    obj_surface = getObjectFromGUID(\"4ee1f2\")\r\n    Xoffset=2\r\n    Yoffset=3\r\n    if obj_surface ~= nil and obj_surface.getVar(\"version\")>= 2.0 then\r\n        Wait.frames(changeMat ,5)\r\n    end\r\n    Wait.frames(createUI, 30)\r\nend\r\n\r\nfunction createUI()\r\n    createTitleButton()\r\n    createDisplay()\r\n    --createSetButton()\r\n    createRewriteButton()\r\n    createDeleteButton()\r\nend\r\n\r\nfunction createTitleButton()\r\n    button_parameters = {}\r\n    button_parameters.click_function = 'none'\r\n    button_parameters.function_owner = self\r\n    button_parameters.label = \"Copy/paste the link below to load the mat image \\n (for BCB v2.0 template it's automatic)\"\r\n    button_parameters.position = {0+Xoffset,Yoffset,0}\r\n    button_parameters.rotation = {0,270,0}\r\n    button_parameters.width = 4400\r\n    button_parameters.height = 800\r\n    button_parameters.font_size = 200\r\n    button_parameters.color = 'Black'\r\n    button_parameters.font_color = 'White'\r\n    button_parameters.tooltip=\"\"\r\n    self.createButton(button_parameters)\r\nend\r\n\r\nfunction createDisplay()\r\n    self.createInput({\r\n        label='', input_function=\"none\", function_owner=self,\r\n        alignment=3, position={1.5+Xoffset,Yoffset,0}, rotation = {0,270,0}, height=400, width= string.len(url)*160,\r\n        font_size=300, tooltip=\"\",\r\n        value= url\r\n    })\r\nend\r\n\r\nfunction createSetButton()\r\n    button_parameters = {}\r\n    button_parameters.click_function = 'changeMat'\r\n    button_parameters.function_owner = self\r\n    button_parameters.label = 'SET \\n if autoset didnt worked \\n (for BCB v2.0 template)'\r\n    button_parameters.position = {3.2+Xoffset,Yoffset,3}\r\n    button_parameters.rotation = {0,270,0}\r\n    button_parameters.width = 3000\r\n    button_parameters.height = 800\r\n    button_parameters.font_size = 200\r\n    button_parameters.tooltip=\"Auto set\"\r\n    self.createButton(button_parameters)\r\nend\r\n\r\nfunction createRewriteButton()\r\n    button_parameters = {}\r\n    button_parameters.click_function = 'rewriteUrl'\r\n    button_parameters.function_owner = self\r\n    button_parameters.label = 'SHOW AGAIN URL \\n (in case things went wrong)'\r\n    button_parameters.position = {3.2+Xoffset,Yoffset,0}\r\n    button_parameters.rotation = {0,270,0}\r\n    button_parameters.width = 2600\r\n    button_parameters.height = 800\r\n    button_parameters.font_size = 200\r\n    button_parameters.tooltip=\"Show again\"\r\n    self.createButton(button_parameters)\r\nend\r\n\r\nfunction createDeleteButton()\r\n    button_parameters = {}\r\n    button_parameters.click_function = 'erease'\r\n    button_parameters.function_owner = self\r\n    button_parameters.label = 'Erease this tool \\n when done \\n (can not undo!)'\r\n    button_parameters.position = {5.7+Xoffset,Yoffset,0}\r\n    button_parameters.rotation = {0,270,0}\r\n    button_parameters.width = 2000\r\n    button_parameters.height = 1200\r\n    button_parameters.font_size = 200\r\n    button_parameters.color = 'Black'\r\n    button_parameters.font_color = 'Red'\r\n    button_parameters.tooltip=\"Erease\"\r\n    self.createButton(button_parameters)\r\nend\r\n\r\nfunction retriveUrl()\r\n    obj_surface = getObjectFromGUID(\"4ee1f2\")\r\n    url = obj_surface.getCustomObject().diffuse\r\n    rewriteUrl()\r\nend\r\n\r\nfunction rewriteUrl()\r\n    self.editInput({index=0, value=url})\r\n    self.editInput({index=0, width= string.len(url)*160})\r\n    self.setDescription(\"\")\r\nend\r\n\r\nfunction changeMat(new)\r\n    if url ~= \"\" and url ~= \"No url\" and flexControl ~= nil then\r\n        closeMenu()\r\n        flexControl.call('setControlF')\r\n        Wait.frames(updateSurfaceMat, 5)\r\n    else\r\n        if self.getDescription()==\"\" then\r\n            broadcastToAll(\"Invalid URL or no table\", \"Red\")\r\n        end\r\n    end\r\nend\r\n\r\nfunction setInputValues()\r\n    flexControl.editInput( {index=0, value=\"\"})\r\n    flexControl.editInput( {index=1, value=url})\r\nend\r\n\r\nfunction updateSurfaceMat()\r\n    obj_surface = getObjectFromGUID(\"4ee1f2\")\r\n    local customInfo = obj_surface.getCustomObject()\r\n    customInfo.diffuse = url\r\n    obj_surface.setCustomObject(customInfo)\r\n    obj_surface = obj_surface.reload()\r\n    Wait.frames(erease, 5)\r\nend\r\n\r\nfunction closeMenu()\r\n    flexControl.clearButtons()\r\n    flexControl.clearInputs()\r\n    flexControl.call('createOpenCloseButton')\r\nend\r\n\r\nfunction erease()\r\n    obj_surface.call(\"showMenu\")\r\n    obj_surface.interactable=false\r\n    self.destroy()\r\nend\r\n\r\nfunction none()\r\nend",
      "LuaScriptState": "{\"link\":\"http://cloud-3.steamusercontent.com/ugc/849339809539324370/51C21480B786A9216BA5EDB44E2A10E35DDF3601/\"}",
      "GUID": "c5e288"
    },
    {
      "Name": "Custom_Model",
      "Transform": {
        "posX": -27.1295815,
        "posY": 1.02038288,
        "posZ": -15.2100735,
        "rotX": 0.07988179,
        "rotY": 89.98957,
        "rotZ": 359.9831,
        "scaleX": 0.8750001,
        "scaleY": 0.8750001,
        "scaleZ": 0.8750001
      },
      "Nickname": "",
      "Description": "",
      "GMNotes": "",
      "ColorDiffuse": {
        "r": 1.0,
        "g": 1.0,
        "b": 1.0
      },
      "Locked": true,
      "Grid": true,
      "Snap": true,
      "IgnoreFoW": false,
      "Autoraise": true,
      "Sticky": true,
      "Tooltip": true,
      "GridProjection": false,
      "HideWhenFaceDown": false,
      "Hands": false,
      "CustomMesh": {
        "MeshURL": "http://cloud-3.steamusercontent.com/ugc/833580547909534192/0BB1F988B7B00D6DC2AB1C7D279F8AB767EFA2FF/",
        "DiffuseURL": "http://cloud-3.steamusercontent.com/ugc/833580547909230760/EAC2970C2CF3A8AD342317CD643E79AEABD848C6/",
        "NormalURL": "",
        "ColliderURL": "http://cloud-3.steamusercontent.com/ugc/833580547909534970/E91ACCDCAF229B50F91F68AA2BFAABABE4DD809F/",
        "Convex": false,
        "MaterialIndex": 0,
        "TypeIndex": 0,
        "CustomShader": {
          "SpecularColor": {
            "r": 1.0,
            "g": 1.0,
            "b": 1.0
          },
          "SpecularIntensity": 0.0,
          "SpecularSharpness": 7.0,
          "FresnelStrength": 0.4
        },
        "CastShadows": true
      },
      "XmlUI": "",
      "LuaScript": "\nBCBtype = \"terrain\"\n",
      "LuaScriptState": "",
      "GUID": "112208"
    },
    {
      "Name": "Custom_Model",
      "Transform": {
        "posX": 23.4199543,
        "posY": 0.9494982,
        "posZ": -15.7993746,
        "rotX": 359.9201,
        "rotY": 269.990662,
        "rotZ": 0.0137367053,
        "scaleX": 0.8750001,
        "scaleY": 0.8750001,
        "scaleZ": 0.8750001
      },
      "Nickname": "",
      "Description": "",
      "GMNotes": "",
      "ColorDiffuse": {
        "r": 1.0,
        "g": 1.0,
        "b": 1.0
      },
      "Locked": true,
      "Grid": true,
      "Snap": true,
      "IgnoreFoW": false,
      "Autoraise": true,
      "Sticky": true,
      "Tooltip": true,
      "GridProjection": false,
      "HideWhenFaceDown": false,
      "Hands": false,
      "CustomMesh": {
        "MeshURL": "http://cloud-3.steamusercontent.com/ugc/833580547909525726/A732DF5CA49266F90F5E8C2DBFE949A726CD525E/",
        "DiffuseURL": "http://cloud-3.steamusercontent.com/ugc/833580547909230760/EAC2970C2CF3A8AD342317CD643E79AEABD848C6/",
        "NormalURL": "",
        "ColliderURL": "http://cloud-3.steamusercontent.com/ugc/833580547909526847/A9C44595C670E61DFDB4934E623C6855C9CE7F11/",
        "Convex": false,
        "MaterialIndex": 0,
        "TypeIndex": 0,
        "CustomShader": {
          "SpecularColor": {
            "r": 1.0,
            "g": 1.0,
            "b": 1.0
          },
          "SpecularIntensity": 0.0,
          "SpecularSharpness": 7.0,
          "FresnelStrength": 0.4
        },
        "CastShadows": true
      },
      "XmlUI": "",
      "LuaScript": "\nBCBtype = \"terrain\"\n",
      "LuaScriptState": "",
      "GUID": "f2e037"
    },
    {
      "Name": "Custom_Model",
      "Transform": {
        "posX": -29.29182,
        "posY": 0.798375249,
        "posZ": 15.0677614,
        "rotX": 359.963,
        "rotY": 344.992645,
        "rotZ": 359.9272,
        "scaleX": 1.0,
        "scaleY": 1.0,
        "scaleZ": 1.0
      },
      "Nickname": "",
      "Description": "",
      "GMNotes": "",
      "ColorDiffuse": {
        "r": 1.0,
        "g": 1.0,
        "b": 1.0
      },
      "Locked": true,
      "Grid": true,
      "Snap": true,
      "IgnoreFoW": false,
      "Autoraise": true,
      "Sticky": true,
      "Tooltip": true,
      "GridProjection": false,
      "HideWhenFaceDown": false,
      "Hands": false,
      "CustomMesh": {
        "MeshURL": "http://cloud-3.steamusercontent.com/ugc/833580547909320181/7367A2460AF98BB23D3BF993FB23C3FA961D24DF/",
        "DiffuseURL": "http://cloud-3.steamusercontent.com/ugc/833580547909230760/EAC2970C2CF3A8AD342317CD643E79AEABD848C6/",
        "NormalURL": "",
        "ColliderURL": "http://cloud-3.steamusercontent.com/ugc/833580547909320665/8E8682FC9C87D254CE089F7BA364D643E46B7059/",
        "Convex": false,
        "MaterialIndex": 2,
        "TypeIndex": 0,
        "CustomShader": {
          "SpecularColor": {
            "r": 0.7372549,
            "g": 0.7372549,
            "b": 0.7372549
          },
          "SpecularIntensity": 0.15,
          "SpecularSharpness": 7.0,
          "FresnelStrength": 0.0
        },
        "CastShadows": true
      },
      "XmlUI": "",
      "LuaScript": "\nBCBtype = \"terrain\"\n",
      "LuaScriptState": "",
      "GUID": "557adc"
    },
    {
      "Name": "Custom_Model",
      "Transform": {
        "posX": 5.88521957,
        "posY": 0.740162134,
        "posZ": -16.0826988,
        "rotX": 0.03698835,
        "rotY": 164.989929,
        "rotZ": 0.07278305,
        "scaleX": 1.0,
        "scaleY": 1.0,
        "scaleZ": 1.0
      },
      "Nickname": "",
      "Description": "",
      "GMNotes": "",
      "ColorDiffuse": {
        "r": 1.0,
        "g": 1.0,
        "b": 1.0
      },
      "Locked": true,
      "Grid": true,
      "Snap": true,
      "IgnoreFoW": false,
      "Autoraise": true,
      "Sticky": true,
      "Tooltip": true,
      "GridProjection": false,
      "HideWhenFaceDown": false,
      "Hands": false,
      "CustomMesh": {
        "MeshURL": "http://cloud-3.steamusercontent.com/ugc/833580547909320181/7367A2460AF98BB23D3BF993FB23C3FA961D24DF/",
        "DiffuseURL": "http://cloud-3.steamusercontent.com/ugc/833580547909230760/EAC2970C2CF3A8AD342317CD643E79AEABD848C6/",
        "NormalURL": "",
        "ColliderURL": "http://cloud-3.steamusercontent.com/ugc/833580547909320665/8E8682FC9C87D254CE089F7BA364D643E46B7059/",
        "Convex": false,
        "MaterialIndex": 2,
        "TypeIndex": 0,
        "CustomShader": {
          "SpecularColor": {
            "r": 0.7372549,
            "g": 0.7372549,
            "b": 0.7372549
          },
          "SpecularIntensity": 0.15,
          "SpecularSharpness": 7.0,
          "FresnelStrength": 0.0
        },
        "CastShadows": true
      },
      "XmlUI": "",
      "LuaScript": "\nBCBtype = \"terrain\"\n",
      "LuaScriptState": "",
      "GUID": "9a2153"
    },
    {
      "Name": "Custom_Model",
      "Transform": {
        "posX": 7.17213726,
        "posY": 0.971441865,
        "posZ": -3.60837221,
        "rotX": 359.9201,
        "rotY": 269.990417,
        "rotZ": 0.0168830063,
        "scaleX": 1.14999986,
        "scaleY": 1.14999986,
        "scaleZ": 1.14999986
      },
      "Nickname": "",
      "Description": "",
      "GMNotes": "",
      "ColorDiffuse": {
        "r": 1.0,
        "g": 1.0,
        "b": 1.0
      },
      "Locked": true,
      "Grid": true,
      "Snap": true,
      "IgnoreFoW": false,
      "Autoraise": true,
      "Sticky": true,
      "Tooltip": true,
      "GridProjection": false,
      "HideWhenFaceDown": false,
      "Hands": false,
      "CustomMesh": {
        "MeshURL": "http://cloud-3.steamusercontent.com/ugc/833580547909530140/D8D580F0144F6662F43296703B2CA2824054EEA6/",
        "DiffuseURL": "http://cloud-3.steamusercontent.com/ugc/833580547909230760/EAC2970C2CF3A8AD342317CD643E79AEABD848C6/",
        "NormalURL": "",
        "ColliderURL": "http://cloud-3.steamusercontent.com/ugc/833580547909530874/DEB2FF69EB6F20769938EAFAA44EE018CC19AB00/",
        "Convex": false,
        "MaterialIndex": 3,
        "TypeIndex": 0,
        "CastShadows": true
      },
      "XmlUI": "",
      "LuaScript": "\nBCBtype = \"terrain\"\n",
      "LuaScriptState": "",
      "GUID": "cd3f47"
    },
    {
      "Name": "Custom_Model",
      "Transform": {
        "posX": -8.662155,
        "posY": 0.995657563,
        "posZ": 3.661666,
        "rotX": 0.07987364,
        "rotY": 89.99452,
        "rotZ": 359.983124,
        "scaleX": 1.14999986,
        "scaleY": 1.14999986,
        "scaleZ": 1.14999986
      },
      "Nickname": "",
      "Description": "",
      "GMNotes": "",
      "ColorDiffuse": {
        "r": 1.0,
        "g": 1.0,
        "b": 1.0
      },
      "Locked": true,
      "Grid": true,
      "Snap": true,
      "IgnoreFoW": false,
      "Autoraise": true,
      "Sticky": true,
      "Tooltip": true,
      "GridProjection": false,
      "HideWhenFaceDown": false,
      "Hands": false,
      "CustomMesh": {
        "MeshURL": "http://cloud-3.steamusercontent.com/ugc/833580547909530140/D8D580F0144F6662F43296703B2CA2824054EEA6/",
        "DiffuseURL": "http://cloud-3.steamusercontent.com/ugc/833580547909230760/EAC2970C2CF3A8AD342317CD643E79AEABD848C6/",
        "NormalURL": "",
        "ColliderURL": "http://cloud-3.steamusercontent.com/ugc/833580547909530874/DEB2FF69EB6F20769938EAFAA44EE018CC19AB00/",
        "Convex": false,
        "MaterialIndex": 3,
        "TypeIndex": 0,
        "CastShadows": true
      },
      "XmlUI": "",
      "LuaScript": "\nBCBtype = \"terrain\"\n",
      "LuaScriptState": "",
      "GUID": "1d007c"
    },
    {
      "Name": "Custom_Model",
      "Transform": {
        "posX": -21.25365,
        "posY": 1.01752067,
        "posZ": 4.36984873,
        "rotX": -0.004359888,
        "rotY": 195.007919,
        "rotZ": 0.0815816447,
        "scaleX": 1.0,
        "scaleY": 1.0,
        "scaleZ": 1.0
      },
      "Nickname": "",
      "Description": "",
      "GMNotes": "",
      "ColorDiffuse": {
        "r": 1.0,
        "g": 1.0,
        "b": 1.0
      },
      "Locked": true,
      "Grid": true,
      "Snap": true,
      "IgnoreFoW": false,
      "Autoraise": true,
      "Sticky": true,
      "Tooltip": true,
      "GridProjection": false,
      "HideWhenFaceDown": false,
      "Hands": false,
      "CustomMesh": {
        "MeshURL": "http://cloud-3.steamusercontent.com/ugc/833580547909539494/EC6A2DBD2101A434016881C63D69DCE537C0BAAC/",
        "DiffuseURL": "http://cloud-3.steamusercontent.com/ugc/833580547909230760/EAC2970C2CF3A8AD342317CD643E79AEABD848C6/",
        "NormalURL": "",
        "ColliderURL": "http://cloud-3.steamusercontent.com/ugc/833580547909540412/E80C6F27FC09FD22DFDC1BA2C19F00F4772D68BA/",
        "Convex": false,
        "MaterialIndex": 2,
        "TypeIndex": 0,
        "CustomShader": {
          "SpecularColor": {
            "r": 0.7372549,
            "g": 0.7372549,
            "b": 0.7372549
          },
          "SpecularIntensity": 0.0,
          "SpecularSharpness": 7.0,
          "FresnelStrength": 0.0
        },
        "CastShadows": true
      },
      "XmlUI": "",
      "LuaScript": "\nBCBtype = \"terrain\"\n",
      "LuaScriptState": "",
      "GUID": "2ff738"
    },
    {
      "Name": "Custom_Model",
      "Transform": {
        "posX": -7.313429,
        "posY": 0.992341638,
        "posZ": -15.137043,
        "rotX": 0.0169007517,
        "rotY": 179.987411,
        "rotZ": 0.07988169,
        "scaleX": 1.19999981,
        "scaleY": 1.19999981,
        "scaleZ": 1.19999981
      },
      "Nickname": "",
      "Description": "",
      "GMNotes": "",
      "ColorDiffuse": {
        "r": 1.0,
        "g": 1.0,
        "b": 1.0
      },
      "Locked": true,
      "Grid": true,
      "Snap": true,
      "IgnoreFoW": false,
      "Autoraise": true,
      "Sticky": true,
      "Tooltip": true,
      "GridProjection": false,
      "HideWhenFaceDown": false,
      "Hands": false,
      "CustomMesh": {
        "MeshURL": "http://cloud-3.steamusercontent.com/ugc/833580547909523305/1A026861A0813EA98B0935228A169A478D11E426/",
        "DiffuseURL": "http://cloud-3.steamusercontent.com/ugc/833580547909230760/EAC2970C2CF3A8AD342317CD643E79AEABD848C6/",
        "NormalURL": "",
        "ColliderURL": "http://cloud-3.steamusercontent.com/ugc/833580547909522595/981FBC7B5996AF8141DF0BAC15DA8712F46A1884/",
        "Convex": false,
        "MaterialIndex": 3,
        "TypeIndex": 0,
        "CastShadows": true
      },
      "XmlUI": "",
      "LuaScript": "\nBCBtype = \"terrain\"\n",
      "LuaScriptState": "",
      "GUID": "0f5820"
    },
    {
      "Name": "Custom_Model",
      "Transform": {
        "posX": 10.5277081,
        "posY": 0.9768578,
        "posZ": 16.7484474,
        "rotX": 0.07991703,
        "rotY": 90.00323,
        "rotZ": 359.983154,
        "scaleX": 1.19999981,
        "scaleY": 1.19999981,
        "scaleZ": 1.19999981
      },
      "Nickname": "",
      "Description": "",
      "GMNotes": "",
      "ColorDiffuse": {
        "r": 1.0,
        "g": 1.0,
        "b": 1.0
      },
      "Locked": true,
      "Grid": true,
      "Snap": true,
      "IgnoreFoW": false,
      "Autoraise": true,
      "Sticky": true,
      "Tooltip": true,
      "GridProjection": false,
      "HideWhenFaceDown": false,
      "Hands": false,
      "CustomMesh": {
        "MeshURL": "http://cloud-3.steamusercontent.com/ugc/833580547909523305/1A026861A0813EA98B0935228A169A478D11E426/",
        "DiffuseURL": "http://cloud-3.steamusercontent.com/ugc/833580547909230760/EAC2970C2CF3A8AD342317CD643E79AEABD848C6/",
        "NormalURL": "",
        "ColliderURL": "http://cloud-3.steamusercontent.com/ugc/833580547909522595/981FBC7B5996AF8141DF0BAC15DA8712F46A1884/",
        "Convex": false,
        "MaterialIndex": 3,
        "TypeIndex": 0,
        "CastShadows": true
      },
      "XmlUI": "",
      "LuaScript": "\nBCBtype = \"terrain\"\n",
      "LuaScriptState": "",
      "GUID": "310363"
    },
    {
      "Name": "Custom_Model",
      "Transform": {
        "posX": -19.63976,
        "posY": 1.01292729,
        "posZ": -3.58602786,
        "rotX": 0.00438202964,
        "rotY": 15.0096226,
        "rotZ": 359.918457,
        "scaleX": 1.0,
        "scaleY": 1.0,
        "scaleZ": 1.0
      },
      "Nickname": "",
      "Description": "",
      "GMNotes": "",
      "ColorDiffuse": {
        "r": 1.0,
        "g": 1.0,
        "b": 1.0
      },
      "Locked": true,
      "Grid": true,
      "Snap": true,
      "IgnoreFoW": false,
      "Autoraise": true,
      "Sticky": true,
      "Tooltip": true,
      "GridProjection": false,
      "HideWhenFaceDown": false,
      "Hands": false,
      "CustomMesh": {
        "MeshURL": "http://cloud-3.steamusercontent.com/ugc/833580547909539494/EC6A2DBD2101A434016881C63D69DCE537C0BAAC/",
        "DiffuseURL": "http://cloud-3.steamusercontent.com/ugc/833580547909230760/EAC2970C2CF3A8AD342317CD643E79AEABD848C6/",
        "NormalURL": "",
        "ColliderURL": "http://cloud-3.steamusercontent.com/ugc/833580547909540412/E80C6F27FC09FD22DFDC1BA2C19F00F4772D68BA/",
        "Convex": false,
        "MaterialIndex": 2,
        "TypeIndex": 0,
        "CustomShader": {
          "SpecularColor": {
            "r": 0.7372549,
            "g": 0.7372549,
            "b": 0.7372549
          },
          "SpecularIntensity": 0.0,
          "SpecularSharpness": 7.0,
          "FresnelStrength": 0.0
        },
        "CastShadows": true
      },
      "XmlUI": "",
      "LuaScript": "\nBCBtype = \"terrain\"\n",
      "LuaScriptState": "",
      "GUID": "62892a"
    },
    {
      "Name": "Custom_Model",
      "Transform": {
        "posX": 24.73143,
        "posY": 0.9569702,
        "posZ": 17.4597969,
        "rotX": -0.00569020864,
        "rotY": 180.000031,
        "rotZ": 0.06615501,
        "scaleX": 0.8750001,
        "scaleY": 0.8750001,
        "scaleZ": 0.8750001
      },
      "Nickname": "",
      "Description": "",
      "GMNotes": "",
      "ColorDiffuse": {
        "r": 1.0,
        "g": 1.0,
        "b": 1.0
      },
      "Locked": true,
      "Grid": true,
      "Snap": true,
      "IgnoreFoW": false,
      "Autoraise": true,
      "Sticky": true,
      "Tooltip": true,
      "GridProjection": false,
      "HideWhenFaceDown": false,
      "Hands": false,
      "CustomMesh": {
        "MeshURL": "http://cloud-3.steamusercontent.com/ugc/833580547909513801/36965EC6D644CD9433468CC0419D3D33BAECC34C/",
        "DiffuseURL": "http://cloud-3.steamusercontent.com/ugc/833580547909230760/EAC2970C2CF3A8AD342317CD643E79AEABD848C6/",
        "NormalURL": "",
        "ColliderURL": "http://cloud-3.steamusercontent.com/ugc/833580547909514269/D1201A0E77ADC20E2A6DC203450E87E275906F7B/",
        "Convex": false,
        "MaterialIndex": 3,
        "TypeIndex": 0,
        "CastShadows": true
      },
      "XmlUI": "",
      "LuaScript": "\nBCBtype = \"terrain\"\n",
      "LuaScriptState": "",
      "GUID": "a9e5a1"
    },
    {
      "Name": "Custom_Model",
      "Transform": {
        "posX": -13.6796074,
        "posY": 1.0107913,
        "posZ": 17.3780575,
        "rotX": 0.07989408,
        "rotY": 90.0100555,
        "rotZ": 359.983154,
        "scaleX": 0.8750001,
        "scaleY": 0.8750001,
        "scaleZ": 0.8750001
      },
      "Nickname": "",
      "Description": "",
      "GMNotes": "",
      "ColorDiffuse": {
        "r": 1.0,
        "g": 1.0,
        "b": 1.0
      },
      "Locked": true,
      "Grid": true,
      "Snap": true,
      "IgnoreFoW": false,
      "Autoraise": true,
      "Sticky": true,
      "Tooltip": true,
      "GridProjection": false,
      "HideWhenFaceDown": false,
      "Hands": false,
      "CustomMesh": {
        "MeshURL": "http://cloud-3.steamusercontent.com/ugc/833580547909532129/82153E3D235986DE9200E34240F43D67C96B3C3C/",
        "DiffuseURL": "http://cloud-3.steamusercontent.com/ugc/833580547909230760/EAC2970C2CF3A8AD342317CD643E79AEABD848C6/",
        "NormalURL": "",
        "ColliderURL": "http://cloud-3.steamusercontent.com/ugc/833580547909532806/3C69793D85165183FBC900EE847DA4E1D50F1206/",
        "Convex": false,
        "MaterialIndex": 0,
        "TypeIndex": 0,
        "CustomShader": {
          "SpecularColor": {
            "r": 1.0,
            "g": 1.0,
            "b": 1.0
          },
          "SpecularIntensity": 0.0,
          "SpecularSharpness": 7.0,
          "FresnelStrength": 0.4
        },
        "CastShadows": true
      },
      "XmlUI": "",
      "LuaScript": "\nBCBtype = \"terrain\"\n",
      "LuaScriptState": "",
      "GUID": "45f5d4"
    },
    {
      "Name": "Custom_Model",
      "Transform": {
        "posX": 26.5025177,
        "posY": 0.9492781,
        "posZ": -1.27870023,
        "rotX": 359.945374,
        "rotY": 329.980042,
        "rotZ": 359.9392,
        "scaleX": 1.0,
        "scaleY": 1.0,
        "scaleZ": 1.0
      },
      "Nickname": "",
      "Description": "",
      "GMNotes": "",
      "ColorDiffuse": {
        "r": 1.0,
        "g": 1.0,
        "b": 1.0
      },
      "Locked": true,
      "Grid": true,
      "Snap": true,
      "IgnoreFoW": false,
      "Autoraise": true,
      "Sticky": true,
      "Tooltip": true,
      "GridProjection": false,
      "HideWhenFaceDown": false,
      "Hands": false,
      "CustomMesh": {
        "MeshURL": "http://cloud-3.steamusercontent.com/ugc/833580547909539494/EC6A2DBD2101A434016881C63D69DCE537C0BAAC/",
        "DiffuseURL": "http://cloud-3.steamusercontent.com/ugc/833580547909230760/EAC2970C2CF3A8AD342317CD643E79AEABD848C6/",
        "NormalURL": "",
        "ColliderURL": "http://cloud-3.steamusercontent.com/ugc/833580547909540412/E80C6F27FC09FD22DFDC1BA2C19F00F4772D68BA/",
        "Convex": false,
        "MaterialIndex": 2,
        "TypeIndex": 0,
        "CustomShader": {
          "SpecularColor": {
            "r": 0.7372549,
            "g": 0.7372549,
            "b": 0.7372549
          },
          "SpecularIntensity": 0.0,
          "SpecularSharpness": 7.0,
          "FresnelStrength": 0.0
        },
        "CastShadows": true
      },
      "XmlUI": "",
      "LuaScript": "\nBCBtype = \"terrain\"\n",
      "LuaScriptState": "",
      "GUID": "bb10a6"
    },
    {
      "Name": "Custom_Model",
      "Transform": {
        "posX": -25.5890579,
        "posY": 1.0107224,
        "posZ": 12.7507563,
        "rotX": 0.080169335,
        "rotY": 90.00211,
        "rotZ": 359.9831,
        "scaleX": 0.625000358,
        "scaleY": 0.625000358,
        "scaleZ": 0.625000358
      },
      "Nickname": "",
      "Description": "",
      "GMNotes": "",
      "ColorDiffuse": {
        "r": 1.0,
        "g": 1.0,
        "b": 1.0
      },
      "Locked": true,
      "Grid": true,
      "Snap": true,
      "IgnoreFoW": false,
      "Autoraise": true,
      "Sticky": true,
      "Tooltip": true,
      "GridProjection": false,
      "HideWhenFaceDown": false,
      "Hands": false,
      "CustomMesh": {
        "MeshURL": "http://cloud-3.steamusercontent.com/ugc/84845043863404342/D46DD773B4BCCABF9B8BC8CB41B5CA8DA9D43E39/",
        "DiffuseURL": "http://cloud-3.steamusercontent.com/ugc/84845043863409885/479E70BEFDDA5FF1BCC40D347B3D22664DFC7A68/",
        "NormalURL": "",
        "ColliderURL": "https://drive.google.com/uc?export=download&id=0BwpXdiEgZ5GzNUhVRjlaZzRDUms",
        "Convex": true,
        "MaterialIndex": 1,
        "TypeIndex": 1,
        "CastShadows": true
      },
      "XmlUI": "",
      "LuaScript": "\nBCBtype = \"terrain\"\n",
      "LuaScriptState": "",
      "GUID": "7b3783"
    },
    {
      "Name": "Custom_Model",
      "Transform": {
        "posX": -1.15291214,
        "posY": 0.9745804,
        "posZ": 14.926425,
        "rotX": 359.920044,
        "rotY": 269.999725,
        "rotZ": 0.0168730244,
        "scaleX": 0.25,
        "scaleY": 0.2500003,
        "scaleZ": 0.25
      },
      "Nickname": "",
      "Description": "",
      "GMNotes": "",
      "ColorDiffuse": {
        "r": 1.0,
        "g": 1.0,
        "b": 1.0
      },
      "Locked": true,
      "Grid": true,
      "Snap": true,
      "IgnoreFoW": false,
      "Autoraise": true,
      "Sticky": true,
      "Tooltip": true,
      "GridProjection": false,
      "HideWhenFaceDown": false,
      "Hands": false,
      "CustomMesh": {
        "MeshURL": "https://pastebin.com/raw/A7zPseVs",
        "DiffuseURL": "http://orig14.deviantart.net/5764/f/2017/094/e/0/pipe2_by_itchydani3l-db4ozvn.png",
        "NormalURL": "",
        "ColliderURL": "https://pastebin.com/raw/2FLqYKTF",
        "Convex": true,
        "MaterialIndex": 2,
        "TypeIndex": 1,
        "CustomShader": {
          "SpecularColor": {
            "r": 0.7372549,
            "g": 0.7372549,
            "b": 0.7372549
          },
          "SpecularIntensity": 0.0,
          "SpecularSharpness": 2.0,
          "FresnelStrength": 0.0
        },
        "CastShadows": true
      },
      "XmlUI": "",
      "LuaScript": "\nBCBtype = \"terrain\"\n",
      "LuaScriptState": "",
      "GUID": "957be3"
    },
    {
      "Name": "Custom_Assetbundle",
      "Transform": {
        "posX": -24.9736176,
        "posY": 1.02149975,
        "posZ": 0.273029983,
        "rotX": 0.08007713,
        "rotY": 90.0091248,
        "rotZ": 359.983124,
        "scaleX": 0.4853326,
        "scaleY": 0.5036111,
        "scaleZ": 0.585564554
      },
      "Nickname": "",
      "Description": "",
      "GMNotes": "",
      "ColorDiffuse": {
        "r": 1.0,
        "g": 1.0,
        "b": 1.0
      },
      "Locked": true,
      "Grid": true,
      "Snap": true,
      "IgnoreFoW": false,
      "Autoraise": true,
      "Sticky": true,
      "Tooltip": true,
      "GridProjection": false,
      "HideWhenFaceDown": false,
      "Hands": false,
      "CustomAssetbundle": {
        "AssetbundleURL": "http://cloud-3.steamusercontent.com/ugc/862862231310776503/70DE89AC122B82C72C0A918D6D20CD7213968AA9/",
        "AssetbundleSecondaryURL": "http://cloud-3.steamusercontent.com/ugc/862862112361756299/4D56ED7864686C4DAD74974AAB961B6CDF6CE7A8/",
        "MaterialIndex": 0,
        "TypeIndex": 0,
        "LoopingEffectIndex": 0
      },
      "XmlUI": "",
      "LuaScript": "\nBCBtype = \"terrain\"\n",
      "LuaScriptState": "",
      "GUID": "639831"
    },
    {
      "Name": "Custom_Model",
      "Transform": {
        "posX": -14.29031,
        "posY": 2.860156,
        "posZ": -5.407685,
        "rotX": 0.0165957231,
        "rotY": 179.975937,
        "rotZ": 0.07992524,
        "scaleX": 1.89999962,
        "scaleY": 1.89999962,
        "scaleZ": 1.89999962
      },
      "Nickname": "Billboard ground",
      "Description": "",
      "GMNotes": "",
      "ColorDiffuse": {
        "r": 0.9999998,
        "g": 0.992160261,
        "b": 0.9999998
      },
      "Locked": true,
      "Grid": true,
      "Snap": true,
      "IgnoreFoW": false,
      "Autoraise": true,
      "Sticky": true,
      "Tooltip": true,
      "GridProjection": false,
      "HideWhenFaceDown": false,
      "Hands": false,
      "CustomMesh": {
        "MeshURL": "http://pastebin.com/raw/7aqEErsT",
        "DiffuseURL": "http://cloud-3.steamusercontent.com/ugc/263850294728430037/43DE24A4DD97C0D975580EA7CC0F48B2151666D5/",
        "NormalURL": "",
        "ColliderURL": "",
        "Convex": true,
        "MaterialIndex": 1,
        "TypeIndex": 0,
        "CustomShader": {
          "SpecularColor": {
            "r": 0.8745098,
            "g": 0.8117647,
            "b": 0.745098054
          },
          "SpecularIntensity": 0.0,
          "SpecularSharpness": 3.0,
          "FresnelStrength": 0.1
        },
        "CastShadows": true
      },
      "XmlUI": "",
      "LuaScript": "\nBCBtype = \"terrain\"\n",
      "LuaScriptState": "",
      "GUID": "43a93e"
    },
    {
      "Name": "Custom_Model",
      "Transform": {
        "posX": 25.916275,
        "posY": 0.952280641,
        "posZ": 6.13995934,
        "rotX": 0.0799733549,
        "rotY": 90.00991,
        "rotZ": 359.982147,
        "scaleX": 0.254305065,
        "scaleY": 0.251957864,
        "scaleZ": 0.3500057
      },
      "Nickname": "",
      "Description": "",
      "GMNotes": "",
      "ColorDiffuse": {
        "r": 1.0,
        "g": 1.0,
        "b": 1.0
      },
      "Locked": true,
      "Grid": true,
      "Snap": true,
      "IgnoreFoW": false,
      "Autoraise": true,
      "Sticky": true,
      "Tooltip": true,
      "GridProjection": false,
      "HideWhenFaceDown": false,
      "Hands": false,
      "CustomMesh": {
        "MeshURL": "https://pastebin.com/raw/B1Quihf8",
        "DiffuseURL": "http://orig03.deviantart.net/392f/f/2017/093/0/4/fence_by_itchydani3l-db4l4hj.png",
        "NormalURL": "",
        "ColliderURL": "https://pastebin.com/raw/KqKmRXWw",
        "Convex": true,
        "MaterialIndex": 2,
        "TypeIndex": 1,
        "CustomShader": {
          "SpecularColor": {
            "r": 0.7372549,
            "g": 0.7372549,
            "b": 0.7372549
          },
          "SpecularIntensity": 0.0,
          "SpecularSharpness": 2.0,
          "FresnelStrength": 0.0
        },
        "CastShadows": true
      },
      "XmlUI": "",
      "LuaScript": "\nBCBtype = \"terrain\"\n",
      "LuaScriptState": "",
      "GUID": "0de96e"
    },
    {
      "Name": "Custom_Model",
      "Transform": {
        "posX": 21.0334949,
        "posY": 0.9564277,
        "posZ": -3.03790474,
        "rotX": 359.983154,
        "rotY": 0.00251162425,
        "rotZ": 359.9381,
        "scaleX": 0.254305065,
        "scaleY": 0.251957864,
        "scaleZ": 0.3500057
      },
      "Nickname": "",
      "Description": "",
      "GMNotes": "",
      "ColorDiffuse": {
        "r": 1.0,
        "g": 1.0,
        "b": 1.0
      },
      "Locked": true,
      "Grid": true,
      "Snap": true,
      "IgnoreFoW": false,
      "Autoraise": true,
      "Sticky": true,
      "Tooltip": true,
      "GridProjection": false,
      "HideWhenFaceDown": false,
      "Hands": false,
      "CustomMesh": {
        "MeshURL": "https://pastebin.com/raw/B1Quihf8",
        "DiffuseURL": "http://orig03.deviantart.net/392f/f/2017/093/0/4/fence_by_itchydani3l-db4l4hj.png",
        "NormalURL": "",
        "ColliderURL": "https://pastebin.com/raw/KqKmRXWw",
        "Convex": true,
        "MaterialIndex": 2,
        "TypeIndex": 1,
        "CustomShader": {
          "SpecularColor": {
            "r": 0.7372549,
            "g": 0.7372549,
            "b": 0.7372549
          },
          "SpecularIntensity": 0.0,
          "SpecularSharpness": 2.0,
          "FresnelStrength": 0.0
        },
        "CastShadows": true
      },
      "XmlUI": "",
      "LuaScript": "\nBCBtype = \"terrain\"\n",
      "LuaScriptState": "",
      "GUID": "e48289"
    },
    {
      "Name": "Custom_Model",
      "Transform": {
        "posX": 20.9812946,
        "posY": 1.03284788,
        "posZ": 0.659207463,
        "rotX": 0.00439600041,
        "rotY": 15.0142021,
        "rotZ": 359.918427,
        "scaleX": 0.7963823,
        "scaleY": 0.590518236,
        "scaleZ": 0.9106189
      },
      "Nickname": "",
      "Description": "",
      "GMNotes": "",
      "ColorDiffuse": {
        "r": 0.998303,
        "g": 1.0,
        "b": 0.9970669
      },
      "Locked": true,
      "Grid": true,
      "Snap": true,
      "IgnoreFoW": false,
      "Autoraise": true,
      "Sticky": true,
      "Tooltip": true,
      "GridProjection": false,
      "HideWhenFaceDown": false,
      "Hands": false,
      "CustomMesh": {
        "MeshURL": "http://paste.ee/r/lbV50",
        "DiffuseURL": "http://orig03.deviantart.net/392f/f/2017/093/0/4/fence_by_itchydani3l-db4l4hj.png",
        "NormalURL": "",
        "ColliderURL": "",
        "Convex": true,
        "MaterialIndex": 3,
        "TypeIndex": 0,
        "CastShadows": true
      },
      "XmlUI": "",
      "LuaScript": "\nBCBtype = \"terrain\"\n",
      "LuaScriptState": "",
      "GUID": "e00ae5"
    },
    {
      "Name": "Custom_Model",
      "Transform": {
        "posX": 28.98973,
        "posY": 1.01984656,
        "posZ": -5.5781,
        "rotX": 359.920135,
        "rotY": 269.982971,
        "rotZ": 0.01689294,
        "scaleX": 0.536000431,
        "scaleY": 0.590518236,
        "scaleZ": 0.875003
      },
      "Nickname": "",
      "Description": "",
      "GMNotes": "",
      "ColorDiffuse": {
        "r": 0.998303,
        "g": 1.0,
        "b": 0.9970669
      },
      "Locked": true,
      "Grid": true,
      "Snap": true,
      "IgnoreFoW": false,
      "Autoraise": true,
      "Sticky": true,
      "Tooltip": true,
      "GridProjection": false,
      "HideWhenFaceDown": false,
      "Hands": false,
      "CustomMesh": {
        "MeshURL": "http://paste.ee/r/lbV50",
        "DiffuseURL": "http://orig03.deviantart.net/392f/f/2017/093/0/4/fence_by_itchydani3l-db4l4hj.png",
        "NormalURL": "",
        "ColliderURL": "",
        "Convex": true,
        "MaterialIndex": 3,
        "TypeIndex": 0,
        "CastShadows": true
      },
      "XmlUI": "",
      "LuaScript": "\nBCBtype = \"terrain\"\n",
      "LuaScriptState": "",
      "GUID": "ab1b2c"
    },
    {
      "Name": "Custom_Model",
      "Transform": {
        "posX": 12.3818645,
        "posY": 2.8259294,
        "posZ": 4.6027956,
        "rotX": 359.921661,
        "rotY": 269.998657,
        "rotZ": 0.016888462,
        "scaleX": 1.89999962,
        "scaleY": 1.89999962,
        "scaleZ": 1.89999962
      },
      "Nickname": "Billboard ground",
      "Description": "",
      "GMNotes": "",
      "ColorDiffuse": {
        "r": 0.9999998,
        "g": 0.992160261,
        "b": 0.9999998
      },
      "Locked": true,
      "Grid": true,
      "Snap": true,
      "IgnoreFoW": false,
      "Autoraise": true,
      "Sticky": true,
      "Tooltip": true,
      "GridProjection": false,
      "HideWhenFaceDown": false,
      "Hands": false,
      "CustomMesh": {
        "MeshURL": "http://pastebin.com/raw/7aqEErsT",
        "DiffuseURL": "http://cloud-3.steamusercontent.com/ugc/263850294728430037/43DE24A4DD97C0D975580EA7CC0F48B2151666D5/",
        "NormalURL": "",
        "ColliderURL": "",
        "Convex": true,
        "MaterialIndex": 1,
        "TypeIndex": 0,
        "CustomShader": {
          "SpecularColor": {
            "r": 0.8745098,
            "g": 0.8117647,
            "b": 0.745098054
          },
          "SpecularIntensity": 0.0,
          "SpecularSharpness": 3.0,
          "FresnelStrength": 0.1
        },
        "CastShadows": true
      },
      "XmlUI": "",
      "LuaScript": "\nBCBtype = \"terrain\"\n",
      "LuaScriptState": "",
      "GUID": "f99d55"
    },
    {
      "Name": "Custom_Model",
      "Transform": {
        "posX": 20.8427219,
        "posY": 0.958860636,
        "posZ": 4.46705,
        "rotX": 359.983215,
        "rotY": -0.002452168,
        "rotZ": 359.918854,
        "scaleX": 0.254305065,
        "scaleY": 0.251957864,
        "scaleZ": 0.3500057
      },
      "Nickname": "",
      "Description": "",
      "GMNotes": "",
      "ColorDiffuse": {
        "r": 1.0,
        "g": 1.0,
        "b": 1.0
      },
      "Locked": true,
      "Grid": true,
      "Snap": true,
      "IgnoreFoW": false,
      "Autoraise": true,
      "Sticky": true,
      "Tooltip": true,
      "GridProjection": false,
      "HideWhenFaceDown": false,
      "Hands": false,
      "CustomMesh": {
        "MeshURL": "https://pastebin.com/raw/B1Quihf8",
        "DiffuseURL": "http://orig03.deviantart.net/392f/f/2017/093/0/4/fence_by_itchydani3l-db4l4hj.png",
        "NormalURL": "",
        "ColliderURL": "https://pastebin.com/raw/KqKmRXWw",
        "Convex": true,
        "MaterialIndex": 2,
        "TypeIndex": 1,
        "CustomShader": {
          "SpecularColor": {
            "r": 0.7372549,
            "g": 0.7372549,
            "b": 0.7372549
          },
          "SpecularIntensity": 0.0,
          "SpecularSharpness": 2.0,
          "FresnelStrength": 0.0
        },
        "CastShadows": true
      },
      "XmlUI": "",
      "LuaScript": "\nBCBtype = \"terrain\"\n",
      "LuaScriptState": "",
      "GUID": "26cf0b"
    },
    {
      "Name": "Custom_Model",
      "Transform": {
        "posX": 22.44116,
        "posY": 1.02894473,
        "posZ": -5.68479538,
        "rotX": 359.9185,
        "rotY": 284.999969,
        "rotZ": -0.00438536936,
        "scaleX": 0.7963823,
        "scaleY": 0.590518236,
        "scaleZ": 0.9106189
      },
      "Nickname": "",
      "Description": "",
      "GMNotes": "",
      "ColorDiffuse": {
        "r": 0.998303,
        "g": 1.0,
        "b": 0.9970669
      },
      "Locked": true,
      "Grid": true,
      "Snap": true,
      "IgnoreFoW": false,
      "Autoraise": true,
      "Sticky": true,
      "Tooltip": true,
      "GridProjection": false,
      "HideWhenFaceDown": false,
      "Hands": false,
      "CustomMesh": {
        "MeshURL": "http://paste.ee/r/lbV50",
        "DiffuseURL": "http://orig03.deviantart.net/392f/f/2017/093/0/4/fence_by_itchydani3l-db4l4hj.png",
        "NormalURL": "",
        "ColliderURL": "",
        "Convex": true,
        "MaterialIndex": 3,
        "TypeIndex": 0,
        "CastShadows": true
      },
      "XmlUI": "",
      "LuaScript": "\nBCBtype = \"terrain\"\n",
      "LuaScriptState": "",
      "GUID": "d13999"
    },
    {
      "Name": "Custom_Model",
      "Transform": {
        "posX": 25.96451,
        "posY": 0.948781252,
        "posZ": -5.515584,
        "rotX": 359.9201,
        "rotY": 270.0,
        "rotZ": 0.01674451,
        "scaleX": 0.254305065,
        "scaleY": 0.251957864,
        "scaleZ": 0.3500057
      },
      "Nickname": "",
      "Description": "",
      "GMNotes": "",
      "ColorDiffuse": {
        "r": 1.0,
        "g": 1.0,
        "b": 1.0
      },
      "Locked": true,
      "Grid": true,
      "Snap": true,
      "IgnoreFoW": false,
      "Autoraise": true,
      "Sticky": true,
      "Tooltip": true,
      "GridProjection": false,
      "HideWhenFaceDown": false,
      "Hands": false,
      "CustomMesh": {
        "MeshURL": "https://pastebin.com/raw/B1Quihf8",
        "DiffuseURL": "http://orig03.deviantart.net/392f/f/2017/093/0/4/fence_by_itchydani3l-db4l4hj.png",
        "NormalURL": "",
        "ColliderURL": "https://pastebin.com/raw/KqKmRXWw",
        "Convex": true,
        "MaterialIndex": 2,
        "TypeIndex": 1,
        "CustomShader": {
          "SpecularColor": {
            "r": 0.7372549,
            "g": 0.7372549,
            "b": 0.7372549
          },
          "SpecularIntensity": 0.0,
          "SpecularSharpness": 2.0,
          "FresnelStrength": 0.0
        },
        "CastShadows": true
      },
      "XmlUI": "",
      "LuaScript": "\nBCBtype = \"terrain\"\n",
      "LuaScriptState": "",
      "GUID": "2df342"
    },
    {
      "Name": "Custom_Model",
      "Transform": {
        "posX": 0.7129421,
        "posY": 0.9719783,
        "posZ": 14.92404,
        "rotX": 359.92,
        "rotY": 269.9995,
        "rotZ": 0.01687321,
        "scaleX": 0.25,
        "scaleY": 0.2500003,
        "scaleZ": 0.25
      },
      "Nickname": "",
      "Description": "",
      "GMNotes": "",
      "ColorDiffuse": {
        "r": 1.0,
        "g": 1.0,
        "b": 1.0
      },
      "Locked": true,
      "Grid": true,
      "Snap": true,
      "IgnoreFoW": false,
      "Autoraise": true,
      "Sticky": true,
      "Tooltip": true,
      "GridProjection": false,
      "HideWhenFaceDown": false,
      "Hands": false,
      "CustomMesh": {
        "MeshURL": "https://pastebin.com/raw/A7zPseVs",
        "DiffuseURL": "http://orig14.deviantart.net/5764/f/2017/094/e/0/pipe2_by_itchydani3l-db4ozvn.png",
        "NormalURL": "",
        "ColliderURL": "https://pastebin.com/raw/2FLqYKTF",
        "Convex": true,
        "MaterialIndex": 2,
        "TypeIndex": 1,
        "CustomShader": {
          "SpecularColor": {
            "r": 0.7372549,
            "g": 0.7372549,
            "b": 0.7372549
          },
          "SpecularIntensity": 0.0,
          "SpecularSharpness": 2.0,
          "FresnelStrength": 0.0
        },
        "CastShadows": true
      },
      "XmlUI": "",
      "LuaScript": "\nBCBtype = \"terrain\"\n",
      "LuaScriptState": "",
      "GUID": "81d79e"
    },
    {
      "Name": "Custom_Model",
      "Transform": {
        "posX": 28.9483833,
        "posY": 0.948042154,
        "posZ": 6.100062,
        "rotX": 0.0799227,
        "rotY": 89.99976,
        "rotZ": 359.982727,
        "scaleX": 0.254305065,
        "scaleY": 0.251957864,
        "scaleZ": 0.3500057
      },
      "Nickname": "",
      "Description": "",
      "GMNotes": "",
      "ColorDiffuse": {
        "r": 1.0,
        "g": 1.0,
        "b": 1.0
      },
      "Locked": true,
      "Grid": true,
      "Snap": true,
      "IgnoreFoW": false,
      "Autoraise": true,
      "Sticky": true,
      "Tooltip": true,
      "GridProjection": false,
      "HideWhenFaceDown": false,
      "Hands": false,
      "CustomMesh": {
        "MeshURL": "https://pastebin.com/raw/B1Quihf8",
        "DiffuseURL": "http://orig03.deviantart.net/392f/f/2017/093/0/4/fence_by_itchydani3l-db4l4hj.png",
        "NormalURL": "",
        "ColliderURL": "https://pastebin.com/raw/KqKmRXWw",
        "Convex": true,
        "MaterialIndex": 2,
        "TypeIndex": 1,
        "CustomShader": {
          "SpecularColor": {
            "r": 0.7372549,
            "g": 0.7372549,
            "b": 0.7372549
          },
          "SpecularIntensity": 0.0,
          "SpecularSharpness": 2.0,
          "FresnelStrength": 0.0
        },
        "CastShadows": true
      },
      "XmlUI": "",
      "LuaScript": "\nBCBtype = \"terrain\"\n",
      "LuaScriptState": "",
      "GUID": "4715e0"
    },
    {
      "Name": "Custom_Model",
      "Transform": {
        "posX": 31.7310257,
        "posY": 1.01605046,
        "posZ": -5.49112558,
        "rotX": 359.920135,
        "rotY": 269.982971,
        "rotZ": 0.01689827,
        "scaleX": 0.536000431,
        "scaleY": 0.590518236,
        "scaleZ": 0.875003
      },
      "Nickname": "",
      "Description": "",
      "GMNotes": "",
      "ColorDiffuse": {
        "r": 0.998303,
        "g": 1.0,
        "b": 0.9970669
      },
      "Locked": true,
      "Grid": true,
      "Snap": true,
      "IgnoreFoW": false,
      "Autoraise": true,
      "Sticky": true,
      "Tooltip": true,
      "GridProjection": false,
      "HideWhenFaceDown": false,
      "Hands": false,
      "CustomMesh": {
        "MeshURL": "http://paste.ee/r/lbV50",
        "DiffuseURL": "http://orig03.deviantart.net/392f/f/2017/093/0/4/fence_by_itchydani3l-db4l4hj.png",
        "NormalURL": "",
        "ColliderURL": "",
        "Convex": true,
        "MaterialIndex": 3,
        "TypeIndex": 0,
        "CastShadows": true
      },
      "XmlUI": "",
      "LuaScript": "\nBCBtype = \"terrain\"\n",
      "LuaScriptState": "",
      "GUID": "42487e"
    },
    {
      "Name": "Custom_Model",
      "Transform": {
        "posX": 32.199604,
        "posY": 1.0187192,
        "posZ": 5.789371,
        "rotX": 359.9185,
        "rotY": 284.999939,
        "rotZ": -0.004378232,
        "scaleX": 0.7963823,
        "scaleY": 0.590518236,
        "scaleZ": 0.9106189
      },
      "Nickname": "",
      "Description": "",
      "GMNotes": "",
      "ColorDiffuse": {
        "r": 0.998303,
        "g": 1.0,
        "b": 0.9970669
      },
      "Locked": true,
      "Grid": true,
      "Snap": true,
      "IgnoreFoW": false,
      "Autoraise": true,
      "Sticky": true,
      "Tooltip": true,
      "GridProjection": false,
      "HideWhenFaceDown": false,
      "Hands": false,
      "CustomMesh": {
        "MeshURL": "http://paste.ee/r/lbV50",
        "DiffuseURL": "http://orig03.deviantart.net/392f/f/2017/093/0/4/fence_by_itchydani3l-db4l4hj.png",
        "NormalURL": "",
        "ColliderURL": "",
        "Convex": true,
        "MaterialIndex": 3,
        "TypeIndex": 0,
        "CastShadows": true
      },
      "XmlUI": "",
      "LuaScript": "\nBCBtype = \"terrain\"\n",
      "LuaScriptState": "",
      "GUID": "161757"
    },
    {
      "Name": "Custom_Model",
      "Transform": {
        "posX": -34.9927,
        "posY": 1.018652,
        "posZ": -4.84140348,
        "rotX": 0.016801646,
        "rotY": 179.999832,
        "rotZ": 0.08010661,
        "scaleX": 0.625000358,
        "scaleY": 0.625000358,
        "scaleZ": 0.625000358
      },
      "Nickname": "",
      "Description": "",
      "GMNotes": "",
      "ColorDiffuse": {
        "r": 1.0,
        "g": 1.0,
        "b": 1.0
      },
      "Locked": true,
      "Grid": true,
      "Snap": true,
      "IgnoreFoW": false,
      "Autoraise": true,
      "Sticky": true,
      "Tooltip": true,
      "GridProjection": false,
      "HideWhenFaceDown": false,
      "Hands": false,
      "CustomMesh": {
        "MeshURL": "http://cloud-3.steamusercontent.com/ugc/84845043863404342/D46DD773B4BCCABF9B8BC8CB41B5CA8DA9D43E39/",
        "DiffuseURL": "http://cloud-3.steamusercontent.com/ugc/84845043863409885/479E70BEFDDA5FF1BCC40D347B3D22664DFC7A68/",
        "NormalURL": "",
        "ColliderURL": "https://drive.google.com/uc?export=download&id=0BwpXdiEgZ5GzNUhVRjlaZzRDUms",
        "Convex": true,
        "MaterialIndex": 1,
        "TypeIndex": 1,
        "CastShadows": true
      },
      "XmlUI": "",
      "LuaScript": "\nBCBtype = \"terrain\"\n",
      "LuaScriptState": "",
      "GUID": "e12696"
    },
    {
      "Name": "Custom_Model",
      "Transform": {
        "posX": 33.9560165,
        "posY": 0.9201944,
        "posZ": -12.7723818,
        "rotX": 0.08009543,
        "rotY": 90.0039749,
        "rotZ": 359.9831,
        "scaleX": 0.625000358,
        "scaleY": 0.625000358,
        "scaleZ": 0.625000358
      },
      "Nickname": "",
      "Description": "",
      "GMNotes": "",
      "ColorDiffuse": {
        "r": 1.0,
        "g": 1.0,
        "b": 1.0
      },
      "Locked": true,
      "Grid": true,
      "Snap": true,
      "IgnoreFoW": false,
      "Autoraise": true,
      "Sticky": true,
      "Tooltip": true,
      "GridProjection": false,
      "HideWhenFaceDown": false,
      "Hands": false,
      "CustomMesh": {
        "MeshURL": "http://cloud-3.steamusercontent.com/ugc/84845043863404342/D46DD773B4BCCABF9B8BC8CB41B5CA8DA9D43E39/",
        "DiffuseURL": "http://cloud-3.steamusercontent.com/ugc/84845043863409885/479E70BEFDDA5FF1BCC40D347B3D22664DFC7A68/",
        "NormalURL": "",
        "ColliderURL": "https://drive.google.com/uc?export=download&id=0BwpXdiEgZ5GzNUhVRjlaZzRDUms",
        "Convex": true,
        "MaterialIndex": 1,
        "TypeIndex": 1,
        "CastShadows": true
      },
      "XmlUI": "",
      "LuaScript": "\nBCBtype = \"terrain\"\n",
      "LuaScriptState": "",
      "GUID": "7b932c"
    },
    {
      "Name": "Custom_Model",
      "Transform": {
        "posX": 1.50129509,
        "posY": 0.970766068,
        "posZ": 5.31464863,
        "rotX": 0.08010671,
        "rotY": 90.0039,
        "rotZ": 359.9831,
        "scaleX": 0.625000358,
        "scaleY": 0.625000358,
        "scaleZ": 0.625000358
      },
      "Nickname": "",
      "Description": "",
      "GMNotes": "",
      "ColorDiffuse": {
        "r": 1.0,
        "g": 1.0,
        "b": 1.0
      },
      "Locked": true,
      "Grid": true,
      "Snap": true,
      "IgnoreFoW": false,
      "Autoraise": true,
      "Sticky": true,
      "Tooltip": true,
      "GridProjection": false,
      "HideWhenFaceDown": false,
      "Hands": false,
      "CustomMesh": {
        "MeshURL": "http://cloud-3.steamusercontent.com/ugc/84845043863404342/D46DD773B4BCCABF9B8BC8CB41B5CA8DA9D43E39/",
        "DiffuseURL": "http://cloud-3.steamusercontent.com/ugc/84845043863409885/479E70BEFDDA5FF1BCC40D347B3D22664DFC7A68/",
        "NormalURL": "",
        "ColliderURL": "https://drive.google.com/uc?export=download&id=0BwpXdiEgZ5GzNUhVRjlaZzRDUms",
        "Convex": true,
        "MaterialIndex": 1,
        "TypeIndex": 1,
        "CastShadows": true
      },
      "XmlUI": "",
      "LuaScript": "\nBCBtype = \"terrain\"\n",
      "LuaScriptState": "",
      "GUID": "9accba"
    }
  ],
  "DecalPallet": [],
  "TabStates": {
    "0": {
      "title": "Instructions",
      "body": "This map is made to prepare terrain for the BaconCatBug Template v2.0 or later versions but works with other templates too if the gaming mat position is 0,0,0 . \r\n\r\nPREPARING THE TERRAIN:\r\n\r\nPrepare your terrais as if this were the gaming table, be sure that all elements are tolally inside the gaming mat, no parts have to be outside.\r\n\r\nThe battlemat is a modified \"Flex Table\" (by MrStump) with fixed dimensions. You can change the backgrounfd of the mat by clicking on the white button on one of the legs and paste the URL of the image.\nYou can store some URL in memory by adding them individually so you can recall them easily.\r\nYou dont need anymore to edit the mat image to fit the bigger dimension of the table, only the gaming area will change, not the entire table.\r\nThere are some preset mats, so you already have something to work with, but feel free to use any URL that you like.\r\n\nThe red surfaces are intended as an additional workspace to place items when setting up the terrain.\n\r\nWhen the terrain and the mat are ready, press the \"Export\" button and confirm.\nYou will then have a map only with the terrain features and a blue brick that is a service token used to store the URL of the mat image. This brick is invisible and not interactable but it has its own menu that will display when loading the terrain.\r\n\r\nAll outside the gaming mat will be deleted.\r\n\r\nSave then the map in another local savefile or upload it to the workshop.\r\n\r\n\r\nLOADING THE TERRAIN:\r\n\r\nOpen the gaming template then make an ADDITIVE LOAD of the terrain map saved or present in the workshop.\r\n\r\nThe terrain will be put on the gaming mat and the mat image will change automatically.\r\nIn case it doesnt works you can copy the URL and apply it manually using the \"Flex Table\" menu.\r\n\r\nWhen done you can erease the menu showing the saved URL by clicking the proper button. It's NOT reversible.\n\nHave fun!",
      "color": "Grey",
      "visibleColor": {
        "r": 0.5,
        "g": 0.5,
        "b": 0.5
      },
      "id": 0
    },
    "1": {
      "title": "Credits",
      "body": "*******************Credits*******************\nBaconCatBug's Warhammer 40k Maps - 6'x4' Template (id: 1364668572)\n\nFlex Table (id: 1169112551)\n\n",
      "color": "Grey",
      "visibleColor": {
        "r": 0.5,
        "g": 0.5,
        "b": 0.5
      },
      "id": 1
    }
  },
  "VersionNumber": "v12.2.2"
}