{
  "SaveName": "Ghazghkull Mag Uruk Thraka (and Makari)",
  "EpochTime": 1620501307,
  "Date": "5/8/2021 3:15:07 PM",
  "VersionNumber": "v13.1.1",
  "GameMode": "Ghazghkull Mag Uruk Thraka (and Makari)",
  "GameType": "",
  "GameComplexity": "",
  "Tags": [],
  "Gravity": 0.5,
  "PlayArea": 0.5,
  "Table": "Table_Circular",
  "Sky": "Sky_Tunnel",
  "Note": "",
  "TabStates": {
    "0": {
      "title": "Rules",
      "body": "",
      "color": "Grey",
      "visibleColor": {
        "r": 0.5,
        "g": 0.5,
        "b": 0.5
      },
      "id": 0
    },
    "1": {
      "title": "White",
      "body": "",
      "color": "White",
      "visibleColor": {
        "r": 1.0,
        "g": 1.0,
        "b": 1.0
      },
      "id": 1
    },
    "2": {
      "title": "Brown",
      "body": "",
      "color": "Brown",
      "visibleColor": {
        "r": 0.443,
        "g": 0.231,
        "b": 0.09
      },
      "id": 2
    },
    "3": {
      "title": "Red",
      "body": "",
      "color": "Red",
      "visibleColor": {
        "r": 0.856,
        "g": 0.1,
        "b": 0.094
      },
      "id": 3
    },
    "4": {
      "title": "Orange",
      "body": "",
      "color": "Orange",
      "visibleColor": {
        "r": 0.956,
        "g": 0.392,
        "b": 0.113
      },
      "id": 4
    },
    "5": {
      "title": "Yellow",
      "body": "",
      "color": "Yellow",
      "visibleColor": {
        "r": 0.905,
        "g": 0.898,
        "b": 0.172
      },
      "id": 5
    },
    "6": {
      "title": "Green",
      "body": "",
      "color": "Green",
      "visibleColor": {
        "r": 0.192,
        "g": 0.701,
        "b": 0.168
      },
      "id": 6
    },
    "7": {
      "title": "Blue",
      "body": "",
      "color": "Blue",
      "visibleColor": {
        "r": 0.118,
        "g": 0.53,
        "b": 1.0
      },
      "id": 7
    },
    "8": {
      "title": "Teal",
      "body": "",
      "color": "Teal",
      "visibleColor": {
        "r": 0.129,
        "g": 0.694,
        "b": 0.607
      },
      "id": 8
    },
    "9": {
      "title": "Purple",
      "body": "",
      "color": "Purple",
      "visibleColor": {
        "r": 0.627,
        "g": 0.125,
        "b": 0.941
      },
      "id": 9
    },
    "10": {
      "title": "Pink",
      "body": "",
      "color": "Pink",
      "visibleColor": {
        "r": 0.96,
        "g": 0.439,
        "b": 0.807
      },
      "id": 10
    },
    "11": {
      "title": "Black",
      "body": "",
      "color": "Black",
      "visibleColor": {
        "r": 0.25,
        "g": 0.25,
        "b": 0.25
      },
      "id": 11
    }
  },
  "MusicPlayer": {
    "RepeatSong": false,
    "PlaylistEntry": 3,
    "CurrentAudioTitle": "Dark Crusade 4",
    "CurrentAudioURL": "http://cloud-3.steamusercontent.com/ugc/751466427090271178/582B77DBF8E5350A820B03654CB82A013020A018/",
    "AudioLibrary": [
      {
        "Item1": "http://cloud-3.steamusercontent.com/ugc/751466427090262325/4BF112BC3D36E336286A82D59E8A4E70ED52A341/",
        "Item2": "Dark Crusade 1"
      },
      {
        "Item1": "http://cloud-3.steamusercontent.com/ugc/751466427090267648/D99BF8E2F9032A35F668B5DD379FAC2C33AF8639/",
        "Item2": "Dark Crusade 2"
      },
      {
        "Item1": "http://cloud-3.steamusercontent.com/ugc/751466427090269760/E90AD51F7B75DA1A29DF556CFDA35B2D5875E678/",
        "Item2": "Dark Crusade 3"
      },
      {
        "Item1": "http://cloud-3.steamusercontent.com/ugc/751466427090271178/582B77DBF8E5350A820B03654CB82A013020A018/",
        "Item2": "Dark Crusade 4"
      }
    ]
  },
  "Grid": {
    "Type": 0,
    "Lines": false,
    "Color": {
      "r": 0.0,
      "g": 0.0,
      "b": 0.0
    },
    "Opacity": 0.75,
    "ThickLines": false,
    "Snapping": false,
    "Offset": false,
    "BothSnapping": false,
    "xSize": 2.0,
    "ySize": 2.0,
    "PosOffset": {
      "x": 0.0,
      "y": 1.0,
      "z": 0.0
    }
  },
  "Lighting": {
    "LightIntensity": 0.54,
    "LightColor": {
      "r": 1.0,
      "g": 0.9804,
      "b": 0.8902
    },
    "AmbientIntensity": 1.3,
    "AmbientType": 0,
    "AmbientSkyColor": {
      "r": 0.5,
      "g": 0.5,
      "b": 0.5
    },
    "AmbientEquatorColor": {
      "r": 0.5,
      "g": 0.5,
      "b": 0.5
    },
    "AmbientGroundColor": {
      "r": 0.5,
      "g": 0.5,
      "b": 0.5
    },
    "ReflectionIntensity": 1.0,
    "LutIndex": 0,
    "LutContribution": 1.0
  },
  "Hands": {
    "Enable": true,
    "DisableUnused": false,
    "Hiding": 0
  },
  "ComponentTags": {
    "labels": []
  },
  "Turns": {
    "Enable": false,
    "Type": 0,
    "TurnOrder": [],
    "Reverse": false,
    "SkipEmpty": false,
    "DisableInteractions": false,
    "PassTurns": true,
    "TurnColor": ""
  },
  "DecalPallet": [],
  "LuaScript": "--[[ Lua code. See documentation: https://api.tabletopsimulator.com/ --]]\n\n--[[ The onLoad event is called after the game save finishes loading. --]]\nfunction onLoad()\n    --[[ print('onLoad!') --]]\nend\n\n--[[ The onUpdate event is called once per frame. --]]\nfunction onUpdate()\n    --[[ print('onUpdate loop!') --]]\nend",
  "LuaScriptState": "",
  "XmlUI": "<!-- Xml UI. See documentation: https://api.tabletopsimulator.com/ui/introUI/ -->",
  "ObjectStates": [
    {
      "GUID": "b7706b",
      "Name": "HandTrigger",
      "Transform": {
        "posX": -15.2383451,
        "posY": 3.54391432,
        "posZ": -15.41023,
        "rotX": 0.0,
        "rotY": 45.0000038,
        "rotZ": 0.0,
        "scaleX": 11.6554279,
        "scaleY": 9.174524,
        "scaleZ": 6.76724052
      },
      "Nickname": "",
      "Description": "",
      "GMNotes": "",
      "ColorDiffuse": {
        "r": 0.856,
        "g": 0.09999997,
        "b": 0.09399996,
        "a": 0.0
      },
      "LayoutGroupSortIndex": 0,
      "Value": 0,
      "Locked": true,
      "Grid": false,
      "Snap": true,
      "IgnoreFoW": false,
      "MeasureMovement": false,
      "DragSelectable": true,
      "Autoraise": true,
      "Sticky": true,
      "Tooltip": true,
      "GridProjection": false,
      "HideWhenFaceDown": false,
      "Hands": false,
      "FogColor": "Red",
      "LuaScript": "",
      "LuaScriptState": "",
      "XmlUI": ""
    },
    {
      "GUID": "9caa0e",
      "Name": "HandTrigger",
      "Transform": {
        "posX": -15.3520746,
        "posY": 3.54391527,
        "posZ": 15.1043739,
        "rotX": 0.0,
        "rotY": 135.000015,
        "rotZ": 0.0,
        "scaleX": 11.6555653,
        "scaleY": 9.174524,
        "scaleZ": 6.76732
      },
      "Nickname": "",
      "Description": "",
      "GMNotes": "",
      "ColorDiffuse": {
        "r": 0.905,
        "g": 0.898,
        "b": 0.171999961,
        "a": 0.0
      },
      "LayoutGroupSortIndex": 0,
      "Value": 0,
      "Locked": true,
      "Grid": false,
      "Snap": true,
      "IgnoreFoW": false,
      "MeasureMovement": false,
      "DragSelectable": true,
      "Autoraise": true,
      "Sticky": true,
      "Tooltip": true,
      "GridProjection": false,
      "HideWhenFaceDown": false,
      "Hands": false,
      "FogColor": "Yellow",
      "LuaScript": "",
      "LuaScriptState": "",
      "XmlUI": ""
    },
    {
      "GUID": "c96720",
      "Name": "HandTrigger",
      "Transform": {
        "posX": 21.5308113,
        "posY": 3.54391432,
        "posZ": 0.05564022,
        "rotX": 0.0,
        "rotY": 270.0,
        "rotZ": 0.0,
        "scaleX": 11.6556149,
        "scaleY": 9.174524,
        "scaleZ": 6.76738739
      },
      "Nickname": "",
      "Description": "",
      "GMNotes": "",
      "ColorDiffuse": {
        "r": 0.627,
        "g": 0.124999978,
        "b": 0.941,
        "a": 0.0
      },
      "LayoutGroupSortIndex": 0,
      "Value": 0,
      "Locked": true,
      "Grid": false,
      "Snap": true,
      "IgnoreFoW": false,
      "MeasureMovement": false,
      "DragSelectable": true,
      "Autoraise": true,
      "Sticky": true,
      "Tooltip": true,
      "GridProjection": false,
      "HideWhenFaceDown": false,
      "Hands": false,
      "FogColor": "Purple",
      "LuaScript": "",
      "LuaScriptState": "",
      "XmlUI": ""
    },
    {
      "GUID": "2dfd0a",
      "Name": "HandTrigger",
      "Transform": {
        "posX": 15.3141708,
        "posY": 3.54391623,
        "posZ": 15.1422806,
        "rotX": 0.0,
        "rotY": 224.999985,
        "rotZ": 0.0,
        "scaleX": 11.6554184,
        "scaleY": 9.174524,
        "scaleZ": 6.767232
      },
      "Nickname": "",
      "Description": "",
      "GMNotes": "",
      "ColorDiffuse": {
        "r": 0.117999978,
        "g": 0.53,
        "b": 1.0,
        "a": 0.0
      },
      "LayoutGroupSortIndex": 0,
      "Value": 0,
      "Locked": true,
      "Grid": false,
      "Snap": true,
      "IgnoreFoW": false,
      "MeasureMovement": false,
      "DragSelectable": true,
      "Autoraise": true,
      "Sticky": true,
      "Tooltip": true,
      "GridProjection": false,
      "HideWhenFaceDown": false,
      "Hands": false,
      "FogColor": "Blue",
      "LuaScript": "",
      "LuaScriptState": "",
      "XmlUI": ""
    },
    {
      "GUID": "1b1e5c",
      "Name": "HandTrigger",
      "Transform": {
        "posX": 9.536743E-07,
        "posY": 3.54391432,
        "posZ": -21.4752541,
        "rotX": 0.0,
        "rotY": 0.0,
        "rotZ": 0.0,
        "scaleX": 11.6554279,
        "scaleY": 9.174526,
        "scaleZ": 6.76723957
      },
      "Nickname": "",
      "Description": "",
      "GMNotes": "",
      "ColorDiffuse": {
        "r": 1.0,
        "g": 1.0,
        "b": 1.0,
        "a": 0.0
      },
      "LayoutGroupSortIndex": 0,
      "Value": 0,
      "Locked": true,
      "Grid": false,
      "Snap": true,
      "IgnoreFoW": false,
      "MeasureMovement": false,
      "DragSelectable": true,
      "Autoraise": true,
      "Sticky": true,
      "Tooltip": true,
      "GridProjection": false,
      "HideWhenFaceDown": false,
      "Hands": false,
      "FogColor": "White",
      "LuaScript": "",
      "LuaScriptState": "",
      "XmlUI": ""
    },
    {
      "GUID": "7d782b",
      "Name": "HandTrigger",
      "Transform": {
        "posX": 4.76837158E-07,
        "posY": 3.54391623,
        "posZ": 21.2933922,
        "rotX": 0.0,
        "rotY": 180.0,
        "rotZ": 0.0,
        "scaleX": 11.6554279,
        "scaleY": 9.174524,
        "scaleZ": 6.76723337
      },
      "Nickname": "",
      "Description": "",
      "GMNotes": "",
      "ColorDiffuse": {
        "r": 0.191999972,
        "g": 0.701,
        "b": 0.167999953,
        "a": 0.0
      },
      "LayoutGroupSortIndex": 0,
      "Value": 0,
      "Locked": true,
      "Grid": false,
      "Snap": true,
      "IgnoreFoW": false,
      "MeasureMovement": false,
      "DragSelectable": true,
      "Autoraise": true,
      "Sticky": true,
      "Tooltip": true,
      "GridProjection": false,
      "HideWhenFaceDown": false,
      "Hands": false,
      "FogColor": "Green",
      "LuaScript": "",
      "LuaScriptState": "",
      "XmlUI": ""
    },
    {
      "GUID": "c97b5e",
      "Name": "HandTrigger",
      "Transform": {
        "posX": 15.3141727,
        "posY": 3.54391527,
        "posZ": -15.0311737,
        "rotX": 0.0,
        "rotY": 315.0,
        "rotZ": 0.0,
        "scaleX": 11.655468,
        "scaleY": 9.174524,
        "scaleZ": 6.767267
      },
      "Nickname": "",
      "Description": "",
      "GMNotes": "",
      "ColorDiffuse": {
        "r": 0.96,
        "g": 0.438999981,
        "b": 0.807,
        "a": 0.0
      },
      "LayoutGroupSortIndex": 0,
      "Value": 0,
      "Locked": true,
      "Grid": false,
      "Snap": true,
      "IgnoreFoW": false,
      "MeasureMovement": false,
      "DragSelectable": true,
      "Autoraise": true,
      "Sticky": true,
      "Tooltip": true,
      "GridProjection": false,
      "HideWhenFaceDown": false,
      "Hands": false,
      "FogColor": "Pink",
      "LuaScript": "",
      "LuaScriptState": "",
      "XmlUI": ""
    },
    {
      "GUID": "64165b",
      "Name": "HandTrigger",
      "Transform": {
        "posX": -21.5687141,
        "posY": 3.54391527,
        "posZ": -0.20971489,
        "rotX": 0.0,
        "rotY": 90.0,
        "rotZ": 0.0,
        "scaleX": 11.655611,
        "scaleY": 9.174524,
        "scaleZ": 6.76738
      },
      "Nickname": "",
      "Description": "",
      "GMNotes": "",
      "ColorDiffuse": {
        "r": 0.9559999,
        "g": 0.39199996,
        "b": 0.112999953,
        "a": 0.0
      },
      "LayoutGroupSortIndex": 0,
      "Value": 0,
      "Locked": true,
      "Grid": false,
      "Snap": true,
      "IgnoreFoW": false,
      "MeasureMovement": false,
      "DragSelectable": true,
      "Autoraise": true,
      "Sticky": true,
      "Tooltip": true,
      "GridProjection": false,
      "HideWhenFaceDown": false,
      "Hands": false,
      "FogColor": "Orange",
      "LuaScript": "",
      "LuaScriptState": "",
      "XmlUI": ""
    },
    {
      "GUID": "cfb9b9",
      "Name": "Custom_Model",
      "Transform": {
        "posX": 0.7451572,
        "posY": 1.25318575,
        "posZ": -3.34470916,
        "rotX": -2.06234836E-05,
        "rotY": 180.014465,
        "rotZ": 2.92900568E-05,
        "scaleX": 0.625000358,
        "scaleY": 0.625000358,
        "scaleZ": 0.625000358
      },
      "Nickname": "Makari",
      "Description": "",
      "GMNotes": "",
      "ColorDiffuse": {
        "r": 0.847058833,
        "g": 0.847058833,
        "b": 0.847058833
      },
      "LayoutGroupSortIndex": 0,
      "Value": 0,
      "Locked": false,
      "Grid": false,
      "Snap": false,
      "IgnoreFoW": false,
      "MeasureMovement": false,
      "DragSelectable": true,
      "Autoraise": false,
      "Sticky": false,
      "Tooltip": true,
      "GridProjection": false,
      "HideWhenFaceDown": false,
      "Hands": false,
      "CustomMesh": {
        "MeshURL": "http://cloud-3.steamusercontent.com/ugc/1005932647144428238/94778E36A4CB47CF463CFA928145CE0819B14D14/",
        "DiffuseURL": "http://cloud-3.steamusercontent.com/ugc/1005932647144427628/2513E8D33AB191437FB9458DD56E24494F6A2145/",
        "NormalURL": "",
        "ColliderURL": "http://cloud-3.steamusercontent.com/ugc/909072114025566405/DE623BD66F73B5BAEA303E463D9ECB77B0FB1687/",
        "Convex": true,
        "MaterialIndex": 3,
        "TypeIndex": 0,
        "CustomShader": {
          "SpecularColor": {
            "r": 1.0,
            "g": 1.0,
            "b": 1.0
          },
          "SpecularIntensity": 0.0,
          "SpecularSharpness": 2.0,
          "FresnelStrength": 0.0
        },
        "CastShadows": true
      },
      "LuaScript": "",
      "LuaScriptState": "",
      "XmlUI": ""
    },
    {
      "GUID": "c9489e",
      "Name": "Custom_Model",
      "Transform": {
        "posX": -0.00669288868,
        "posY": 1.25433242,
        "posZ": -1.030767,
        "rotX": -1.74447232E-05,
        "rotY": 344.9998,
        "rotZ": -1.053992E-05,
        "scaleX": 1.0,
        "scaleY": 1.0,
        "scaleZ": 1.0
      },
      "Nickname": "Ghazghkull Thraka",
      "Description": "",
      "GMNotes": "",
      "ColorDiffuse": {
        "r": 0.0,
        "g": 0.0,
        "b": 0.0
      },
      "LayoutGroupSortIndex": 0,
      "Value": 0,
      "Locked": false,
      "Grid": true,
      "Snap": true,
      "IgnoreFoW": false,
      "MeasureMovement": false,
      "DragSelectable": true,
      "Autoraise": true,
      "Sticky": true,
      "Tooltip": true,
      "GridProjection": false,
      "HideWhenFaceDown": false,
      "Hands": false,
      "CustomMesh": {
        "MeshURL": "http://cloud-3.steamusercontent.com/ugc/1043093675414914904/5BF90E2203B3A567A488BACE1647347D24BA2E71/",
        "DiffuseURL": "",
        "NormalURL": "",
        "ColliderURL": "http://cloud-3.steamusercontent.com/ugc/1043093675414914904/5BF90E2203B3A567A488BACE1647347D24BA2E71/",
        "Convex": true,
        "MaterialIndex": 1,
        "TypeIndex": 1,
        "CustomShader": {
          "SpecularColor": {
            "r": 0.875,
            "g": 0.812880337,
            "b": 0.7463235
          },
          "SpecularIntensity": 0.05,
          "SpecularSharpness": 2.0,
          "FresnelStrength": 0.107142858
        },
        "CastShadows": true
      },
      "LuaScript": "",
      "LuaScriptState": "",
      "XmlUI": "",
      "ChildObjects": [
        {
          "GUID": "d0a0d3",
          "Name": "Custom_Model",
          "Transform": {
            "posX": 0.0138295675,
            "posY": 0.129765868,
            "posZ": -0.0261205174,
            "rotX": -4.04641069E-05,
            "rotY": 149.991318,
            "rotZ": -3.84887535E-05,
            "scaleX": 0.9999999,
            "scaleY": 1.0,
            "scaleZ": 0.9999999
          },
          "Nickname": "",
          "Description": "",
          "GMNotes": "",
          "ColorDiffuse": {
            "r": 1.0,
            "g": 1.0,
            "b": 1.0
          },
          "LayoutGroupSortIndex": 0,
          "Value": 0,
          "Locked": true,
          "Grid": true,
          "Snap": true,
          "IgnoreFoW": false,
          "MeasureMovement": false,
          "DragSelectable": true,
          "Autoraise": true,
          "Sticky": true,
          "Tooltip": true,
          "GridProjection": false,
          "HideWhenFaceDown": false,
          "Hands": false,
          "CustomMesh": {
            "MeshURL": "http://cloud-3.steamusercontent.com/ugc/1710779905103618834/CD01A1ED4E5A01E6AA12EC4C6C00E7430A92F760/",
            "DiffuseURL": "http://cloud-3.steamusercontent.com/ugc/1710779905103618964/93473B8DD92DF436C945B9CD48D751D24620C537/",
            "NormalURL": "",
            "ColliderURL": "http://cloud-3.steamusercontent.com/ugc/1750180373835528071/337710D75B8C8EF24710E08C2BA869A2D916C8A6/",
            "Convex": true,
            "MaterialIndex": 3,
            "TypeIndex": 1,
            "CustomShader": {
              "SpecularColor": {
                "r": 1.0,
                "g": 1.0,
                "b": 1.0
              },
              "SpecularIntensity": 0.0,
              "SpecularSharpness": 2.0,
              "FresnelStrength": 0.0
            },
            "CastShadows": true
          },
          "LuaScript": "",
          "LuaScriptState": "",
          "XmlUI": ""
        }
      ]
    },
    {
      "GUID": "ae615f",
      "Name": "Custom_Model",
      "Transform": {
        "posX": -3.45416212,
        "posY": 1.25433123,
        "posZ": -0.596789837,
        "rotX": 1.19660945E-05,
        "rotY": 359.990234,
        "rotZ": -3.99833079E-05,
        "scaleX": 1.0,
        "scaleY": 1.0,
        "scaleZ": 1.0
      },
      "Nickname": "Mega Armored Nobz",
      "Description": "",
      "GMNotes": "",
      "ColorDiffuse": {
        "r": 0.0,
        "g": 0.0,
        "b": 0.0
      },
      "LayoutGroupSortIndex": 0,
      "Value": 0,
      "Locked": false,
      "Grid": true,
      "Snap": true,
      "IgnoreFoW": false,
      "MeasureMovement": false,
      "DragSelectable": true,
      "Autoraise": true,
      "Sticky": true,
      "Tooltip": true,
      "GridProjection": false,
      "HideWhenFaceDown": false,
      "Hands": false,
      "CustomMesh": {
        "MeshURL": "http://cloud-3.steamusercontent.com/ugc/1043093675415147438/6B86F444AF4815CE6F0BBB1AEA644476B505AEEF/",
        "DiffuseURL": "",
        "NormalURL": "",
        "ColliderURL": "http://cloud-3.steamusercontent.com/ugc/1043093675414910691/A38AFE0E8955841404269A62127443886ED1BD53/",
        "Convex": true,
        "MaterialIndex": 1,
        "TypeIndex": 1,
        "CustomShader": {
          "SpecularColor": {
            "r": 0.875,
            "g": 0.812880337,
            "b": 0.7463235
          },
          "SpecularIntensity": 0.05,
          "SpecularSharpness": 2.0,
          "FresnelStrength": 0.107142858
        },
        "CastShadows": true
      },
      "LuaScript": "",
      "LuaScriptState": "",
      "XmlUI": "",
      "ChildObjects": [
        {
          "GUID": "ef4071",
          "Name": "Custom_Model",
          "Transform": {
            "posX": 0.0107831527,
            "posY": 0.127394766,
            "posZ": -0.0153365768,
            "rotX": -0.000241433183,
            "rotY": 180.02446,
            "rotZ": 0.000361122,
            "scaleX": 0.9999996,
            "scaleY": 0.99999994,
            "scaleZ": 0.9999996
          },
          "Nickname": "",
          "Description": "",
          "GMNotes": "",
          "ColorDiffuse": {
            "r": 1.0,
            "g": 1.0,
            "b": 1.0
          },
          "LayoutGroupSortIndex": 0,
          "Value": 0,
          "Locked": false,
          "Grid": true,
          "Snap": true,
          "IgnoreFoW": false,
          "MeasureMovement": false,
          "DragSelectable": true,
          "Autoraise": true,
          "Sticky": true,
          "Tooltip": true,
          "GridProjection": false,
          "HideWhenFaceDown": false,
          "Hands": false,
          "CustomMesh": {
            "MeshURL": "http://cloud-3.steamusercontent.com/ugc/1794099437176754512/399AD907ED7E205DDF3A618A4EB9DEC8F04F4F64/",
            "DiffuseURL": "http://cloud-3.steamusercontent.com/ugc/1794099437176754620/5055CB58A70E072F070A17298F80321FED5105E4/",
            "NormalURL": "",
            "ColliderURL": "http://cloud-3.steamusercontent.com/ugc/1750180373835528071/337710D75B8C8EF24710E08C2BA869A2D916C8A6/",
            "Convex": true,
            "MaterialIndex": 3,
            "TypeIndex": 1,
            "CustomShader": {
              "SpecularColor": {
                "r": 1.0,
                "g": 1.0,
                "b": 1.0
              },
              "SpecularIntensity": 0.0,
              "SpecularSharpness": 2.0,
              "FresnelStrength": 0.0
            },
            "CastShadows": true
          },
          "LuaScript": "",
          "LuaScriptState": "",
          "XmlUI": ""
        }
      ]
    },
    {
      "GUID": "49c521",
      "Name": "Custom_Model",
      "Transform": {
        "posX": 2.33140826,
        "posY": 1.25433254,
        "posZ": -2.48472762,
        "rotX": -3.421114E-05,
        "rotY": 14.9876623,
        "rotZ": 9.057076E-06,
        "scaleX": 1.0,
        "scaleY": 1.0,
        "scaleZ": 1.0
      },
      "Nickname": "Mega Armored Nobz",
      "Description": "",
      "GMNotes": "",
      "ColorDiffuse": {
        "r": 0.0,
        "g": 0.0,
        "b": 0.0
      },
      "LayoutGroupSortIndex": 0,
      "Value": 0,
      "Locked": false,
      "Grid": true,
      "Snap": true,
      "IgnoreFoW": false,
      "MeasureMovement": false,
      "DragSelectable": true,
      "Autoraise": true,
      "Sticky": true,
      "Tooltip": true,
      "GridProjection": false,
      "HideWhenFaceDown": false,
      "Hands": false,
      "CustomMesh": {
        "MeshURL": "http://cloud-3.steamusercontent.com/ugc/1043093675415147438/6B86F444AF4815CE6F0BBB1AEA644476B505AEEF/",
        "DiffuseURL": "",
        "NormalURL": "",
        "ColliderURL": "http://cloud-3.steamusercontent.com/ugc/1043093675414910691/A38AFE0E8955841404269A62127443886ED1BD53/",
        "Convex": true,
        "MaterialIndex": 1,
        "TypeIndex": 1,
        "CustomShader": {
          "SpecularColor": {
            "r": 0.875,
            "g": 0.812880337,
            "b": 0.7463235
          },
          "SpecularIntensity": 0.05,
          "SpecularSharpness": 2.0,
          "FresnelStrength": 0.107142858
        },
        "CastShadows": true
      },
      "LuaScript": "",
      "LuaScriptState": "",
      "XmlUI": "",
      "ChildObjects": [
        {
          "GUID": "abeadd",
          "Name": "Custom_Model",
          "Transform": {
            "posX": 0.0119925253,
            "posY": 0.1273918,
            "posZ": -0.00462138467,
            "rotX": -0.000589971547,
            "rotY": 164.940552,
            "rotZ": 0.000322349166,
            "scaleX": 0.9999999,
            "scaleY": 1.0,
            "scaleZ": 0.9999999
          },
          "Nickname": "",
          "Description": "",
          "GMNotes": "",
          "ColorDiffuse": {
            "r": 1.0,
            "g": 1.0,
            "b": 1.0
          },
          "LayoutGroupSortIndex": 0,
          "Value": 0,
          "Locked": false,
          "Grid": true,
          "Snap": true,
          "IgnoreFoW": false,
          "MeasureMovement": false,
          "DragSelectable": true,
          "Autoraise": true,
          "Sticky": true,
          "Tooltip": true,
          "GridProjection": false,
          "HideWhenFaceDown": false,
          "Hands": false,
          "CustomMesh": {
            "MeshURL": "http://cloud-3.steamusercontent.com/ugc/1794099437178040327/55BD7A8156A16A846C61E48794660FBC92E07EF2/",
            "DiffuseURL": "http://cloud-3.steamusercontent.com/ugc/1794099437178040456/3A81E9A684BC14D2DA9A9BDA74B99E0086C7D5A6/",
            "NormalURL": "",
            "ColliderURL": "http://cloud-3.steamusercontent.com/ugc/1750180373835528071/337710D75B8C8EF24710E08C2BA869A2D916C8A6/",
            "Convex": true,
            "MaterialIndex": 3,
            "TypeIndex": 1,
            "CustomShader": {
              "SpecularColor": {
                "r": 1.0,
                "g": 1.0,
                "b": 1.0
              },
              "SpecularIntensity": 0.0,
              "SpecularSharpness": 2.0,
              "FresnelStrength": 0.0
            },
            "CastShadows": true
          },
          "LuaScript": "",
          "LuaScriptState": "",
          "XmlUI": ""
        }
      ]
    },
    {
      "GUID": "62488f",
      "Name": "Custom_Model",
      "Transform": {
        "posX": 3.218189,
        "posY": 1.25433207,
        "posZ": -0.636719346,
        "rotX": 3.52017742E-06,
        "rotY": 44.9999466,
        "rotZ": -3.72922955E-06,
        "scaleX": 1.0,
        "scaleY": 1.0,
        "scaleZ": 1.0
      },
      "Nickname": "Mega Armored Nobz",
      "Description": "",
      "GMNotes": "",
      "ColorDiffuse": {
        "r": 0.0,
        "g": 0.0,
        "b": 0.0
      },
      "LayoutGroupSortIndex": 0,
      "Value": 0,
      "Locked": false,
      "Grid": true,
      "Snap": true,
      "IgnoreFoW": false,
      "MeasureMovement": false,
      "DragSelectable": true,
      "Autoraise": true,
      "Sticky": true,
      "Tooltip": true,
      "GridProjection": false,
      "HideWhenFaceDown": false,
      "Hands": false,
      "CustomMesh": {
        "MeshURL": "http://cloud-3.steamusercontent.com/ugc/1043093675415147438/6B86F444AF4815CE6F0BBB1AEA644476B505AEEF/",
        "DiffuseURL": "",
        "NormalURL": "",
        "ColliderURL": "http://cloud-3.steamusercontent.com/ugc/1043093675414910691/A38AFE0E8955841404269A62127443886ED1BD53/",
        "Convex": true,
        "MaterialIndex": 1,
        "TypeIndex": 1,
        "CustomShader": {
          "SpecularColor": {
            "r": 0.875,
            "g": 0.812880337,
            "b": 0.7463235
          },
          "SpecularIntensity": 0.05,
          "SpecularSharpness": 2.0,
          "FresnelStrength": 0.107142858
        },
        "CastShadows": true
      },
      "LuaScript": "",
      "LuaScriptState": "",
      "XmlUI": "",
      "ChildObjects": [
        {
          "GUID": "9aebee",
          "Name": "Custom_Model",
          "Transform": {
            "posX": 0.009978505,
            "posY": 0.127396941,
            "posZ": -0.0190455541,
            "rotX": -0.000128945845,
            "rotY": 134.989822,
            "rotZ": 0.000179377559,
            "scaleX": 0.999999762,
            "scaleY": 1.0,
            "scaleZ": 0.999999762
          },
          "Nickname": "",
          "Description": "",
          "GMNotes": "",
          "ColorDiffuse": {
            "r": 1.0,
            "g": 1.0,
            "b": 1.0
          },
          "LayoutGroupSortIndex": 0,
          "Value": 0,
          "Locked": false,
          "Grid": true,
          "Snap": true,
          "IgnoreFoW": false,
          "MeasureMovement": false,
          "DragSelectable": true,
          "Autoraise": true,
          "Sticky": true,
          "Tooltip": true,
          "GridProjection": false,
          "HideWhenFaceDown": false,
          "Hands": false,
          "CustomMesh": {
            "MeshURL": "http://cloud-3.steamusercontent.com/ugc/1794099437178040649/5384DAAA2A664F4E80A105377E40C01939A2F2BF/",
            "DiffuseURL": "http://cloud-3.steamusercontent.com/ugc/1794099437178040747/2FA72B5234CBB22ED5F24561D2011674000E4CBB/",
            "NormalURL": "",
            "ColliderURL": "http://cloud-3.steamusercontent.com/ugc/1750180373835528071/337710D75B8C8EF24710E08C2BA869A2D916C8A6/",
            "Convex": true,
            "MaterialIndex": 3,
            "TypeIndex": 1,
            "CustomShader": {
              "SpecularColor": {
                "r": 1.0,
                "g": 1.0,
                "b": 1.0
              },
              "SpecularIntensity": 0.0,
              "SpecularSharpness": 2.0,
              "FresnelStrength": 0.0
            },
            "CastShadows": true
          },
          "LuaScript": "",
          "LuaScriptState": "",
          "XmlUI": ""
        }
      ]
    },
    {
      "GUID": "ba796a",
      "Name": "Custom_Model",
      "Transform": {
        "posX": -2.53221,
        "posY": 1.25433123,
        "posZ": -2.48853636,
        "rotX": 9.07972E-06,
        "rotY": 359.97995,
        "rotZ": 1.45242357E-05,
        "scaleX": 1.0,
        "scaleY": 1.0,
        "scaleZ": 1.0
      },
      "Nickname": "Mega Armored Nobz",
      "Description": "",
      "GMNotes": "",
      "ColorDiffuse": {
        "r": 0.0,
        "g": 0.0,
        "b": 0.0
      },
      "LayoutGroupSortIndex": 0,
      "Value": 0,
      "Locked": false,
      "Grid": true,
      "Snap": true,
      "IgnoreFoW": false,
      "MeasureMovement": false,
      "DragSelectable": true,
      "Autoraise": true,
      "Sticky": true,
      "Tooltip": true,
      "GridProjection": false,
      "HideWhenFaceDown": false,
      "Hands": false,
      "CustomMesh": {
        "MeshURL": "http://cloud-3.steamusercontent.com/ugc/1043093675415147438/6B86F444AF4815CE6F0BBB1AEA644476B505AEEF/",
        "DiffuseURL": "",
        "NormalURL": "",
        "ColliderURL": "http://cloud-3.steamusercontent.com/ugc/1043093675414910691/A38AFE0E8955841404269A62127443886ED1BD53/",
        "Convex": true,
        "MaterialIndex": 1,
        "TypeIndex": 1,
        "CustomShader": {
          "SpecularColor": {
            "r": 0.875,
            "g": 0.812880337,
            "b": 0.7463235
          },
          "SpecularIntensity": 0.05,
          "SpecularSharpness": 2.0,
          "FresnelStrength": 0.107142858
        },
        "CastShadows": true
      },
      "LuaScript": "",
      "LuaScriptState": "",
      "XmlUI": "",
      "ChildObjects": [
        {
          "GUID": "fb8d85",
          "Name": "Custom_Model",
          "Transform": {
            "posX": -0.00759524,
            "posY": 0.1273976,
            "posZ": -0.008285558,
            "rotX": -0.000136053946,
            "rotY": 149.9114,
            "rotZ": 0.000301846536,
            "scaleX": 1.0,
            "scaleY": 1.0,
            "scaleZ": 1.0
          },
          "Nickname": "",
          "Description": "",
          "GMNotes": "",
          "ColorDiffuse": {
            "r": 1.0,
            "g": 1.0,
            "b": 1.0
          },
          "LayoutGroupSortIndex": 0,
          "Value": 0,
          "Locked": false,
          "Grid": true,
          "Snap": true,
          "IgnoreFoW": false,
          "MeasureMovement": false,
          "DragSelectable": true,
          "Autoraise": true,
          "Sticky": true,
          "Tooltip": true,
          "GridProjection": false,
          "HideWhenFaceDown": false,
          "Hands": false,
          "CustomMesh": {
            "MeshURL": "http://cloud-3.steamusercontent.com/ugc/1794099437178040999/C816B267E28F6A14CEED0365591AD10EE591D39C/",
            "DiffuseURL": "http://cloud-3.steamusercontent.com/ugc/1794099437178041105/A71038AEA157171866E048F9FB0FE4AF825F773E/",
            "NormalURL": "",
            "ColliderURL": "http://cloud-3.steamusercontent.com/ugc/1750180373835528071/337710D75B8C8EF24710E08C2BA869A2D916C8A6/",
            "Convex": true,
            "MaterialIndex": 3,
            "TypeIndex": 1,
            "CustomShader": {
              "SpecularColor": {
                "r": 1.0,
                "g": 1.0,
                "b": 1.0
              },
              "SpecularIntensity": 0.0,
              "SpecularSharpness": 2.0,
              "FresnelStrength": 0.0
            },
            "CastShadows": true
          },
          "LuaScript": "",
          "LuaScriptState": "",
          "XmlUI": ""
        }
      ]
    }
  ]
}